RA,Fase,Turma,Gênero,Ano ingresso,Instituição de ensino,Pedra 20,Pedra 21,Pedra 22,INDE 22,Cg,Cf,Ct,Nº Av,Avaliador1,Avaliador2,Avaliador3,Avaliador4,IAA,IEG,IPS,IDA,Mat,Por,Ing,IPV,IAN,Fase_Ideal,Defasagem,IPP,INDE 23,INDE_ano_atual,pedra_ano_atual,ano,Fase_Ideal_1,Fase_Ideal_2
RA-1,7,A,Feminino,2016,Escola Pública,Ametista,Ametista,Quartzo,5.783,753.0,18.0,10.0,4.0,Avaliador-5,Avaliador-27,Avaliador-28,Avaliador-31,8.3,4.1,5.6,4.0,2.7,3.5,6.0,7.278,5.0,Fase 8 (Universitários),-1,7.3125,,5.783,Quartzo,2022,Fase 8,Universitários
RA-2,7,A,Feminino,2017,Rede Decisão,Ametista,Ametista,Ametista,7.055,469.0,8.0,3.0,4.0,Avaliador-5,Avaliador-27,Avaliador-28,Avaliador-31,8.8,5.2,6.3,6.8,6.3,4.5,9.7,6.778,10.0,Fase 7 (3º EM),0,7.893999999999997,,7.055,Ametista,2022,Fase 7,3° EM
RA-3,7,A,Feminino,2016,Rede Decisão,Ametista,Ametista,Ágata,6.591,629.0,13.0,6.0,4.0,Avaliador-5,Avaliador-27,Avaliador-28,Avaliador-31,0.0,7.9,5.6,5.6,5.8,4.0,6.9,7.556,10.0,Fase 7 (3º EM),0,8.197999999999999,,6.591,Ágata,2022,Fase 7,3° EM
RA-4,7,A,Masculino,2017,Rede Decisão,Ametista,Ametista,Quartzo,5.951,731.0,15.0,7.0,4.0,Avaliador-5,Avaliador-27,Avaliador-28,Avaliador-31,8.8,4.5,5.6,5.0,2.8,3.5,8.7,5.278,10.0,Fase 7 (3º EM),0,5.553999999999997,,5.951,Quartzo,2022,Fase 7,3° EM
RA-5,7,A,Feminino,2016,Rede Decisão,Ametista,Ametista,Ametista,7.427,344.0,6.0,2.0,4.0,Avaliador-5,Avaliador-27,Avaliador-28,Avaliador-31,7.9,8.6,5.6,5.2,7.0,2.9,5.7,7.389,10.0,Fase 7 (3º EM),0,8.392,,7.427,Ametista,2022,Fase 7,3° EM
RA-6,7,A,Feminino,2021,Escola Pública,,Ágata,Quartzo,5.848,745.0,16.0,8.0,4.0,Avaliador-5,Avaliador-27,Avaliador-28,Avaliador-31,7.9,4.5,7.5,3.3,2.3,5.3,2.3,7.222,5.0,Fase 8 (Universitários),-1,7.1875,,5.848,Quartzo,2022,Fase 8,Universitários
RA-7,7,A,Masculino,2017,Rede Decisão,Ametista,Ametista,Ágata,6.818,550.0,11.0,5.0,4.0,Avaliador-5,Avaliador-27,Avaliador-28,Avaliador-31,0.0,8.4,7.5,7.6,8.2,5.7,9.0,7.667,5.0,Fase 8 (Universitários),-1,7.59375,,6.818,Ágata,2022,Fase 8,Universitários
RA-8,7,A,Feminino,2018,Escola Pública,Quartzo,Ágata,Quartzo,4.786,836.0,21.0,13.0,4.0,Avaliador-5,Avaliador-27,Avaliador-28,Avaliador-31,7.1,4.6,6.3,1.6,1.2,0.7,2.9,6.278,5.0,Fase 8 (Universitários),-1,7.34375,,4.786,Quartzo,2022,Fase 8,Universitários
RA-9,7,A,Feminino,2019,Escola Pública,Ametista,Ametista,Topázio,8.109,113.0,1.0,1.0,4.0,Avaliador-5,Avaliador-27,Avaliador-28,Avaliador-31,8.8,9.5,7.5,6.7,5.5,6.0,8.7,9.5,5.0,Fase 8 (Universitários),-1,7.80625,,8.109,Topázio,2022,Fase 8,Universitários
RA-10,7,A,Feminino,2021,Escola Pública,,Ágata,Quartzo,5.784,752.0,17.0,9.0,4.0,Avaliador-5,Avaliador-27,Avaliador-28,Avaliador-31,8.3,5.2,5.0,4.1,3.3,2.6,6.4,7.056,5.0,Fase 8 (Universitários),-1,7.1875,,5.784,Quartzo,2022,Fase 8,Universitários
RA-11,7,A,Feminino,2016,Escola Pública,Quartzo,Ágata,Quartzo,5.323,799.0,19.0,11.0,4.0,Avaliador-5,Avaliador-27,Avaliador-28,Avaliador-31,9.2,4.2,5.0,3.0,1.8,2.5,4.5,6.389,5.0,Fase 8 (Universitários),-1,7.1875,,5.323,Quartzo,2022,Fase 8,Universitários
RA-12,7,A,Feminino,2020,Escola Pública,Ágata,Ágata,Quartzo,4.832,834.0,20.0,12.0,4.0,Avaliador-5,Avaliador-27,Avaliador-28,Avaliador-31,0.0,4.0,6.9,1.5,2.7,1.1,0.7,6.389,10.0,Fase 7 (3º EM),0,7.641999999999998,,4.832,Quartzo,2022,Fase 7,3° EM
RA-13,7,A,Masculino,2016,Escola Pública,Ametista,Ametista,Ágata,6.902,524.0,10.0,4.0,4.0,Avaliador-5,Avaliador-27,Avaliador-28,Avaliador-31,7.9,7.4,7.5,4.7,3.5,5.5,5.2,8.056,5.0,Fase 8 (Universitários),-1,7.70625,,6.902,Ágata,2022,Fase 8,Universitários
RA-14,7,D,Masculino,2022,Escola Pública,,,Ágata,6.793,558.0,12.0,7.0,4.0,Avaliador-6,Avaliador-27,Avaliador-29,Avaliador-31,7.9,8.3,7.5,4.0,8.0,0.0,,7.75,5.0,Fase 8 (Universitários),-1,7.58125,,6.793,Ágata,2022,Fase 8,Universitários
RA-15,7,D,Masculino,2022,Escola Pública,,,Ametista,7.783,207.0,3.0,2.0,4.0,Avaliador-6,Avaliador-27,Avaliador-29,Avaliador-31,8.8,10.0,7.5,7.3,8.0,6.5,,7.292,5.0,Fase 8 (Universitários),-1,7.80625,,7.783,Ametista,2022,Fase 8,Universitários
RA-16,7,D,Masculino,2022,Escola Pública,,,Ágata,6.112,706.0,14.0,8.0,4.0,Avaliador-6,Avaliador-27,Avaliador-29,Avaliador-31,7.9,8.3,5.0,3.5,7.0,0.0,,6.333,5.0,Fase 8 (Universitários),-1,7.34375,,6.112,Ágata,2022,Fase 8,Universitários
RA-17,7,D,Masculino,2022,Escola Pública,,,Topázio,8.068,125.0,2.0,1.0,4.0,Avaliador-6,Avaliador-27,Avaliador-29,Avaliador-31,8.8,10.0,7.5,7.8,9.0,6.5,,8.292,5.0,Fase 8 (Universitários),-1,7.80625,,8.068,Topázio,2022,Fase 8,Universitários
RA-18,7,D,Masculino,2022,Escola Pública,,,Ametista,7.226,418.0,7.0,5.0,4.0,Avaliador-6,Avaliador-27,Avaliador-29,Avaliador-31,6.3,8.7,6.3,9.0,9.0,9.0,,6.875,5.0,Fase 8 (Universitários),-1,7.50625,,7.226,Ametista,2022,Fase 8,Universitários
RA-19,7,D,Feminino,2022,Escola Pública,,,Ametista,7.665,248.0,4.0,3.0,4.0,Avaliador-6,Avaliador-27,Avaliador-29,Avaliador-31,7.9,9.5,7.5,8.0,7.0,9.0,,7.0,5.0,Fase 8 (Universitários),-1,7.80625,,7.665,Ametista,2022,Fase 8,Universitários
RA-20,7,D,Feminino,2022,Escola Pública,,,Ametista,7.535,296.0,5.0,4.0,4.0,Avaliador-6,Avaliador-27,Avaliador-29,Avaliador-31,7.1,10.0,6.3,7.8,9.0,6.5,,7.167,5.0,Fase 8 (Universitários),-1,7.50625,,7.535,Ametista,2022,Fase 8,Universitários
RA-21,7,D,Masculino,2022,Escola Pública,,,Ágata,6.945,508.0,9.0,6.0,4.0,Avaliador-6,Avaliador-27,Avaliador-29,Avaliador-31,9.6,9.2,7.5,3.8,7.0,0.5,,7.25,5.0,Fase 8 (Universitários),-1,7.375,,6.945,Ágata,2022,Fase 8,Universitários
RA-22,6,A,Feminino,2019,Rede Decisão,Ametista,Ágata,Ametista,7.474,327.0,10.0,10.0,4.0,Avaliador-5,Avaliador-27,Avaliador-28,Avaliador-31,8.3,7.4,8.1,6.7,9.0,3.1,7.8,8.833,5.0,Fase 7 (3º EM),-1,7.4739999999999895,,7.474,Ametista,2022,Fase 7,3° EM
RA-23,6,A,Masculino,2021,Escola Pública,,Ametista,Ametista,7.677,243.0,8.0,8.0,4.0,Avaliador-5,Avaliador-27,Avaliador-28,Avaliador-31,8.3,8.2,8.1,6.7,7.2,4.7,8.2,8.556,5.0,Fase 7 (3º EM),-1,8.457999999999988,,7.677,Ametista,2022,Fase 7,3° EM
RA-24,6,A,Feminino,2021,Rede Decisão,,Topázio,Topázio,8.087,119.0,5.0,5.0,4.0,Avaliador-5,Avaliador-27,Avaliador-28,Avaliador-31,9.2,7.9,6.9,8.6,10.0,6.3,9.7,9.111,5.0,Fase 7 (3º EM),-1,8.547999999999991,,8.087,Topázio,2022,Fase 7,3° EM
RA-25,6,A,Feminino,2021,Escola Pública,,Topázio,Ametista,7.979,147.0,6.0,6.0,4.0,Avaliador-5,Avaliador-27,Avaliador-28,Avaliador-31,8.3,8.3,8.8,6.9,9.2,3.8,7.7,9.667,5.0,Fase 7 (3º EM),-1,7.956000000000003,,7.979,Ametista,2022,Fase 7,3° EM
RA-26,6,A,Masculino,2022,Escola Pública,,,Topázio,8.677,17.0,3.0,3.0,4.0,Avaliador-5,Avaliador-27,Avaliador-28,Avaliador-31,9.6,8.8,10.0,8.0,9.5,4.4,10.0,10.0,5.0,Fase 7 (3º EM),-1,8.569999999999993,,8.677,Topázio,2022,Fase 7,3° EM
RA-27,6,A,Masculino,2016,Rede Decisão,Topázio,Ametista,Ametista,7.124,449.0,12.0,12.0,4.0,Avaliador-5,Avaliador-27,Avaliador-28,Avaliador-31,0.0,7.6,8.1,8.0,7.7,6.3,10.0,9.111,5.0,Fase 7 (3º EM),-1,8.717999999999995,,7.124,Ametista,2022,Fase 7,3° EM
RA-28,6,A,Feminino,2019,Escola Pública,Ametista,Ametista,Ágata,6.242,698.0,14.0,14.0,4.0,Avaliador-5,Avaliador-27,Avaliador-28,Avaliador-31,7.9,6.1,7.5,5.0,8.2,1.5,5.3,6.333,5.0,Fase 7 (3º EM),-1,7.153999999999998,,6.242,Ágata,2022,Fase 7,3° EM
RA-29,6,A,Masculino,2022,Escola Pública,,,Quartzo,4.985,821.0,16.0,16.0,4.0,Avaliador-5,Avaliador-27,Avaliador-28,Avaliador-31,0.0,4.0,8.8,3.7,6.3,1.1,3.8,7.611,5.0,Fase 7 (3º EM),-1,5.428000000000006,,4.985,Quartzo,2022,Fase 7,3° EM
RA-30,6,A,Feminino,2021,Escola Pública,,Ametista,Ametista,7.605,270.0,9.0,9.0,4.0,Avaliador-5,Avaliador-27,Avaliador-28,Avaliador-31,8.8,6.4,7.5,7.5,8.5,4.4,9.7,7.333,10.0,Fase 6 (2º EM),0,7.284000000000006,,7.605,Ametista,2022,Fase 6,2° EM
RA-31,6,A,Feminino,2019,Rede Decisão,Topázio,Topázio,Topázio,8.843,9.0,2.0,2.0,4.0,Avaliador-5,Avaliador-27,Avaliador-28,Avaliador-31,10.0,9.5,9.4,8.0,9.0,5.7,9.3,10.0,5.0,Fase 7 (3º EM),-1,9.029999999999996,,8.843,Topázio,2022,Fase 7,3° EM
RA-32,6,A,Feminino,2018,Rede Decisão,Ametista,Ametista,Ametista,7.37,370.0,11.0,11.0,4.0,Avaliador-5,Avaliador-27,Avaliador-28,Avaliador-31,8.8,5.2,8.8,6.1,5.7,3.6,8.9,7.944,10.0,Fase 6 (2º EM),0,7.612000000000005,,7.37,Ametista,2022,Fase 6,2° EM
RA-33,6,A,Feminino,2020,Escola Pública,Ágata,Ametista,Quartzo,4.952,824.0,17.0,17.0,4.0,Avaliador-5,Avaliador-27,Avaliador-28,Avaliador-31,0.0,4.6,7.5,4.8,9.0,1.6,3.7,6.0,5.0,Fase 7 (3º EM),-1,6.219999999999999,,4.952,Quartzo,2022,Fase 7,3° EM
RA-34,6,A,Masculino,2016,Rede Decisão,Ametista,Ametista,Ágata,6.259,692.0,13.0,13.0,4.0,Avaliador-5,Avaliador-27,Avaliador-28,Avaliador-31,9.6,4.8,8.1,3.8,4.7,4.0,2.8,7.278,5.0,Fase 7 (3º EM),-1,8.134000000000006,,6.259,Ágata,2022,Fase 7,3° EM
RA-35,6,A,Feminino,2019,Rede Decisão,Ametista,Topázio,Topázio,8.965,5.0,1.0,1.0,4.0,Avaliador-5,Avaliador-27,Avaliador-28,Avaliador-31,10.0,9.6,9.4,8.5,9.0,7.1,9.3,10.0,5.0,Fase 7 (3º EM),-1,9.049999999999994,,8.965,Topázio,2022,Fase 7,3° EM
RA-36,6,A,Feminino,2019,Rede Decisão,Topázio,Ametista,Ametista,7.876,177.0,7.0,7.0,4.0,Avaliador-5,Avaliador-27,Avaliador-28,Avaliador-31,9.2,9.0,6.9,6.8,8.5,4.3,7.8,8.944,5.0,Fase 7 (3º EM),-1,8.171999999999997,,7.876,Ametista,2022,Fase 7,3° EM
RA-37,6,A,Feminino,2019,Rede Decisão,Ametista,Ágata,Quartzo,4.95,825.0,18.0,18.0,4.0,Avaliador-5,Avaliador-27,Avaliador-28,Avaliador-31,0.0,5.4,5.0,5.9,2.3,5.3,10.0,5.222,5.0,Fase 7 (3º EM),-1,6.4559999999999995,,4.95,Quartzo,2022,Fase 7,3° EM
RA-38,6,A,Feminino,2017,Rede Decisão,Ametista,Ametista,Topázio,8.523,31.0,4.0,4.0,4.0,Avaliador-5,Avaliador-27,Avaliador-28,Avaliador-31,9.2,8.9,7.5,8.6,9.0,7.0,9.7,9.833,5.0,Fase 7 (3º EM),-1,8.864,,8.523,Topázio,2022,Fase 7,3° EM
RA-39,6,A,Feminino,2017,Rede Decisão,Ametista,Ametista,Ágata,6.033,722.0,15.0,15.0,4.0,Avaliador-5,Avaliador-27,Avaliador-28,Avaliador-31,0.0,4.8,6.9,6.9,7.7,5.1,7.8,6.111,10.0,Fase 6 (2º EM),0,7.808000000000002,,6.033,Quartzo,2022,Fase 6,2° EM
RA-40,5,A,Feminino,2016,Rede Decisão,Ametista,Ágata,Ametista,7.203,429.0,27.0,3.0,3.0,Avaliador-5,Avaliador-27,Avaliador-24,Avaliador-31,7.9,7.8,7.5,6.8,4.7,7.3,8.4,7.75,5.0,Fase 6 (2º EM),-1,6.930000000000005,,7.203,Ametista,2022,Fase 6,2° EM
RA-41,5,A,Masculino,2018,Escola Pública,Ágata,Ágata,Quartzo,5.581,777.0,51.0,9.0,3.0,Avaliador-5,Avaliador-27,Avaliador-24,Avaliador-31,9.2,6.1,5.0,5.6,6.3,2.5,8.0,4.375,5.0,Fase 7 (3º EM),-2,4.460000000000006,,5.581,Quartzo,2022,Fase 7,3° EM
RA-42,5,A,Masculino,2019,Rede Decisão,Topázio,Ametista,Ágata,6.72,582.0,33.0,5.0,3.0,Avaliador-5,Avaliador-27,Avaliador-24,Avaliador-31,8.3,7.9,5.6,4.8,3.7,4.5,6.2,6.083,10.0,Fase 5 (1º EM),0,5.7340000000000035,,6.72,Ágata,2022,Fase 5,1° EM
RA-43,5,A,Feminino,2019,Escola Pública,Ametista,Ágata,Quartzo,5.486,791.0,54.0,11.0,3.0,Avaliador-5,Avaliador-27,Avaliador-24,Avaliador-31,6.3,6.5,5.6,4.3,4.0,5.8,3.2,5.958,5.0,Fase 6 (2º EM),-1,4.443999999999999,,5.486,Quartzo,2022,Fase 6,2° EM
RA-44,5,A,Feminino,2021,Escola Pública,,Ametista,Quartzo,5.542,785.0,52.0,10.0,3.0,Avaliador-5,Avaliador-27,Avaliador-24,Avaliador-31,5.0,5.9,7.5,3.0,2.3,3.5,3.2,7.292,5.0,Fase 7 (3º EM),-2,5.535999999999994,,5.542,Quartzo,2022,Fase 7,3° EM
RA-45,5,A,Feminino,2019,Rede Decisão,Ametista,Topázio,Ametista,7.591,277.0,17.0,2.0,3.0,Avaliador-5,Avaliador-27,Avaliador-24,Avaliador-31,7.9,8.9,5.6,6.8,6.3,5.2,8.8,7.417,10.0,Fase 5 (1º EM),0,6.176000000000004,,7.591,Ametista,2022,Fase 5,1° EM
RA-46,5,A,Feminino,2022,Escola Pública,,,Ágata,6.048,719.0,46.0,7.0,3.0,Avaliador-5,Avaliador-27,Avaliador-24,Avaliador-31,8.8,8.4,6.3,2.1,2.8,2.8,0.7,7.083,5.0,Fase 7 (3º EM),-2,5.213999999999999,,6.048,Quartzo,2022,Fase 7,3° EM
RA-47,5,A,Feminino,2022,Escola Pública,,,Quartzo,5.677,762.0,49.0,8.0,3.0,Avaliador-5,Avaliador-27,Avaliador-24,Avaliador-31,7.9,6.3,7.5,2.1,2.5,2.2,1.5,7.042,5.0,Fase 7 (3º EM),-2,5.485999999999995,,5.677,Quartzo,2022,Fase 7,3° EM
RA-48,5,A,Feminino,2017,Rede Decisão,Ametista,Ametista,Ametista,8.006,140.0,10.0,1.0,3.0,Avaliador-5,Avaliador-27,Avaliador-24,Avaliador-31,6.7,8.4,7.5,8.1,6.7,8.0,9.5,8.5,10.0,Fase 5 (1º EM),0,5.859999999999994,,8.006,Topázio,2022,Fase 5,1° EM
RA-49,5,A,Feminino,2022,Escola Pública,,,Ágata,6.304,687.0,42.0,6.0,3.0,Avaliador-5,Avaliador-27,Avaliador-24,Avaliador-31,7.5,7.4,7.5,3.9,1.5,4.2,6.2,7.042,5.0,Fase 7 (3º EM),-2,6.356000000000002,,6.304,Ágata,2022,Fase 7,3° EM
RA-50,5,A,Feminino,2022,Escola Pública,,,Ametista,7.138,445.0,28.0,4.0,3.0,Avaliador-5,Avaliador-27,Avaliador-24,Avaliador-31,7.5,8.4,7.5,7.8,6.5,7.3,9.7,7.542,2.5,Fase 8 (Universitários),-3,7.80625,,7.138,Ametista,2022,Fase 8,Universitários
RA-51,5,B,Feminino,2022,Escola Pública,,,Ágata,6.488,645.0,39.0,13.0,3.0,Avaliador-5,Avaliador-27,Avaliador-24,Avaliador-31,8.8,7.6,7.5,5.0,4.5,4.5,6.0,6.5,5.0,Fase 7 (3º EM),-2,5.380000000000003,,6.488,Ágata,2022,Fase 7,3° EM
RA-52,5,B,Masculino,2018,Rede Decisão,Topázio,Ametista,Ametista,7.861,183.0,12.0,5.0,3.0,Avaliador-5,Avaliador-27,Avaliador-24,Avaliador-31,9.6,8.9,7.5,6.2,3.3,6.3,8.8,7.5,10.0,Fase 3 (7º e 8º ano),2,6.309999999999993,,7.861,Ametista,2022,Fase 3,7° e 8° ano
RA-53,5,B,Masculino,2022,Escola Pública,,,Ágata,6.725,579.0,32.0,11.0,3.0,Avaliador-5,Avaliador-27,Avaliador-24,Avaliador-31,9.2,7.0,7.5,7.0,6.0,8.0,,6.458,5.0,Fase 7 (3º EM),-2,4.6339999999999915,,6.725,Ágata,2022,Fase 7,3° EM
RA-54,5,B,Feminino,2022,Escola Pública,,,Ágata,6.058,716.0,45.0,14.0,3.0,Avaliador-5,Avaliador-27,Avaliador-24,Avaliador-31,7.9,6.9,7.5,4.8,3.0,6.5,,6.125,5.0,Fase 6 (2º EM),-1,4.529999999999994,,6.058,Quartzo,2022,Fase 6,2° EM
RA-55,5,B,Feminino,2017,Escola Pública,Ametista,Ametista,Ágata,6.576,634.0,38.0,12.0,3.0,Avaliador-5,Avaliador-27,Avaliador-24,Avaliador-31,7.1,7.6,5.6,7.5,6.7,7.8,7.9,6.5,5.0,Fase 6 (2º EM),-1,4.859999999999998,,6.576,Ágata,2022,Fase 6,2° EM
RA-56,5,B,Feminino,2019,Rede Decisão,Topázio,Topázio,Topázio,8.404,46.0,7.0,1.0,3.0,Avaliador-5,Avaliador-27,Avaliador-24,Avaliador-31,10.0,10.0,7.5,7.0,4.5,6.5,10.0,8.25,10.0,Fase 5 (1º EM),0,6.039999999999992,,8.404,Topázio,2022,Fase 5,1° EM
RA-57,5,B,Masculino,2017,Rede Decisão,Ametista,Ametista,Ametista,7.305,388.0,25.0,10.0,3.0,Avaliador-5,Avaliador-27,Avaliador-24,Avaliador-31,7.1,8.1,5.6,8.4,9.0,7.0,9.3,7.875,5.0,Fase 6 (2º EM),-1,6.600000000000001,,7.305,Ametista,2022,Fase 6,2° EM
RA-58,5,B,Masculino,2017,Rede Decisão,Topázio,Topázio,Topázio,8.136,103.0,9.0,3.0,3.0,Avaliador-5,Avaliador-27,Avaliador-24,Avaliador-31,9.6,9.2,6.3,7.2,4.5,8.0,9.0,8.125,10.0,Fase 5 (1º EM),0,6.409999999999991,,8.136,Topázio,2022,Fase 5,1° EM
RA-59,5,B,Masculino,2022,Escola Pública,,,Ametista,7.642,257.0,15.0,7.0,3.0,Avaliador-5,Avaliador-27,Avaliador-24,Avaliador-31,9.2,9.3,7.5,7.2,7.0,5.7,8.8,7.917,5.0,Fase 7 (3º EM),-2,5.885999999999996,,7.642,Ametista,2022,Fase 7,3° EM
RA-60,5,B,Feminino,2021,Escola Pública,,Quartzo,Quartzo,5.537,787.0,53.0,16.0,3.0,Avaliador-5,Avaliador-27,Avaliador-24,Avaliador-31,6.7,6.0,7.5,4.9,5.0,6.2,3.5,6.167,2.5,Fase 8 (Universitários),-3,7.34375,,5.537,Quartzo,2022,Fase 8,Universitários
RA-61,5,B,Masculino,2021,Escola Pública,,Ágata,Ametista,7.533,298.0,20.0,8.0,3.0,Avaliador-5,Avaliador-27,Avaliador-24,Avaliador-31,9.2,7.4,7.5,5.8,1.7,6.3,9.3,7.875,10.0,Fase 5 (1º EM),0,6.479999999999997,,7.533,Ametista,2022,Fase 5,1° EM
RA-62,5,B,Masculino,2022,Escola Pública,,,Ametista,7.891,173.0,11.0,4.0,3.0,Avaliador-5,Avaliador-27,Avaliador-24,Avaliador-31,8.8,9.4,7.5,9.3,8.5,10.0,,7.25,5.0,Fase 7 (3º EM),-2,5.709999999999997,,7.891,Ametista,2022,Fase 7,3° EM
RA-63,5,B,Masculino,2018,Rede Decisão,Ametista,Ametista,Topázio,8.282,64.0,8.0,2.0,3.0,Avaliador-5,Avaliador-27,Avaliador-24,Avaliador-31,8.3,9.1,8.8,8.7,8.2,8.2,9.7,9.417,5.0,Fase 6 (2º EM),-1,6.285999999999996,,8.282,Topázio,2022,Fase 6,2° EM
RA-64,5,B,Masculino,2019,Escola Pública,Ametista,Topázio,Ametista,7.368,372.0,23.0,9.0,3.0,Avaliador-5,Avaliador-27,Avaliador-24,Avaliador-31,7.1,8.1,8.1,7.5,4.8,8.2,9.4,8.25,5.0,Fase 6 (2º EM),-1,5.779999999999994,,7.368,Ametista,2022,Fase 6,2° EM
RA-65,5,B,Feminino,2022,Escola Pública,,,Ametista,7.712,232.0,13.0,6.0,3.0,Avaliador-5,Avaliador-27,Avaliador-24,Avaliador-31,8.3,7.7,7.5,9.3,9.0,9.5,9.5,7.875,5.0,Fase 7 (3º EM),-2,6.569999999999991,,7.712,Ametista,2022,Fase 7,3° EM
RA-66,5,B,Feminino,2022,Escola Pública,,,Quartzo,5.665,768.0,50.0,15.0,3.0,Avaliador-5,Avaliador-27,Avaliador-24,Avaliador-31,7.5,5.6,7.5,4.5,3.0,6.0,,5.917,5.0,Fase 7 (3º EM),-2,4.616000000000007,,5.665,Quartzo,2022,Fase 7,3° EM
RA-67,5,C,Feminino,2019,Escola Pública,Ágata,Ágata,Quartzo,5.195,812.0,56.0,6.0,4.0,Avaliador-6,Avaliador-27,Avaliador-28,Avaliador-31,5.8,3.0,7.5,3.6,3.0,4.2,3.5,6.889,5.0,Fase 6 (2º EM),-1,6.6719999999999935,,5.195,Quartzo,2022,Fase 6,2° EM
RA-68,5,C,Masculino,2019,Escola Pública,Ametista,Ágata,Ágata,6.438,653.0,40.0,2.0,4.0,Avaliador-6,Avaliador-27,Avaliador-28,Avaliador-31,8.3,6.0,7.5,4.0,4.7,4.8,2.7,7.944,5.0,Fase 6 (2º EM),-1,7.691999999999997,,6.438,Ágata,2022,Fase 6,2° EM
RA-69,5,C,Masculino,2018,Escola Pública,Ametista,Ametista,Quartzo,5.718,756.0,47.0,3.0,4.0,Avaliador-6,Avaliador-27,Avaliador-28,Avaliador-31,8.3,6.1,7.5,2.5,4.7,2.6,0.3,6.167,5.0,Fase 6 (2º EM),-1,6.8459999999999965,,5.718,Quartzo,2022,Fase 6,2° EM
RA-70,5,C,Feminino,2017,Escola Pública,Ágata,Quartzo,Quartzo,5.712,757.0,48.0,4.0,4.0,Avaliador-6,Avaliador-27,Avaliador-28,Avaliador-31,8.8,6.6,5.0,2.9,5.7,2.9,0.2,6.111,5.0,Fase 6 (2º EM),-1,7.097999999999995,,5.712,Quartzo,2022,Fase 6,2° EM
RA-71,5,C,Feminino,2019,Escola Pública,Ágata,Ametista,Quartzo,4.332,846.0,58.0,8.0,4.0,Avaliador-6,Avaliador-27,Avaliador-28,Avaliador-31,7.9,2.0,7.5,1.2,1.3,2.2,0.0,5.833,5.0,Fase 7 (3º EM),-2,4.853999999999994,,4.332,Quartzo,2022,Fase 7,3° EM
RA-72,5,C,Feminino,2022,Escola Pública,,,Ametista,7.64,259.0,16.0,1.0,4.0,Avaliador-6,Avaliador-27,Avaliador-28,Avaliador-31,8.3,7.5,7.5,7.8,7.5,7.8,8.0,8.667,5.0,Fase 7 (3º EM),-2,7.665999999999995,,7.64,Ametista,2022,Fase 7,3° EM
RA-73,5,C,Feminino,2022,Escola Pública,,,Quartzo,5.271,804.0,55.0,5.0,4.0,Avaliador-6,Avaliador-27,Avaliador-28,Avaliador-31,7.1,3.0,7.5,3.3,4.5,3.0,2.3,7.278,5.0,Fase 7 (3º EM),-2,5.953999999999997,,5.271,Quartzo,2022,Fase 7,3° EM
RA-74,5,C,Masculino,2022,Escola Pública,,,Quartzo,4.989,820.0,57.0,7.0,4.0,Avaliador-6,Avaliador-27,Avaliador-28,Avaliador-31,9.6,3.3,7.5,2.0,6.0,0.0,0.0,5.833,5.0,Fase 6 (2º EM),-1,5.523999999999996,,4.989,Quartzo,2022,Fase 6,2° EM
RA-75,5,F,Feminino,2022,Escola Pública,,,Quartzo,3.915,855.0,59.0,4.0,4.0,Avaliador-5,Avaliador-27,Avaliador-24,Avaliador-31,5.4,3.8,6.3,0.0,0.0,0.0,,4.625,5.0,Fase 6 (2º EM),-1,5.599999999999996,,3.915,Quartzo,2022,Fase 6,2° EM
RA-76,5,F,Feminino,2017,Rede Decisão,Ametista,Topázio,Topázio,9.105,3.0,3.0,1.0,4.0,Avaliador-5,Avaliador-27,Avaliador-24,Avaliador-31,10.0,9.1,8.1,8.7,9.3,8.3,8.4,9.292,10.0,Fase 5 (1º EM),0,8.765999999999998,,9.105,Topázio,2022,Fase 5,1° EM
RA-77,5,F,Masculino,2019,Escola Pública,Quartzo,Quartzo,Quartzo,3.846,857.0,60.0,5.0,4.0,Avaliador-5,Avaliador-27,Avaliador-24,Avaliador-31,7.1,2.7,5.0,0.7,0.3,1.8,0.0,4.625,5.0,Fase 6 (2º EM),-1,5.309999999999997,,3.846,Quartzo,2022,Fase 6,2° EM
RA-78,5,F,Masculino,2018,Rede Decisão,Ametista,Ágata,Ametista,7.04,475.0,29.0,2.0,4.0,Avaliador-5,Avaliador-27,Avaliador-24,Avaliador-31,8.3,6.6,5.6,7.2,8.7,5.7,7.3,8.0,5.0,Fase 7 (3º EM),-2,7.9,,7.04,Ametista,2022,Fase 7,3° EM
RA-79,5,F,Feminino,2018,Rede Decisão,Ametista,Ágata,Ágata,6.847,541.0,31.0,3.0,4.0,Avaliador-5,Avaliador-27,Avaliador-24,Avaliador-31,5.4,6.3,5.6,8.9,9.5,7.7,9.5,7.292,5.0,Fase 6 (2º EM),-1,7.486000000000006,,6.847,Ágata,2022,Fase 6,2° EM
RA-80,5,K,Feminino,2017,Rede Decisão,Ametista,Topázio,Ametista,7.29,397.0,26.0,6.0,4.0,Avaliador-6,Avaliador-27,Avaliador-24,Avaliador-31,9.2,8.3,5.0,7.1,6.5,7.7,7.3,7.625,5.0,Fase 6 (2º EM),-1,7.649999999999997,,7.29,Ametista,2022,Fase 6,2° EM
RA-81,5,K,Feminino,2017,Rede Decisão,Ametista,Topázio,Ametista,7.675,247.0,14.0,2.0,4.0,Avaliador-6,Avaliador-27,Avaliador-24,Avaliador-31,9.2,9.2,5.0,6.0,5.5,5.2,7.3,7.458,10.0,Fase 4 (9º ano),1,7.233999999999998,,7.675,Ametista,2022,Fase 4,9° ano
RA-82,5,K,Feminino,2022,Escola Pública,,,Ágata,6.596,628.0,37.0,9.0,4.0,Avaliador-6,Avaliador-27,Avaliador-24,Avaliador-31,8.8,6.8,7.5,5.5,6.0,5.0,,6.417,5.0,Fase 7 (3º EM),-2,7.225999999999999,,6.596,Ágata,2022,Fase 7,3° EM
RA-83,5,K,Feminino,2022,Escola Pública,,,Ágata,6.671,598.0,35.0,8.0,4.0,Avaliador-6,Avaliador-27,Avaliador-24,Avaliador-31,7.9,6.8,7.5,6.8,6.0,7.5,,5.958,5.0,Fase 7 (3º EM),-2,7.194000000000003,,6.671,Ágata,2022,Fase 7,3° EM
RA-84,5,K,Feminino,2018,Rede Decisão,Ametista,Ametista,Ágata,6.682,596.0,34.0,7.0,4.0,Avaliador-6,Avaliador-27,Avaliador-24,Avaliador-31,7.1,8.8,5.0,5.8,5.7,6.5,5.2,6.75,5.0,Fase 7 (3º EM),-2,7.02,,6.682,Ágata,2022,Fase 7,3° EM
RA-85,5,K,Masculino,2022,Escola Pública,,,Ágata,6.243,697.0,43.0,10.0,4.0,Avaliador-6,Avaliador-27,Avaliador-24,Avaliador-31,6.7,7.3,5.0,4.3,5.0,3.5,,5.833,10.0,Fase 5 (1º EM),0,5.8640000000000025,,6.243,Ágata,2022,Fase 5,1° EM
RA-86,5,K,Masculino,2016,Rede Decisão,Topázio,Ametista,Ametista,7.566,286.0,18.0,3.0,4.0,Avaliador-6,Avaliador-27,Avaliador-24,Avaliador-31,7.5,9.6,5.6,6.7,6.2,7.2,6.9,8.458,5.0,Fase 6 (2º EM),-1,8.044000000000002,,7.566,Ametista,2022,Fase 6,2° EM
RA-87,5,K,Masculino,2021,Rede Decisão,,Ametista,Topázio,8.712,15.0,6.0,1.0,4.0,Avaliador-6,Avaliador-27,Avaliador-24,Avaliador-31,8.3,9.6,7.5,8.8,8.3,8.0,10.0,8.5,10.0,Fase 5 (1º EM),0,7.519999999999998,,8.712,Topázio,2022,Fase 5,1° EM
RA-88,5,K,Masculino,2021,Escola Pública,,Ametista,Ametista,7.498,312.0,21.0,4.0,4.0,Avaliador-6,Avaliador-27,Avaliador-24,Avaliador-31,7.1,9.2,5.6,6.5,6.8,6.2,6.4,9.208,5.0,Fase 7 (3º EM),-2,7.464000000000004,,7.498,Ametista,2022,Fase 7,3° EM
RA-89,5,K,Masculino,2021,Escola Pública,,Quartzo,Ametista,7.323,383.0,24.0,5.0,4.0,Avaliador-6,Avaliador-27,Avaliador-24,Avaliador-31,9.6,7.8,7.5,5.9,7.5,5.7,4.7,8.0,5.0,Fase 6 (2º EM),-1,7.729999999999997,,7.323,Ametista,2022,Fase 6,2° EM
RA-90,5,L,Feminino,2019,Rede Decisão,Topázio,Topázio,Topázio,9.442,1.0,1.0,1.0,4.0,Avaliador-5,Avaliador-27,Avaliador-24,Avaliador-31,10.0,9.7,9.4,8.5,7.7,8.0,9.8,9.75,10.0,Fase 3 (7º e 8º ano),2,9.11999999999999,,9.442,Topázio,2022,Fase 3,7° e 8° ano
RA-91,5,L,Feminino,2016,Rede Decisão,Ametista,Ametista,Ágata,6.645,608.0,36.0,8.0,4.0,Avaliador-5,Avaliador-27,Avaliador-24,Avaliador-31,9.2,5.7,5.6,6.6,5.5,5.7,8.5,7.125,5.0,Fase 6 (2º EM),-1,7.8000000000000025,,6.645,Ágata,2022,Fase 6,2° EM
RA-92,5,L,Feminino,2016,Rede Decisão,Topázio,Ametista,Ágata,6.957,501.0,30.0,7.0,4.0,Avaliador-5,Avaliador-27,Avaliador-24,Avaliador-31,9.2,7.1,5.0,7.4,7.8,5.5,8.8,6.667,5.0,Fase 6 (2º EM),-1,8.035999999999994,,6.957,Ágata,2022,Fase 6,2° EM
RA-93,5,L,Feminino,2016,Rede Decisão,Ametista,Topázio,Topázio,8.941,6.0,4.0,3.0,4.0,Avaliador-5,Avaliador-27,Avaliador-24,Avaliador-31,8.3,9.7,8.1,8.5,8.8,8.3,8.4,9.083,10.0,Fase 5 (1º EM),0,8.443999999999985,,8.941,Topázio,2022,Fase 5,1° EM
RA-94,5,L,Feminino,2018,Rede Decisão,Ametista,Topázio,Topázio,8.921,7.0,5.0,4.0,4.0,Avaliador-5,Avaliador-27,Avaliador-24,Avaliador-31,8.3,9.6,8.1,7.7,7.0,6.7,9.5,9.583,10.0,Fase 5 (1º EM),0,9.04399999999999,,8.921,Topázio,2022,Fase 5,1° EM
RA-95,5,L,Feminino,2022,Escola Pública,,,Ágata,6.308,685.0,41.0,9.0,4.0,Avaliador-5,Avaliador-27,Avaliador-24,Avaliador-31,8.3,6.6,7.5,4.8,6.0,8.0,0.5,6.292,5.0,Fase 7 (3º EM),-2,6.8959999999999955,,6.308,Ágata,2022,Fase 7,3° EM
RA-96,5,L,Masculino,2021,Escola Pública,,Ametista,Ametista,7.54,295.0,19.0,5.0,4.0,Avaliador-5,Avaliador-27,Avaliador-24,Avaliador-31,9.2,7.8,6.9,6.7,5.7,6.5,8.0,8.5,5.0,Fase 6 (2º EM),-1,8.299999999999992,,7.54,Ametista,2022,Fase 6,2° EM
RA-97,5,L,Feminino,2017,Rede Decisão,Ametista,Ágata,Ametista,7.468,328.0,22.0,6.0,4.0,Avaliador-5,Avaliador-27,Avaliador-24,Avaliador-31,7.5,8.8,5.0,6.9,5.3,6.7,8.8,6.292,10.0,Fase 5 (1º EM),0,8.195999999999994,,7.468,Ametista,2022,Fase 5,1° EM
RA-98,5,L,Feminino,2017,Rede Decisão,Topázio,Topázio,Topázio,9.354,2.0,2.0,2.0,4.0,Avaliador-5,Avaliador-27,Avaliador-24,Avaliador-31,8.8,10.0,9.4,8.5,8.4,8.2,8.9,9.667,10.0,Fase 5 (1º EM),0,9.00599999999999,,9.354,Topázio,2022,Fase 5,1° EM
RA-99,5,L,Masculino,2019,Escola Pública,Ágata,Ágata,Ágata,6.158,701.0,44.0,10.0,4.0,Avaliador-6,Avaliador-27,Avaliador-28,Avaliador-31,8.8,6.3,7.5,5.0,5.7,3.4,5.8,5.833,5.0,Fase 6 (2º EM),-1,6.014000000000008,,6.158,Ágata,2022,Fase 6,2° EM
RA-100,4,A,Feminino,2019,Rede Decisão,Ametista,Topázio,Ametista,7.618,268.0,22.0,7.0,4.0,Avaliador-6,Avaliador-27,Avaliador-30,Avaliador-31,8.8,7.8,5.0,7.6,7.0,7.8,8.1,7.25,10.0,Fase 3 (7º e 8º ano),1,7.080000000000002,,7.618,Ametista,2022,Fase 3,7° e 8° ano
RA-101,4,A,Feminino,2021,Escola Pública,,Ametista,Ametista,7.305,387.0,31.0,8.0,4.0,Avaliador-6,Avaliador-27,Avaliador-30,Avaliador-31,7.9,8.3,7.5,7.6,7.2,6.5,9.2,6.833,5.0,Fase 5 (1º EM),-1,7.18399999999999,,7.305,Ametista,2022,Fase 5,1° EM
RA-102,4,A,Masculino,2019,Escola Pública,Ametista,Ametista,Ágata,6.922,519.0,43.0,9.0,4.0,Avaliador-6,Avaliador-27,Avaliador-30,Avaliador-31,6.7,7.7,6.9,5.7,4.7,6.8,5.5,6.0,10.0,Fase 4 (9º ano),0,6.819999999999986,,6.922,Ágata,2022,Fase 4,9° ano
RA-103,4,A,Feminino,2020,Rede Decisão,Ágata,Ametista,Topázio,8.107,114.0,11.0,4.0,4.0,Avaliador-6,Avaliador-27,Avaliador-30,Avaliador-31,7.9,8.7,7.5,7.3,7.3,7.3,7.3,7.708,10.0,Fase 3 (7º e 8º ano),1,8.253999999999992,,8.107,Topázio,2022,Fase 3,7° e 8° ano
RA-104,4,A,Masculino,2022,Escola Pública,,,Ágata,6.315,681.0,61.0,11.0,4.0,Avaliador-6,Avaliador-27,Avaliador-30,Avaliador-31,7.9,8.7,7.5,3.7,4.8,5.8,0.3,6.708,2.5,Fase 8 (Universitários),-4,7.34375,,6.315,Ágata,2022,Fase 8,Universitários
RA-105,4,A,Masculino,2016,Rede Decisão,Ametista,Ametista,Ágata,6.846,542.0,47.0,10.0,4.0,Avaliador-6,Avaliador-27,Avaliador-30,Avaliador-31,7.9,8.2,5.6,6.7,7.2,6.2,6.8,7.417,2.5,Fase 7 (3º EM),-3,7.826000000000004,,6.846,Ágata,2022,Fase 7,3° EM
RA-106,4,A,Feminino,2016,Rede Decisão,Topázio,Ametista,Ametista,7.973,148.0,13.0,5.0,4.0,Avaliador-6,Avaliador-27,Avaliador-30,Avaliador-31,9.2,8.0,9.4,7.4,7.8,7.2,7.2,8.375,5.0,Fase 5 (1º EM),-1,8.579999999999997,,7.973,Ametista,2022,Fase 5,1° EM
RA-107,4,A,Feminino,2018,Escola Pública,Topázio,Ágata,Ágata,6.258,693.0,63.0,12.0,4.0,Avaliador-6,Avaliador-27,Avaliador-30,Avaliador-31,7.5,6.4,7.5,4.6,3.3,4.3,6.0,6.5,5.0,Fase 5 (1º EM),-1,7.58,,6.258,Ágata,2022,Fase 5,1° EM
RA-108,4,A,Feminino,2019,Escola Pública,Ágata,Ágata,Quartzo,5.547,784.0,72.0,15.0,4.0,Avaliador-6,Avaliador-27,Avaliador-30,Avaliador-31,4.6,7.7,5.0,5.0,3.0,5.8,6.2,6.125,2.5,Fase 7 (3º EM),-3,5.720000000000001,,5.547,Quartzo,2022,Fase 7,3° EM
RA-109,4,A,Masculino,2021,Rede Decisão,,Ametista,Topázio,8.512,33.0,4.0,2.0,4.0,Avaliador-6,Avaliador-27,Avaliador-30,Avaliador-31,8.8,10.0,8.8,8.4,7.8,7.5,9.9,8.667,5.0,Fase 6 (2º EM),-2,8.386000000000013,,8.512,Topázio,2022,Fase 6,2° EM
RA-110,4,A,Masculino,2017,Rede Decisão,Ametista,Topázio,Topázio,8.15,100.0,10.0,3.0,4.0,Avaliador-6,Avaliador-27,Avaliador-30,Avaliador-31,9.2,9.7,5.6,6.7,8.3,5.7,6.0,8.0,10.0,Fase 4 (9º ano),0,7.900000000000009,,8.15,Topázio,2022,Fase 4,9° ano
RA-111,4,A,Feminino,2020,Rede Decisão,Ametista,Topázio,Topázio,8.646,22.0,2.0,1.0,4.0,Avaliador-6,Avaliador-27,Avaliador-30,Avaliador-31,7.5,9.4,8.1,8.0,6.7,7.5,9.7,8.667,10.0,Fase 3 (7º e 8º ano),1,8.726000000000003,,8.646,Topázio,2022,Fase 3,7° e 8° ano
RA-112,4,A,Feminino,2016,Rede Decisão,Ametista,Ametista,Ametista,7.836,189.0,17.0,6.0,4.0,Avaliador-6,Avaliador-27,Avaliador-30,Avaliador-31,7.9,7.8,6.3,8.5,9.0,7.5,9.1,8.833,5.0,Fase 5 (1º EM),-1,8.893999999999993,,7.836,Ametista,2022,Fase 5,1° EM
RA-113,4,A,Feminino,2017,Rede Decisão,Ametista,Ágata,Quartzo,3.032,862.0,76.0,16.0,4.0,Avaliador-6,Avaliador-27,Avaliador-30,Avaliador-31,0.0,0.0,5.0,3.7,3.3,5.5,2.3,3.792,5.0,Fase 5 (1º EM),-1,5.3359999999999985,,3.032,Quartzo,2022,Fase 5,1° EM
RA-114,4,A,Masculino,2022,Escola Pública,,,Quartzo,5.894,738.0,66.0,13.0,4.0,Avaliador-6,Avaliador-27,Avaliador-30,Avaliador-31,7.9,6.3,7.5,5.3,6.0,4.5,,5.0,5.0,Fase 6 (2º EM),-2,5.339999999999998,,5.894,Quartzo,2022,Fase 6,2° EM
RA-115,4,A,Feminino,2019,Escola Pública,Ametista,Ametista,Quartzo,5.886,740.0,67.0,14.0,4.0,Avaliador-6,Avaliador-27,Avaliador-30,Avaliador-31,8.3,6.8,6.3,3.8,3.0,5.7,2.7,5.583,5.0,Fase 6 (2º EM),-2,6.894,,5.886,Quartzo,2022,Fase 6,2° EM
RA-116,4,B,Feminino,2019,Escola Pública,Ametista,Ágata,Ágata,6.854,538.0,46.0,8.0,4.0,Avaliador-6,Avaliador-27,Avaliador-30,Avaliador-31,5.8,8.1,6.3,5.9,5.0,7.2,5.5,7.792,5.0,Fase 6 (2º EM),-2,7.855999999999996,,6.854,Ágata,2022,Fase 6,2° EM
RA-117,4,B,Feminino,2022,Escola Pública,,,Ágata,6.685,593.0,55.0,10.0,4.0,Avaliador-6,Avaliador-27,Avaliador-30,Avaliador-31,7.9,6.3,6.9,6.1,4.7,6.7,7.0,7.417,5.0,Fase 5 (1º EM),-1,7.4159999999999915,,6.685,Ágata,2022,Fase 5,1° EM
RA-118,4,B,Feminino,2021,Escola Pública,,Ametista,Quartzo,5.597,775.0,70.0,12.0,4.0,Avaliador-6,Avaliador-27,Avaliador-30,Avaliador-31,0.0,5.3,6.3,3.9,3.7,4.7,3.5,6.958,10.0,Fase 4 (9º ano),0,7.354000000000003,,5.597,Quartzo,2022,Fase 4,9° ano
RA-119,4,B,Feminino,2016,Rede Decisão,Ametista,Ágata,Ametista,7.501,311.0,26.0,3.0,4.0,Avaliador-6,Avaliador-27,Avaliador-30,Avaliador-31,8.3,8.2,5.6,5.4,5.7,7.0,3.4,7.875,10.0,Fase 4 (9º ano),0,8.160000000000007,,7.501,Ametista,2022,Fase 4,9° ano
RA-120,4,B,Masculino,2019,Escola Pública,Ametista,Ametista,Ágata,6.825,547.0,48.0,9.0,4.0,Avaliador-6,Avaliador-27,Avaliador-30,Avaliador-31,8.3,5.9,7.5,6.2,3.7,5.2,9.7,7.667,5.0,Fase 5 (1º EM),-1,7.915999999999999,,6.825,Ágata,2022,Fase 5,1° EM
RA-121,4,B,Feminino,2021,Escola Pública,,Ágata,Ametista,7.245,413.0,33.0,5.0,4.0,Avaliador-6,Avaliador-27,Avaliador-30,Avaliador-31,7.1,8.4,6.3,7.2,5.7,6.8,9.0,7.625,5.0,Fase 6 (2º EM),-2,7.599999999999998,,7.245,Ametista,2022,Fase 6,2° EM
RA-122,4,B,Feminino,2019,Escola Pública,Ágata,Quartzo,Quartzo,5.061,818.0,74.0,14.0,4.0,Avaliador-6,Avaliador-27,Avaliador-30,Avaliador-31,7.9,3.4,7.5,1.8,1.7,3.7,0.0,4.958,10.0,Fase 4 (9º ano),0,4.893999999999998,,5.061,Quartzo,2022,Fase 4,9° ano
RA-123,4,B,Masculino,2017,Rede Decisão,Ametista,Ametista,Ametista,7.084,461.0,37.0,6.0,4.0,Avaliador-6,Avaliador-27,Avaliador-30,Avaliador-31,7.9,8.6,5.6,6.5,7.3,6.3,5.9,7.292,5.0,Fase 6 (2º EM),-2,7.555999999999994,,7.084,Ametista,2022,Fase 6,2° EM
RA-124,4,B,Masculino,2016,Rede Decisão,Ametista,Ametista,Ametista,7.388,365.0,29.0,4.0,4.0,Avaliador-6,Avaliador-27,Avaliador-30,Avaliador-31,7.9,7.8,5.0,6.7,5.7,7.0,7.5,7.167,10.0,Fase 4 (9º ano),0,7.646000000000006,,7.388,Ametista,2022,Fase 4,9° ano
RA-125,4,B,Feminino,2022,Escola Pública,,,Ametista,7.619,266.0,21.0,2.0,4.0,Avaliador-6,Avaliador-27,Avaliador-30,Avaliador-31,8.8,8.5,7.5,7.1,5.0,7.2,9.2,7.75,5.0,Fase 5 (1º EM),-1,8.19,,7.619,Ametista,2022,Fase 5,1° EM
RA-126,4,B,Masculino,2018,Escola Pública,Ametista,Ametista,Ágata,6.289,689.0,62.0,11.0,4.0,Avaliador-6,Avaliador-27,Avaliador-30,Avaliador-31,7.1,5.8,7.5,4.4,4.0,5.0,4.2,7.417,5.0,Fase 5 (1º EM),-1,8.056000000000001,,6.289,Ágata,2022,Fase 5,1° EM
RA-127,4,B,Feminino,2022,Escola Pública,,,Topázio,8.283,63.0,7.0,1.0,4.0,Avaliador-6,Avaliador-27,Avaliador-30,Avaliador-31,7.5,8.7,7.5,7.9,7.7,7.7,8.3,8.125,10.0,Fase 4 (9º ano),0,8.379999999999992,,8.283,Topázio,2022,Fase 4,9° ano
RA-128,4,B,Masculino,2019,Escola Pública,Ametista,Ágata,Quartzo,5.563,778.0,71.0,13.0,4.0,Avaliador-6,Avaliador-27,Avaliador-30,Avaliador-31,0.0,6.2,7.5,5.6,6.7,6.8,3.2,6.167,5.0,Fase 5 (1º EM),-1,7.195999999999989,,5.563,Quartzo,2022,Fase 5,1° EM
RA-129,4,B,Masculino,2019,Escola Pública,Ametista,Ametista,Ágata,6.926,516.0,42.0,7.0,4.0,Avaliador-6,Avaliador-27,Avaliador-30,Avaliador-31,6.7,6.4,7.5,6.7,6.0,5.3,8.7,7.792,5.0,Fase 5 (1º EM),-1,8.276000000000003,,6.926,Ágata,2022,Fase 5,1° EM
RA-130,4,F,Feminino,2018,Escola Pública,Quartzo,Ágata,Quartzo,5.624,772.0,69.0,14.0,4.0,Avaliador-6,Avaliador-27,Avaliador-30,Avaliador-31,8.3,4.7,5.0,4.1,3.7,5.2,3.5,6.5,5.0,Fase 6 (2º EM),-2,7.34,,5.624,Quartzo,2022,Fase 6,2° EM
RA-131,4,F,Feminino,2016,Escola Pública,Topázio,Ametista,Ametista,7.174,440.0,35.0,7.0,4.0,Avaliador-6,Avaliador-27,Avaliador-30,Avaliador-31,8.8,9.0,5.6,5.6,6.0,6.5,4.2,7.75,5.0,Fase 5 (1º EM),-1,7.640000000000011,,7.174,Ametista,2022,Fase 5,1° EM
RA-132,4,F,Feminino,2019,Rede Decisão,Topázio,Ametista,Topázio,8.355,53.0,5.0,2.0,4.0,Avaliador-6,Avaliador-27,Avaliador-30,Avaliador-31,10.0,8.8,5.6,7.7,6.5,7.5,9.1,8.458,10.0,Fase 4 (9º ano),0,8.033999999999999,,8.355,Topázio,2022,Fase 4,9° ano
RA-133,4,F,Feminino,2016,Escola Pública,Ametista,Quartzo,Ágata,6.875,530.0,45.0,10.0,4.0,Avaliador-6,Avaliador-27,Avaliador-30,Avaliador-31,7.9,7.1,7.5,5.6,4.7,7.2,5.0,7.625,5.0,Fase 5 (1º EM),-1,7.699999999999996,,6.875,Ágata,2022,Fase 5,1° EM
RA-134,4,F,Feminino,2021,Escola Pública,,Ágata,Ágata,6.607,623.0,56.0,12.0,4.0,Avaliador-6,Avaliador-27,Avaliador-30,Avaliador-31,8.8,6.8,7.5,4.7,4.7,6.8,2.5,7.375,5.0,Fase 5 (1º EM),-1,7.0200000000000085,,6.607,Ágata,2022,Fase 5,1° EM
RA-135,4,F,Feminino,2019,Escola Pública,Topázio,Ametista,Ametista,7.692,237.0,20.0,4.0,4.0,Avaliador-6,Avaliador-27,Avaliador-30,Avaliador-31,8.3,7.8,5.6,8.6,8.0,8.2,9.5,8.583,5.0,Fase 5 (1º EM),-1,8.054000000000006,,7.692,Ametista,2022,Fase 5,1° EM
RA-136,4,F,Masculino,2019,Escola Pública,Ágata,Ágata,Ágata,6.478,646.0,59.0,13.0,4.0,Avaliador-6,Avaliador-27,Avaliador-30,Avaliador-31,10.0,6.3,7.5,4.6,5.3,5.7,2.8,6.667,5.0,Fase 5 (1º EM),-1,7.145999999999999,,6.478,Ágata,2022,Fase 5,1° EM
RA-137,4,F,Feminino,2016,Rede Decisão,Quartzo,Ágata,Ametista,7.056,468.0,38.0,9.0,4.0,Avaliador-6,Avaliador-27,Avaliador-30,Avaliador-31,7.5,8.9,5.0,7.3,6.0,7.3,8.5,7.792,2.5,Fase 7 (3º EM),-3,7.5760000000000005,,7.056,Ametista,2022,Fase 7,3° EM
RA-138,4,F,Masculino,2016,Escola Pública,Ametista,Ágata,Ágata,6.738,573.0,53.0,11.0,4.0,Avaliador-6,Avaliador-27,Avaliador-30,Avaliador-31,9.6,8.0,5.6,5.6,5.0,6.5,5.2,6.375,5.0,Fase 5 (1º EM),-1,7.2300000000000075,,6.738,Ágata,2022,Fase 5,1° EM
RA-139,4,F,Masculino,2019,Escola Pública,Quartzo,Ágata,Quartzo,3.738,858.0,75.0,15.0,4.0,Avaliador-6,Avaliador-27,Avaliador-30,Avaliador-31,7.1,3.5,5.0,1.4,1.7,2.7,0.0,3.917,2.5,Fase 7 (3º EM),-3,5.146000000000002,,3.738,Quartzo,2022,Fase 7,3° EM
RA-140,4,F,Feminino,2021,Escola Pública,,Ametista,Ametista,7.407,358.0,28.0,6.0,4.0,Avaliador-6,Avaliador-27,Avaliador-30,Avaliador-31,7.9,7.6,6.9,5.7,5.0,6.5,5.6,7.667,10.0,Fase 4 (9º ano),0,7.335999999999991,,7.407,Ametista,2022,Fase 4,9° ano
RA-141,4,F,Masculino,2017,Escola Pública,Ágata,Ágata,Ametista,7.118,450.0,36.0,8.0,4.0,Avaliador-6,Avaliador-27,Avaliador-30,Avaliador-31,9.2,8.2,5.6,5.7,5.8,6.2,5.0,5.917,10.0,Fase 4 (9º ano),0,6.7460000000000075,,7.118,Ametista,2022,Fase 4,9° ano
RA-142,4,F,Feminino,2021,Escola Pública,,Ágata,Ametista,7.457,332.0,27.0,5.0,4.0,Avaliador-6,Avaliador-27,Avaliador-30,Avaliador-31,6.7,8.6,5.6,6.3,6.0,6.8,6.0,7.583,10.0,Fase 4 (9º ano),0,7.304000000000004,,7.457,Ametista,2022,Fase 4,9° ano
RA-143,4,F,Masculino,2019,Rede Decisão,Topázio,Topázio,Topázio,8.638,24.0,3.0,1.0,4.0,Avaliador-6,Avaliador-27,Avaliador-30,Avaliador-31,8.3,9.9,5.6,7.9,9.7,7.7,6.4,9.5,10.0,Fase 3 (7º e 8º ano),1,7.879999999999994,,8.638,Topázio,2022,Fase 3,7° e 8° ano
RA-144,4,F,Feminino,2017,Rede Decisão,Ágata,Quartzo,Topázio,8.181,89.0,9.0,3.0,4.0,Avaliador-6,Avaliador-27,Avaliador-30,Avaliador-31,7.5,9.3,5.0,7.9,7.5,7.2,9.0,8.292,10.0,Fase 4 (9º ano),0,8.325999999999985,,8.181,Topázio,2022,Fase 4,9° ano
RA-145,4,H,Masculino,2017,Escola Pública,Ágata,Ágata,Quartzo,5.846,746.0,68.0,7.0,4.0,Avaliador-6,Avaliador-27,Avaliador-30,Avaliador-31,0.0,6.3,8.1,5.2,3.0,4.8,7.8,7.25,5.0,Fase 6 (2º EM),-2,7.859999999999996,,5.846,Quartzo,2022,Fase 6,2° EM
RA-146,4,H,Feminino,2022,Escola Pública,,,Ametista,7.947,156.0,15.0,1.0,4.0,Avaliador-6,Avaliador-27,Avaliador-30,Avaliador-31,8.3,9.2,7.5,7.9,6.3,7.3,10.0,8.208,5.0,Fase 5 (1º EM),-1,8.053999999999997,,7.947,Ametista,2022,Fase 5,1° EM
RA-147,4,H,Feminino,2022,Escola Pública,,,Ametista,7.541,293.0,24.0,4.0,4.0,Avaliador-6,Avaliador-27,Avaliador-30,Avaliador-31,8.3,7.7,7.5,6.1,5.8,4.8,7.7,7.25,10.0,Fase 4 (9º ano),0,7.510000000000003,,7.541,Ametista,2022,Fase 4,9° ano
RA-148,4,H,Masculino,2022,Escola Pública,,,Ametista,7.894,172.0,16.0,2.0,4.0,Avaliador-6,Avaliador-27,Avaliador-30,Avaliador-31,9.2,7.9,10.0,5.3,4.7,6.3,5.0,7.708,10.0,Fase 4 (9º ano),0,7.923999999999998,,7.894,Ametista,2022,Fase 4,9° ano
RA-149,4,H,Feminino,2022,Escola Pública,,,Ágata,6.323,679.0,60.0,6.0,4.0,Avaliador-6,Avaliador-27,Avaliador-30,Avaliador-31,9.2,6.5,7.5,5.0,4.0,6.0,,6.125,5.0,Fase 5 (1º EM),-1,6.280000000000001,,6.323,Ágata,2022,Fase 5,1° EM
RA-150,4,H,Feminino,2020,Escola Pública,Ametista,Ametista,Ágata,6.962,498.0,41.0,5.0,4.0,Avaliador-6,Avaliador-27,Avaliador-30,Avaliador-31,9.6,6.3,6.9,6.9,5.3,6.7,8.6,7.333,5.0,Fase 6 (2º EM),-2,7.053999999999991,,6.962,Ágata,2022,Fase 6,2° EM
RA-151,4,H,Feminino,2020,Escola Pública,Ametista,Ametista,Ametista,7.563,289.0,23.0,3.0,4.0,Avaliador-6,Avaliador-27,Avaliador-30,Avaliador-31,8.8,7.5,6.9,8.3,7.3,8.0,9.5,7.958,5.0,Fase 6 (2º EM),-2,7.413999999999996,,7.563,Ametista,2022,Fase 6,2° EM
RA-152,4,L,Feminino,2022,Escola Pública,,,Ágata,6.712,586.0,54.0,13.0,4.0,Avaliador-6,Avaliador-27,Avaliador-30,Avaliador-31,8.3,7.0,7.5,6.5,4.0,7.0,8.5,6.292,5.0,Fase 6 (2º EM),-2,6.735999999999995,,6.712,Ágata,2022,Fase 6,2° EM
RA-153,4,L,Feminino,2018,Rede Decisão,Ágata,Ametista,Ametista,7.535,297.0,25.0,5.0,4.0,Avaliador-6,Avaliador-27,Avaliador-30,Avaliador-31,7.9,8.2,5.0,6.6,3.3,7.7,8.8,7.708,10.0,Fase 4 (9º ano),0,7.434000000000003,,7.535,Ametista,2022,Fase 4,9° ano
RA-154,4,L,Masculino,2017,Escola Pública,Ágata,Ágata,Ágata,6.073,714.0,65.0,15.0,4.0,Avaliador-6,Avaliador-27,Avaliador-30,Avaliador-31,8.3,6.1,6.3,4.0,3.7,6.2,2.1,6.833,5.0,Fase 5 (1º EM),-1,7.263999999999999,,6.073,Quartzo,2022,Fase 5,1° EM
RA-155,4,L,Masculino,2022,Escola Pública,,,Ametista,7.051,470.0,39.0,9.0,4.0,Avaliador-6,Avaliador-27,Avaliador-30,Avaliador-31,10.0,8.3,7.5,5.2,4.3,6.8,4.3,6.833,5.0,Fase 6 (2º EM),-2,7.343999999999999,,7.051,Ametista,2022,Fase 6,2° EM
RA-156,4,L,Masculino,2018,Escola Pública,Ametista,Ágata,Ametista,7.357,376.0,30.0,6.0,4.0,Avaliador-6,Avaliador-27,Avaliador-30,Avaliador-31,10.0,8.3,9.4,4.4,4.7,6.5,2.1,7.792,5.0,Fase 5 (1º EM),-1,8.186,,7.357,Ametista,2022,Fase 5,1° EM
RA-157,4,L,Feminino,2018,Rede Decisão,Ametista,Topázio,Topázio,8.317,59.0,6.0,1.0,4.0,Avaliador-6,Avaliador-27,Avaliador-30,Avaliador-31,7.5,10.0,6.3,7.7,7.0,7.5,8.7,8.292,10.0,Fase 3 (7º e 8º ano),1,7.385999999999999,,8.317,Topázio,2022,Fase 3,7° e 8° ano
RA-158,4,L,Feminino,2017,Rede Decisão,Ametista,Ametista,Ametista,7.302,392.0,32.0,7.0,4.0,Avaliador-6,Avaliador-27,Avaliador-30,Avaliador-31,7.9,9.8,5.6,6.6,5.0,6.7,8.1,8.125,2.5,Fase 7 (3º EM),-3,7.969999999999997,,7.302,Ametista,2022,Fase 7,3° EM
RA-159,4,L,Feminino,2021,Escola Pública,,Ametista,Ágata,6.49,644.0,58.0,14.0,4.0,Avaliador-6,Avaliador-27,Avaliador-30,Avaliador-31,8.3,8.1,5.6,4.7,4.3,5.8,3.9,6.458,5.0,Fase 5 (1º EM),-1,7.484000000000002,,6.49,Ágata,2022,Fase 5,1° EM
RA-160,4,L,Feminino,2021,Escola Pública,,Ágata,Ágata,6.746,568.0,52.0,12.0,4.0,Avaliador-6,Avaliador-27,Avaliador-30,Avaliador-31,7.5,7.2,5.6,5.3,2.7,6.0,7.1,8.25,5.0,Fase 5 (1º EM),-1,7.860000000000005,,6.746,Ágata,2022,Fase 5,1° EM
RA-161,4,L,Feminino,2018,Rede Decisão,Ametista,Ametista,Ametista,7.957,153.0,14.0,4.0,4.0,Avaliador-6,Avaliador-27,Avaliador-30,Avaliador-31,7.9,9.1,5.6,6.9,5.3,6.8,8.5,8.083,10.0,Fase 2 (5º e 6º ano),2,7.904,,7.957,Ametista,2022,Fase 2,5° e 6° ano
RA-162,4,L,Feminino,2021,Escola Pública,,Ágata,Ametista,7.215,423.0,34.0,8.0,4.0,Avaliador-6,Avaliador-27,Avaliador-30,Avaliador-31,6.7,8.5,7.5,5.5,4.7,5.5,6.4,6.542,10.0,Fase 4 (9º ano),0,6.865999999999994,,7.215,Ametista,2022,Fase 4,9° ano
RA-163,4,L,Feminino,2021,Escola Pública,,Ágata,Ágata,6.797,556.0,49.0,10.0,4.0,Avaliador-6,Avaliador-27,Avaliador-30,Avaliador-31,8.8,7.9,5.6,6.7,6.5,6.3,7.4,6.5,5.0,Fase 5 (1º EM),-1,6.3700000000000045,,6.797,Ágata,2022,Fase 5,1° EM
RA-164,4,L,Masculino,2018,Escola Pública,Ágata,Ágata,Ágata,6.776,562.0,50.0,11.0,4.0,Avaliador-6,Avaliador-27,Avaliador-30,Avaliador-31,8.3,7.3,5.6,6.5,4.7,6.5,8.3,7.208,5.0,Fase 6 (2º EM),-2,6.844000000000001,,6.776,Ágata,2022,Fase 6,2° EM
RA-165,4,L,Feminino,2017,Rede Decisão,Ametista,Ametista,Topázio,8.063,128.0,12.0,3.0,4.0,Avaliador-6,Avaliador-27,Avaliador-30,Avaliador-31,7.1,9.8,5.6,7.6,5.3,7.8,9.7,7.5,10.0,Fase 4 (9º ano),0,8.130000000000006,,8.063,Topázio,2022,Fase 4,9° ano
RA-166,4,L,Masculino,2020,Escola Pública,Ametista,Ametista,Topázio,8.253,73.0,8.0,2.0,4.0,Avaliador-6,Avaliador-27,Avaliador-30,Avaliador-31,9.2,9.0,6.3,8.1,7.0,7.2,10.0,7.542,10.0,Fase 4 (9º ano),0,7.746000000000004,,8.253,Topázio,2022,Fase 4,9° ano
RA-167,4,P,Feminino,2018,Rede Decisão,Ametista,Ametista,Ametista,7.798,200.0,19.0,3.0,4.0,Avaliador-6,Avaliador-27,Avaliador-30,Avaliador-31,9.2,9.7,5.6,7.9,9.3,8.0,6.3,7.833,5.0,Fase 6 (2º EM),-2,7.314000000000007,,7.798,Ametista,2022,Fase 6,2° EM
RA-168,4,P,Feminino,2018,Rede Decisão,Ametista,Ametista,Ágata,6.917,522.0,44.0,5.0,4.0,Avaliador-6,Avaliador-27,Avaliador-30,Avaliador-31,7.9,8.3,6.3,5.9,4.7,8.2,5.0,7.083,5.0,Fase 5 (1º EM),-1,7.403999999999993,,6.917,Ágata,2022,Fase 5,1° EM
RA-169,4,P,Feminino,2018,Escola Pública,Ágata,Ágata,Quartzo,5.159,814.0,73.0,9.0,4.0,Avaliador-6,Avaliador-27,Avaliador-30,Avaliador-31,7.5,5.1,6.3,3.2,1.3,4.5,3.8,4.792,5.0,Fase 5 (1º EM),-1,6.605999999999996,,5.159,Quartzo,2022,Fase 5,1° EM
RA-170,4,P,Feminino,2018,Rede Decisão,Ametista,Ametista,Ágata,7.007,484.0,40.0,4.0,4.0,Avaliador-6,Avaliador-27,Avaliador-30,Avaliador-31,8.3,9.2,5.6,4.9,3.7,6.7,4.3,5.792,10.0,Fase 4 (9º ano),0,6.385999999999994,,7.007,Ametista,2022,Fase 4,9° ano
RA-171,4,P,Masculino,2022,Escola Pública,,,Ágata,6.581,632.0,57.0,7.0,4.0,Avaliador-6,Avaliador-27,Avaliador-30,Avaliador-31,7.5,6.8,7.5,5.5,3.0,8.0,,6.875,5.0,Fase 6 (2º EM),-2,7.460000000000004,,6.581,Ágata,2022,Fase 6,2° EM
RA-172,4,P,Feminino,2018,Rede Decisão,Ametista,Topázio,Topázio,8.673,18.0,1.0,1.0,4.0,Avaliador-6,Avaliador-27,Avaliador-30,Avaliador-31,9.2,8.9,9.4,7.3,6.0,7.7,8.1,8.917,10.0,Fase 4 (9º ano),0,7.895999999999992,,8.673,Topázio,2022,Fase 4,9° ano
RA-173,4,P,Masculino,2019,Rede Decisão,Ametista,Ametista,Ametista,7.816,198.0,18.0,2.0,4.0,Avaliador-6,Avaliador-27,Avaliador-30,Avaliador-31,8.3,9.2,6.9,7.9,9.0,7.5,7.1,9.25,2.5,Fase 7 (3º EM),-3,7.759999999999989,,7.816,Ametista,2022,Fase 7,3° EM
RA-174,4,P,Feminino,2019,Escola Pública,Ágata,Ágata,Ágata,6.075,713.0,64.0,8.0,4.0,Avaliador-6,Avaliador-27,Avaliador-30,Avaliador-31,7.9,6.2,7.5,4.4,4.0,5.3,3.8,6.042,5.0,Fase 5 (1º EM),-1,7.065999999999999,,6.075,Quartzo,2022,Fase 5,1° EM
RA-175,4,P,Feminino,2018,Rede Decisão,Ametista,Ametista,Ágata,6.75,567.0,51.0,6.0,4.0,Avaliador-6,Avaliador-27,Avaliador-30,Avaliador-31,8.3,9.2,5.6,5.9,4.7,7.2,5.9,5.833,5.0,Fase 5 (1º EM),-1,6.734000000000009,,6.75,Ágata,2022,Fase 5,1° EM
RA-176,3,A,Feminino,2018,Rede Decisão,Topázio,Ametista,Topázio,8.427,44.0,12.0,4.0,4.0,Avaliador-6,Avaliador-27,Avaliador-30,Avaliador-31,9.6,9.1,5.6,6.9,5.1,6.8,8.7,9.083,10.0,Fase 3 (7º e 8º ano),0,8.903999999999996,,8.427,Topázio,2022,Fase 3,7° e 8° ano
RA-177,3,A,Feminino,2022,Escola Pública,,,Ametista,7.424,347.0,40.0,9.0,4.0,Avaliador-6,Avaliador-27,Avaliador-30,Avaliador-31,7.9,8.8,4.4,6.8,6.0,7.5,,6.958,10.0,Fase 3 (7º e 8º ano),0,6.823999999999986,,7.424,Ametista,2022,Fase 3,7° e 8° ano
RA-178,3,A,Feminino,2016,Rede Decisão,Ametista,Ametista,Ágata,7.025,481.0,61.0,13.0,4.0,Avaliador-6,Avaliador-27,Avaliador-30,Avaliador-31,0.0,8.8,4.4,6.3,6.2,5.3,7.3,8.458,10.0,Fase 3 (7º e 8º ano),0,8.734000000000002,,7.025,Ametista,2022,Fase 3,7° e 8° ano
RA-179,3,A,Masculino,2022,Escola Pública,,,Ametista,7.993,145.0,22.0,5.0,4.0,Avaliador-6,Avaliador-27,Avaliador-30,Avaliador-31,7.5,9.2,7.5,6.1,3.7,6.7,8.0,8.042,10.0,Fase 3 (7º e 8º ano),0,8.246000000000002,,7.993,Ametista,2022,Fase 3,7° e 8° ano
RA-180,3,A,Masculino,2018,Rede Decisão,Topázio,Topázio,Topázio,8.442,42.0,11.0,3.0,4.0,Avaliador-6,Avaliador-27,Avaliador-30,Avaliador-31,9.2,8.3,6.3,8.1,7.7,8.3,8.3,8.625,10.0,Fase 3 (7º e 8º ano),0,8.870000000000005,,8.442,Topázio,2022,Fase 3,7° e 8° ano
RA-181,3,A,Feminino,2019,Rede Decisão,Topázio,Ametista,Topázio,8.623,25.0,6.0,2.0,4.0,Avaliador-6,Avaliador-27,Avaliador-30,Avaliador-31,9.2,9.5,8.8,6.8,6.8,7.3,6.2,8.458,10.0,Fase 3 (7º e 8º ano),0,8.713999999999986,,8.623,Topázio,2022,Fase 3,7° e 8° ano
RA-182,3,A,Feminino,2021,Escola Pública,,Quartzo,Ágata,6.328,677.0,93.0,15.0,4.0,Avaliador-6,Avaliador-27,Avaliador-30,Avaliador-31,7.5,8.0,7.5,4.1,1.3,5.7,5.4,6.958,2.5,Fase 6 (2º EM),-3,7.664,,6.328,Ágata,2022,Fase 6,2° EM
RA-183,3,A,Feminino,2022,Escola Pública,,,Ametista,7.3,394.0,46.0,11.0,4.0,Avaliador-6,Avaliador-27,Avaliador-30,Avaliador-31,8.3,8.8,7.5,3.8,0.0,7.5,,7.25,10.0,Fase 3 (7º e 8º ano),0,7.499999999999991,,7.3,Ametista,2022,Fase 3,7° e 8° ano
RA-184,3,A,Masculino,2019,Escola Pública,Ametista,Ametista,Ametista,7.28,403.0,47.0,12.0,4.0,Avaliador-6,Avaliador-27,Avaliador-30,Avaliador-31,8.8,7.7,7.5,7.2,5.0,7.3,9.3,8.0,2.5,Fase 6 (2º EM),-3,8.199999999999994,,7.28,Ametista,2022,Fase 6,2° EM
RA-185,3,A,Masculino,2021,Escola Pública,,Quartzo,Ágata,6.615,621.0,81.0,14.0,4.0,Avaliador-6,Avaliador-27,Avaliador-30,Avaliador-31,7.9,7.7,7.5,4.5,3.3,5.7,4.5,6.875,5.0,Fase 5 (1º EM),-2,7.599999999999998,,6.615,Ágata,2022,Fase 5,1° EM
RA-186,3,A,Feminino,2019,Escola Pública,Ametista,Ametista,Ametista,7.832,192.0,29.0,7.0,4.0,Avaliador-6,Avaliador-27,Avaliador-30,Avaliador-31,8.3,8.5,7.5,6.6,6.0,5.7,8.0,7.5,10.0,Fase 3 (7º e 8º ano),0,7.319999999999993,,7.832,Ametista,2022,Fase 3,7° e 8° ano
RA-187,3,A,Feminino,2019,Rede Decisão,Ametista,Topázio,Ametista,7.928,161.0,25.0,6.0,4.0,Avaliador-6,Avaliador-27,Avaliador-30,Avaliador-31,8.8,8.9,7.5,5.8,5.3,7.2,4.8,7.917,10.0,Fase 3 (7º e 8º ano),0,7.745999999999995,,7.928,Ametista,2022,Fase 3,7° e 8° ano
RA-188,3,A,Masculino,2021,Escola Pública,,Ametista,Quartzo,5.307,803.0,122.0,16.0,4.0,Avaliador-6,Avaliador-27,Avaliador-30,Avaliador-31,0.0,6.1,7.5,2.7,3.0,3.2,2.0,7.583,5.0,Fase 4 (9º ano),-1,7.804000000000002,,5.307,Quartzo,2022,Fase 4,9° ano
RA-189,3,A,Masculino,2018,Rede Decisão,Ametista,Ametista,Ametista,7.629,261.0,33.0,8.0,4.0,Avaliador-6,Avaliador-27,Avaliador-30,Avaliador-31,10.0,9.7,5.0,7.2,6.3,7.2,8.0,7.333,5.0,Fase 4 (9º ano),-1,7.823999999999991,,7.629,Ametista,2022,Fase 4,9° ano
RA-190,3,A,Feminino,2022,Escola Pública,,,Ametista,7.335,380.0,44.0,10.0,4.0,Avaliador-6,Avaliador-27,Avaliador-30,Avaliador-31,6.7,6.9,8.8,6.3,5.0,7.5,,7.25,10.0,Fase 3 (7º e 8º ano),0,6.950000000000003,,7.335,Ametista,2022,Fase 3,7° e 8° ano
RA-191,3,A,Masculino,2019,Rede Decisão,Topázio,Topázio,Topázio,8.74,13.0,2.0,1.0,4.0,Avaliador-6,Avaliador-27,Avaliador-30,Avaliador-31,10.0,9.4,8.8,7.2,8.0,7.2,6.3,8.5,10.0,Fase 3 (7º e 8º ano),0,8.399999999999999,,8.74,Topázio,2022,Fase 3,7° e 8° ano
RA-192,3,B,Masculino,2021,Escola Pública,,Quartzo,Quartzo,4.932,829.0,130.0,14.0,4.0,Avaliador-6,Avaliador-27,Avaliador-30,Avaliador-31,8.8,3.6,7.5,2.7,1.7,4.7,1.7,4.708,5.0,Fase 5 (1º EM),-2,6.003999999999996,,4.932,Quartzo,2022,Fase 5,1° EM
RA-193,3,B,Masculino,2016,Rede Decisão,Topázio,Topázio,Topázio,8.155,95.0,16.0,2.0,4.0,Avaliador-6,Avaliador-27,Avaliador-30,Avaliador-31,9.2,8.9,5.6,6.7,5.0,6.3,8.7,8.5,10.0,Fase 3 (7º e 8º ano),0,8.549999999999995,,8.155,Topázio,2022,Fase 3,7° e 8° ano
RA-194,3,B,Feminino,2022,Escola Pública,,,Quartzo,4.265,851.0,144.0,15.0,4.0,Avaliador-6,Avaliador-27,Avaliador-30,Avaliador-31,0.0,6.2,5.0,3.2,3.7,5.8,0.0,3.75,5.0,Fase 4 (9º ano),-1,6.349999999999993,,4.265,Quartzo,2022,Fase 4,9° ano
RA-195,3,B,Feminino,2017,Rede Decisão,Ametista,Ametista,Ametista,8.017,137.0,21.0,4.0,4.0,Avaliador-6,Avaliador-27,Avaliador-30,Avaliador-31,8.8,9.2,5.0,6.3,6.8,6.3,5.8,8.25,10.0,Fase 3 (7º e 8º ano),0,8.869999999999996,,8.017,Topázio,2022,Fase 3,7° e 8° ano
RA-196,3,B,Masculino,2018,Rede Decisão,Ametista,Topázio,Topázio,8.124,106.0,17.0,3.0,4.0,Avaliador-6,Avaliador-27,Avaliador-30,Avaliador-31,9.2,9.1,7.5,5.1,4.0,6.0,5.3,8.625,10.0,Fase 3 (7º e 8º ano),0,8.890000000000011,,8.124,Topázio,2022,Fase 3,7° e 8° ano
RA-197,3,B,Feminino,2021,Rede Decisão,,Topázio,Topázio,8.218,82.0,15.0,1.0,4.0,Avaliador-6,Avaliador-27,Avaliador-30,Avaliador-31,8.8,9.7,4.4,7.3,6.0,7.5,8.3,8.292,10.0,Fase 3 (7º e 8º ano),0,8.39599999999999,,8.218,Topázio,2022,Fase 3,7° e 8° ano
RA-198,3,B,Masculino,2017,Escola Pública,Ametista,Quartzo,Quartzo,5.554,782.0,117.0,11.0,4.0,Avaliador-6,Avaliador-27,Avaliador-30,Avaliador-31,0.0,6.2,5.0,4.6,5.2,5.8,2.8,5.958,10.0,Fase 3 (7º e 8º ano),0,7.023999999999999,,5.554,Quartzo,2022,Fase 3,7° e 8° ano
RA-199,3,B,Masculino,2022,Escola Pública,,,Ametista,7.564,287.0,34.0,5.0,4.0,Avaliador-6,Avaliador-27,Avaliador-30,Avaliador-31,8.3,7.1,7.5,7.5,5.7,7.8,9.0,6.458,10.0,Fase 3 (7º e 8º ano),0,7.724000000000002,,7.564,Ametista,2022,Fase 3,7° e 8° ano
RA-200,3,B,Masculino,2018,Escola JP II,Quartzo,Quartzo,Quartzo,5.705,759.0,109.0,9.0,4.0,Avaliador-6,Avaliador-27,Avaliador-30,Avaliador-31,7.9,5.6,4.4,5.5,4.7,5.0,6.8,4.917,5.0,Fase 5 (1º EM),-2,7.716000000000003,,5.705,Quartzo,2022,Fase 5,1° EM
RA-201,3,B,Feminino,2021,Escola Pública,,Ágata,Ametista,7.078,462.0,58.0,7.0,4.0,Avaliador-6,Avaliador-27,Avaliador-30,Avaliador-31,7.9,7.3,7.5,6.5,6.0,7.2,6.3,7.542,5.0,Fase 5 (1º EM),-2,7.696000000000005,,7.078,Ametista,2022,Fase 5,1° EM
RA-202,3,B,Feminino,2017,Escola Pública,Ametista,Ametista,Quartzo,5.201,810.0,123.0,13.0,4.0,Avaliador-6,Avaliador-27,Avaliador-30,Avaliador-31,0.0,5.2,4.4,5.4,6.3,5.8,4.2,6.917,5.0,Fase 4 (9º ano),-1,7.575999999999992,,5.201,Quartzo,2022,Fase 4,9° ano
RA-203,3,B,Feminino,2021,Escola Pública,,Ametista,Quartzo,5.669,766.0,113.0,10.0,4.0,Avaliador-6,Avaliador-27,Avaliador-30,Avaliador-31,8.8,4.3,7.5,2.8,2.3,3.5,2.5,6.875,5.0,Fase 4 (9º ano),-1,7.439999999999998,,5.669,Quartzo,2022,Fase 4,9° ano
RA-204,3,B,Feminino,2019,Escola Pública,Ametista,Ametista,Ágata,6.943,509.0,64.0,8.0,4.0,Avaliador-6,Avaliador-27,Avaliador-30,Avaliador-31,7.9,6.7,4.4,7.4,5.3,8.5,8.5,5.708,10.0,Fase 3 (7º e 8º ano),0,7.513999999999985,,6.943,Ágata,2022,Fase 3,7° e 8° ano
RA-205,3,B,Masculino,2020,Escola Pública,Ametista,Ametista,Quartzo,5.372,797.0,120.0,12.0,4.0,Avaliador-6,Avaliador-27,Avaliador-30,Avaliador-31,9.6,3.8,7.5,4.1,5.7,1.7,5.0,4.833,5.0,Fase 4 (9º ano),-1,6.153999999999993,,5.372,Quartzo,2022,Fase 4,9° ano
RA-206,3,B,Feminino,2022,Escola Pública,,,Ametista,7.101,455.0,56.0,6.0,4.0,Avaliador-6,Avaliador-27,Avaliador-30,Avaliador-31,8.3,8.8,7.5,5.0,4.0,6.0,,5.167,10.0,Fase 3 (7º e 8º ano),0,7.275999999999998,,7.101,Ametista,2022,Fase 3,7° e 8° ano
RA-207,3,C,Masculino,2021,Escola Pública,,Ágata,Quartzo,4.936,827.0,129.0,5.0,4.0,Avaliador-6,Avaliador-27,Avaliador-30,Avaliador-31,0.0,4.8,7.5,5.8,5.3,4.0,8.0,5.708,2.5,Fase 6 (2º EM),-3,6.743999999999994,,4.936,Quartzo,2022,Fase 6,2° EM
RA-208,3,C,Masculino,2018,Escola Pública,Ametista,Ágata,Ágata,6.667,599.0,78.0,4.0,4.0,Avaliador-6,Avaliador-27,Avaliador-30,Avaliador-31,7.5,7.1,7.5,6.1,5.0,7.5,5.8,6.417,5.0,Fase 4 (9º ano),-1,7.435999999999998,,6.667,Ágata,2022,Fase 4,9° ano
RA-209,3,C,Masculino,2019,Escola Pública,Quartzo,Quartzo,Quartzo,4.499,843.0,140.0,7.0,4.0,Avaliador-6,Avaliador-27,Avaliador-30,Avaliador-31,0.0,4.8,5.6,6.0,5.0,5.2,7.8,3.75,5.0,Fase 4 (9º ano),-1,5.289999999999995,,4.499,Quartzo,2022,Fase 4,9° ano
RA-210,3,C,Masculino,2022,Escola Pública,,,Quartzo,4.44,844.0,141.0,8.0,4.0,Avaliador-6,Avaliador-27,Avaliador-30,Avaliador-31,0.0,5.1,7.5,3.4,2.7,5.3,2.3,4.417,5.0,Fase 4 (9º ano),-1,6.0660000000000025,,4.44,Quartzo,2022,Fase 4,9° ano
RA-211,3,C,Masculino,2021,Escola Pública,,Topázio,Topázio,8.465,39.0,10.0,1.0,4.0,Avaliador-6,Avaliador-27,Avaliador-30,Avaliador-31,9.2,8.8,7.5,7.6,6.7,7.5,8.5,8.458,10.0,Fase 3 (7º e 8º ano),0,8.233999999999995,,8.465,Topázio,2022,Fase 3,7° e 8° ano
RA-212,3,C,Masculino,2022,Escola Pública,,,Ametista,7.268,407.0,49.0,2.0,4.0,Avaliador-6,Avaliador-27,Avaliador-30,Avaliador-31,9.6,8.4,7.5,6.2,4.8,5.8,7.8,6.958,5.0,Fase 4 (9º ano),-1,7.463999999999986,,7.268,Ametista,2022,Fase 4,9° ano
RA-213,3,C,Masculino,2022,Escola Pública,,,Ametista,7.209,425.0,51.0,3.0,4.0,Avaliador-6,Avaliador-27,Avaliador-30,Avaliador-31,9.6,8.7,7.5,3.5,5.0,2.0,,6.833,10.0,Fase 3 (7º e 8º ano),0,6.923999999999992,,7.209,Ametista,2022,Fase 3,7° e 8° ano
RA-214,3,C,Masculino,2022,Escola Pública,,,Quartzo,4.87,832.0,133.0,6.0,4.0,Avaliador-6,Avaliador-27,Avaliador-30,Avaliador-31,0.0,6.1,7.5,4.3,5.0,3.5,,5.125,5.0,Fase 5 (1º EM),-2,5.149999999999997,,4.87,Quartzo,2022,Fase 5,1° EM
RA-215,3,D,Feminino,2021,Escola Pública,,Ágata,Ametista,7.172,442.0,53.0,3.0,4.0,Avaliador-6,Avaliador-27,Avaliador-30,Avaliador-31,6.7,5.8,7.5,7.8,5.7,7.7,10.0,6.542,10.0,Fase 3 (7º e 8º ano),0,7.236000000000002,,7.172,Ametista,2022,Fase 3,7° e 8° ano
RA-216,3,D,Feminino,2018,Escola Pública,Ametista,Ágata,Ametista,7.502,310.0,35.0,1.0,4.0,Avaliador-6,Avaliador-27,Avaliador-30,Avaliador-31,7.9,8.5,7.5,7.0,5.3,6.5,9.2,5.583,10.0,Fase 3 (7º e 8º ano),0,7.453999999999992,,7.502,Ametista,2022,Fase 3,7° e 8° ano
RA-217,3,D,Feminino,2021,Escola Pública,,Ametista,Ametista,7.397,363.0,42.0,2.0,4.0,Avaliador-6,Avaliador-27,Avaliador-30,Avaliador-31,7.9,8.5,7.5,7.1,6.3,7.2,7.7,7.292,5.0,Fase 5 (1º EM),-2,7.786,,7.397,Ametista,2022,Fase 5,1° EM
RA-218,3,D,Feminino,2022,Escola Pública,,,Ágata,6.1,709.0,99.0,6.0,4.0,Avaliador-6,Avaliador-27,Avaliador-30,Avaliador-31,6.3,7.3,7.5,4.0,5.0,7.0,0.0,6.125,5.0,Fase 4 (9º ano),-1,7.349999999999994,,6.1,Quartzo,2022,Fase 4,9° ano
RA-219,3,D,Masculino,2019,Escola Pública,Ametista,Ágata,Quartzo,5.942,733.0,105.0,7.0,4.0,Avaliador-6,Avaliador-27,Avaliador-30,Avaliador-31,8.8,6.9,7.5,3.5,4.0,4.8,1.7,6.375,2.5,Fase 6 (2º EM),-3,7.0699999999999985,,5.942,Quartzo,2022,Fase 6,2° EM
RA-220,3,D,Feminino,2022,Escola Pública,,,Ágata,7.028,479.0,60.0,4.0,4.0,Avaliador-6,Avaliador-27,Avaliador-30,Avaliador-31,0.0,8.1,7.5,6.5,6.8,6.8,5.8,7.833,10.0,Fase 3 (7º e 8º ano),0,7.913999999999994,,7.028,Ametista,2022,Fase 3,7° e 8° ano
RA-221,3,D,Masculino,2022,Escola Pública,,,Ágata,6.892,528.0,68.0,5.0,4.0,Avaliador-6,Avaliador-27,Avaliador-30,Avaliador-31,9.6,8.5,7.5,5.2,7.0,3.5,5.0,6.0,5.0,Fase 4 (9º ano),-1,7.42,,6.892,Ágata,2022,Fase 4,9° ano
RA-222,3,D,Feminino,2019,Escola Pública,Ágata,Ametista,Quartzo,5.604,774.0,115.0,8.0,4.0,Avaliador-6,Avaliador-27,Avaliador-30,Avaliador-31,7.1,4.6,7.5,6.2,5.0,7.5,6.0,4.917,5.0,Fase 5 (1º EM),-2,5.005999999999995,,5.604,Quartzo,2022,Fase 5,1° EM
RA-223,3,E,Feminino,2022,Escola Pública,,,Quartzo,4.966,823.0,128.0,12.0,4.0,Avaliador-6,Avaliador-27,Avaliador-30,Avaliador-31,0.0,4.6,7.5,3.1,4.3,4.7,0.2,5.583,10.0,Fase 3 (7º e 8º ano),0,5.594000000000001,,4.966,Quartzo,2022,Fase 3,7° e 8° ano
RA-224,3,E,Masculino,2021,Escola Pública,,Ágata,Quartzo,5.671,765.0,112.0,11.0,4.0,Avaliador-6,Avaliador-27,Avaliador-30,Avaliador-31,9.6,4.3,7.5,2.6,5.0,2.7,0.0,4.875,10.0,Fase 3 (7º e 8º ano),0,6.060000000000008,,5.671,Quartzo,2022,Fase 3,7° e 8° ano
RA-225,3,E,Masculino,2022,Escola Pública,,,Quartzo,5.918,736.0,107.0,10.0,4.0,Avaliador-6,Avaliador-27,Avaliador-30,Avaliador-31,8.3,5.3,7.5,5.0,3.0,7.0,,5.708,5.0,Fase 4 (9º ano),-1,6.363999999999992,,5.918,Quartzo,2022,Fase 4,9° ano
RA-226,3,E,Feminino,2022,Escola Pública,,,Ágata,6.549,638.0,82.0,4.0,4.0,Avaliador-6,Avaliador-27,Avaliador-30,Avaliador-31,7.5,6.1,7.5,6.8,7.0,6.5,,6.208,5.0,Fase 4 (9º ano),-1,7.274000000000003,,6.549,Ágata,2022,Fase 4,9° ano
RA-227,3,E,Masculino,2022,Escola Pública,,,Ágata,6.471,647.0,84.0,5.0,4.0,Avaliador-6,Avaliador-27,Avaliador-30,Avaliador-31,9.2,6.4,7.5,3.3,4.7,4.3,1.0,5.833,10.0,Fase 3 (7º e 8º ano),0,6.943999999999999,,6.471,Ágata,2022,Fase 3,7° e 8° ano
RA-228,3,E,Feminino,2017,Escola Pública,Ágata,Quartzo,Ágata,6.196,700.0,95.0,7.0,4.0,Avaliador-6,Avaliador-27,Avaliador-30,Avaliador-31,7.5,6.7,7.5,4.8,3.0,6.0,5.3,6.417,5.0,Fase 5 (1º EM),-2,6.125999999999996,,6.196,Ágata,2022,Fase 5,1° EM
RA-229,3,E,Masculino,2022,Escola Pública,,,Topázio,8.62,27.0,7.0,1.0,4.0,Avaliador-6,Avaliador-27,Avaliador-30,Avaliador-31,10.0,9.4,7.5,6.9,7.0,6.7,7.2,8.5,10.0,Fase 3 (7º e 8º ano),0,9.099999999999993,,8.62,Topázio,2022,Fase 3,7° e 8° ano
RA-230,3,E,Masculino,2022,Escola Pública,,,Ágata,6.328,676.0,92.0,6.0,4.0,Avaliador-6,Avaliador-27,Avaliador-30,Avaliador-31,7.9,5.1,7.5,5.7,3.7,4.3,9.0,6.75,5.0,Fase 4 (9º ano),-1,7.779999999999996,,6.328,Ágata,2022,Fase 4,9° ano
RA-231,3,E,Masculino,2022,Escola Pública,,,Ágata,6.116,705.0,97.0,8.0,4.0,Avaliador-6,Avaliador-27,Avaliador-30,Avaliador-31,8.8,7.4,7.5,3.8,3.0,4.5,,5.333,5.0,Fase 4 (9º ano),-1,6.793999999999993,,6.116,Ágata,2022,Fase 4,9° ano
RA-232,3,E,Masculino,2022,Escola Pública,,,Quartzo,4.245,852.0,145.0,13.0,4.0,Avaliador-6,Avaliador-27,Avaliador-30,Avaliador-31,0.0,4.9,7.5,0.0,0.0,0.0,,4.542,10.0,Fase 3 (7º e 8º ano),0,6.0660000000000025,,4.245,Quartzo,2022,Fase 3,7° e 8° ano
RA-233,3,E,Masculino,2022,Escola Pública,,,Ágata,6.051,718.0,101.0,9.0,4.0,Avaliador-6,Avaliador-27,Avaliador-30,Avaliador-31,7.9,7.4,7.5,3.8,3.0,4.5,,5.5,5.0,Fase 4 (9º ano),-1,6.709999999999994,,6.051,Quartzo,2022,Fase 4,9° ano
RA-234,3,E,Masculino,2022,Escola Pública,,,Ágata,6.719,583.0,75.0,3.0,4.0,Avaliador-6,Avaliador-27,Avaliador-30,Avaliador-31,10.0,7.6,5.6,4.3,3.7,6.3,2.8,5.583,10.0,Fase 3 (7º e 8º ano),0,6.624000000000008,,6.719,Ágata,2022,Fase 3,7° e 8° ano
RA-235,3,E,Feminino,2022,Escola Pública,,,Ágata,6.79,559.0,73.0,2.0,4.0,Avaliador-6,Avaliador-27,Avaliador-30,Avaliador-31,8.3,7.3,7.5,6.3,7.0,5.5,,6.417,5.0,Fase 4 (9º ano),-1,7.065999999999999,,6.79,Ágata,2022,Fase 4,9° ano
RA-236,3,F,Feminino,2022,Escola Pública,,,Ametista,7.11,452.0,55.0,9.0,4.0,Avaliador-6,Avaliador-27,Avaliador-30,Avaliador-31,9.6,7.5,7.5,3.7,4.0,4.0,3.0,7.208,10.0,Fase 3 (7º e 8º ano),0,7.183999999999999,,7.11,Ametista,2022,Fase 3,7° e 8° ano
RA-237,3,F,Feminino,2022,Escola Pública,,,Topázio,8.084,121.0,19.0,6.0,4.0,Avaliador-6,Avaliador-27,Avaliador-30,Avaliador-31,10.0,9.0,7.5,7.8,6.8,7.7,8.8,8.417,5.0,Fase 4 (9º ano),-1,7.905999999999995,,8.084,Topázio,2022,Fase 4,9° ano
RA-238,3,F,Feminino,2021,Escola Pública,,Ágata,Ágata,6.331,674.0,91.0,12.0,4.0,Avaliador-6,Avaliador-27,Avaliador-30,Avaliador-31,8.8,6.4,5.0,5.1,4.3,6.5,4.5,7.208,5.0,Fase 4 (9º ano),-1,7.093999999999996,,6.331,Ágata,2022,Fase 4,9° ano
RA-239,3,F,Feminino,2021,Escola Pública,,Quartzo,Quartzo,4.572,840.0,138.0,13.0,4.0,Avaliador-6,Avaliador-27,Avaliador-30,Avaliador-31,0.0,3.7,7.5,3.7,2.0,4.7,4.5,5.958,5.0,Fase 5 (1º EM),-2,6.503999999999994,,4.572,Quartzo,2022,Fase 5,1° EM
RA-240,3,F,Feminino,2017,Rede Decisão,Ametista,Ametista,Ágata,6.943,510.0,65.0,11.0,4.0,Avaliador-6,Avaliador-27,Avaliador-30,Avaliador-31,7.1,8.1,5.0,4.7,6.3,5.0,2.8,7.042,10.0,Fase 3 (7º e 8º ano),0,7.645999999999997,,6.943,Ágata,2022,Fase 3,7° e 8° ano
RA-241,3,F,Masculino,2016,Rede Decisão,Ametista,Topázio,Topázio,8.468,38.0,9.0,5.0,4.0,Avaliador-6,Avaliador-27,Avaliador-30,Avaliador-31,10.0,10.0,7.5,7.7,8.2,7.5,7.3,9.125,5.0,Fase 4 (9º ano),-1,8.529999999999998,,8.468,Topázio,2022,Fase 4,9° ano
RA-242,3,F,Masculino,2018,Rede Decisão,Ametista,Ametista,Topázio,8.673,19.0,3.0,1.0,4.0,Avaliador-6,Avaliador-27,Avaliador-30,Avaliador-31,9.6,9.7,5.6,8.2,8.7,7.2,8.7,8.708,10.0,Fase 3 (7º e 8º ano),0,8.314000000000004,,8.673,Topázio,2022,Fase 3,7° e 8° ano
RA-243,3,F,Feminino,2022,Escola Pública,,,Ágata,6.982,493.0,63.0,10.0,4.0,Avaliador-6,Avaliador-27,Avaliador-30,Avaliador-31,7.1,8.7,5.0,6.0,5.0,5.3,7.7,7.875,5.0,Fase 5 (1º EM),-2,7.569999999999997,,6.982,Ágata,2022,Fase 5,1° EM
RA-244,3,F,Feminino,2018,Rede Decisão,Topázio,Topázio,Topázio,8.51,34.0,8.0,4.0,4.0,Avaliador-6,Avaliador-27,Avaliador-30,Avaliador-31,7.5,9.4,6.3,7.8,6.7,8.0,8.7,9.208,10.0,Fase 3 (7º e 8º ano),0,8.483999999999998,,8.51,Topázio,2022,Fase 3,7° e 8° ano
RA-245,3,F,Masculino,2016,Rede Decisão,Ametista,Topázio,Topázio,8.656,20.0,4.0,2.0,4.0,Avaliador-6,Avaliador-27,Avaliador-30,Avaliador-31,10.0,9.9,7.5,8.4,8.3,8.2,8.8,9.25,5.0,Fase 4 (9º ano),-1,8.960000000000008,,8.656,Topázio,2022,Fase 4,9° ano
RA-246,3,F,Masculino,2022,Escola Pública,,,Topázio,8.639,23.0,5.0,3.0,4.0,Avaliador-6,Avaliador-27,Avaliador-30,Avaliador-31,8.3,9.4,7.5,7.6,8.0,6.7,8.0,9.167,10.0,Fase 3 (7º e 8º ano),0,8.255999999999988,,8.639,Topázio,2022,Fase 3,7° e 8° ano
RA-247,3,F,Feminino,2021,Escola Pública,,Ágata,Ametista,7.72,230.0,32.0,7.0,4.0,Avaliador-6,Avaliador-27,Avaliador-30,Avaliador-31,8.3,8.2,7.5,5.8,5.3,5.7,6.3,7.875,10.0,Fase 3 (7º e 8º ano),0,7.649999999999997,,7.72,Ametista,2022,Fase 3,7° e 8° ano
RA-248,3,F,Masculino,2022,Escola Pública,,,Ametista,7.429,343.0,39.0,8.0,4.0,Avaliador-6,Avaliador-27,Avaliador-30,Avaliador-31,9.2,7.6,7.5,5.2,4.0,5.5,6.0,7.292,10.0,Fase 3 (7º e 8º ano),0,7.405999999999997,,7.429,Ametista,2022,Fase 3,7° e 8° ano
RA-249,3,G,Masculino,2017,Escola Pública,Ágata,Ágata,Quartzo,5.097,816.0,125.0,10.0,4.0,Avaliador-6,Avaliador-27,Avaliador-30,Avaliador-31,6.7,7.4,5.0,2.9,2.3,4.2,2.2,4.292,5.0,Fase 4 (9º ano),-1,5.086000000000004,,5.097,Quartzo,2022,Fase 4,9° ano
RA-250,3,G,Feminino,2022,Escola Pública,,,Ametista,7.958,152.0,23.0,1.0,4.0,Avaliador-6,Avaliador-27,Avaliador-30,Avaliador-31,8.3,8.6,7.5,6.6,6.7,6.5,6.7,7.625,10.0,Fase 3 (7º e 8º ano),0,8.129999999999997,,7.958,Ametista,2022,Fase 3,7° e 8° ano
RA-251,3,G,Masculino,2018,Escola Pública,Ametista,Ametista,Ágata,7.022,482.0,62.0,4.0,4.0,Avaliador-6,Avaliador-27,Avaliador-30,Avaliador-31,10.0,8.1,5.6,6.3,5.3,6.3,7.2,6.625,5.0,Fase 5 (1º EM),-2,7.570000000000006,,7.022,Ametista,2022,Fase 5,1° EM
RA-252,3,G,Masculino,2018,Escola Pública,Ágata,Quartzo,Quartzo,4.277,850.0,143.0,14.0,4.0,Avaliador-6,Avaliador-27,Avaliador-30,Avaliador-31,9.2,2.8,7.5,0.9,1.3,1.2,0.2,3.875,5.0,Fase 4 (9º ano),-1,5.920000000000001,,4.277,Quartzo,2022,Fase 4,9° ano
RA-253,3,G,Masculino,2019,Escola Pública,Ágata,Ágata,Quartzo,4.312,847.0,142.0,13.0,4.0,Avaliador-6,Avaliador-27,Avaliador-30,Avaliador-31,9.2,3.6,5.0,1.8,1.0,3.7,0.7,3.75,5.0,Fase 5 (1º EM),-2,5.620000000000003,,4.312,Quartzo,2022,Fase 5,1° EM
RA-254,3,G,Masculino,2019,Escola Pública,Ametista,Ametista,Ágata,6.715,584.0,76.0,7.0,4.0,Avaliador-6,Avaliador-27,Avaliador-30,Avaliador-31,10.0,7.4,5.6,5.3,5.0,6.8,4.0,6.917,5.0,Fase 4 (9º ano),-1,7.3160000000000025,,6.715,Ágata,2022,Fase 4,9° ano
RA-255,3,G,Masculino,2019,Escola Pública,Quartzo,Quartzo,Quartzo,4.563,841.0,139.0,12.0,4.0,Avaliador-6,Avaliador-27,Avaliador-30,Avaliador-31,7.5,3.8,5.0,1.3,1.0,2.3,0.5,5.542,5.0,Fase 4 (9º ano),-1,6.8459999999999965,,4.563,Quartzo,2022,Fase 4,9° ano
RA-256,3,G,Feminino,2019,Escola Pública,Ametista,Ametista,Ametista,7.192,433.0,52.0,3.0,4.0,Avaliador-6,Avaliador-27,Avaliador-30,Avaliador-31,8.8,8.5,5.0,5.2,5.3,6.7,3.5,6.708,10.0,Fase 3 (7º e 8º ano),0,7.303999999999995,,7.192,Ametista,2022,Fase 3,7° e 8° ano
RA-257,3,G,Feminino,2018,Escola Pública,Ametista,Ametista,Quartzo,5.149,815.0,124.0,9.0,4.0,Avaliador-6,Avaliador-27,Avaliador-30,Avaliador-31,0.0,6.4,5.6,3.6,4.0,5.2,1.5,6.708,5.0,Fase 4 (9º ano),-1,7.473999999999998,,5.149,Quartzo,2022,Fase 4,9° ano
RA-258,3,G,Feminino,2018,Escola Pública,Ametista,Topázio,Ágata,6.926,517.0,67.0,5.0,4.0,Avaliador-6,Avaliador-27,Avaliador-30,Avaliador-31,10.0,7.3,5.6,4.8,2.7,6.2,5.5,6.125,10.0,Fase 3 (7º e 8º ano),0,7.210000000000001,,6.926,Ágata,2022,Fase 3,7° e 8° ano
RA-259,3,G,Masculino,2017,Escola Pública,Quartzo,Quartzo,Quartzo,4.182,853.0,146.0,15.0,4.0,Avaliador-6,Avaliador-27,Avaliador-30,Avaliador-31,8.8,2.9,7.5,0.9,0.0,2.7,0.2,4.625,2.5,Fase 6 (2º EM),-3,6.17,,4.182,Quartzo,2022,Fase 6,2° EM
RA-260,3,G,Feminino,2019,Escola Pública,Topázio,Ametista,Ametista,7.44,340.0,38.0,2.0,4.0,Avaliador-6,Avaliador-27,Avaliador-30,Avaliador-31,10.0,8.2,7.5,5.0,5.7,5.2,4.2,6.458,10.0,Fase 3 (7º e 8º ano),0,7.5840000000000085,,7.44,Ametista,2022,Fase 3,7° e 8° ano
RA-261,3,G,Feminino,2019,Escola Pública,Ágata,Quartzo,Ágata,6.763,566.0,74.0,6.0,4.0,Avaliador-6,Avaliador-27,Avaliador-30,Avaliador-31,8.8,7.2,5.6,5.8,6.2,5.8,5.5,7.042,5.0,Fase 4 (9º ano),-1,8.145999999999995,,6.763,Ágata,2022,Fase 4,9° ano
RA-262,3,G,Masculino,2021,Escola Pública,,Quartzo,Quartzo,4.786,835.0,135.0,11.0,4.0,Avaliador-6,Avaliador-27,Avaliador-30,Avaliador-31,0.0,5.8,5.6,3.4,1.3,5.5,3.5,5.625,5.0,Fase 5 (1º EM),-2,7.609999999999992,,4.786,Quartzo,2022,Fase 5,1° EM
RA-263,3,G,Feminino,2019,Escola Pública,Ágata,Quartzo,Quartzo,5.319,800.0,121.0,8.0,4.0,Avaliador-6,Avaliador-27,Avaliador-30,Avaliador-31,5.8,5.6,7.5,3.7,3.0,2.8,5.4,4.417,5.0,Fase 5 (1º EM),-2,7.455999999999996,,5.319,Quartzo,2022,Fase 5,1° EM
RA-264,3,I,Feminino,2022,Escola Pública,,,Ametista,7.087,460.0,57.0,2.0,4.0,Avaliador-6,Avaliador-27,Avaliador-30,Avaliador-31,10.0,9.2,5.6,5.8,6.0,5.5,,6.625,5.0,Fase 5 (1º EM),-2,7.02,,7.087,Ametista,2022,Fase 5,1° EM
RA-265,3,I,Masculino,2019,Escola Pública,Ametista,Ametista,Ametista,7.926,162.0,26.0,1.0,4.0,Avaliador-6,Avaliador-27,Avaliador-30,Avaliador-31,8.3,7.7,7.5,6.9,5.3,7.0,8.5,7.917,10.0,Fase 3 (7º e 8º ano),0,8.426,,7.926,Ametista,2022,Fase 3,7° e 8° ano
RA-266,3,I,Feminino,2019,Escola Pública,Quartzo,Quartzo,Quartzo,5.987,730.0,104.0,4.0,4.0,Avaliador-6,Avaliador-27,Avaliador-30,Avaliador-31,7.5,5.8,5.6,6.0,5.0,6.7,6.3,6.583,2.5,Fase 6 (2º EM),-3,7.503999999999991,,5.987,Quartzo,2022,Fase 6,2° EM
RA-267,3,I,Feminino,2016,Escola Pública,Ágata,Quartzo,Ágata,6.012,727.0,103.0,3.0,4.0,Avaliador-6,Avaliador-27,Avaliador-30,Avaliador-31,10.0,7.4,5.0,3.3,2.3,4.8,2.7,6.292,5.0,Fase 5 (1º EM),-2,6.13599999999999,,6.012,Quartzo,2022,Fase 5,1° EM
RA-268,3,K,Feminino,2021,Escola Pública,,Ágata,Ágata,6.695,590.0,77.0,11.0,4.0,Avaliador-6,Avaliador-27,Avaliador-30,Avaliador-31,9.2,6.7,6.3,5.7,7.0,6.8,3.2,7.208,5.0,Fase 4 (9º ano),-1,7.233999999999998,,6.695,Ágata,2022,Fase 4,9° ano
RA-269,3,K,Masculino,2022,Escola Pública,,,Topázio,8.231,76.0,13.0,2.0,4.0,Avaliador-6,Avaliador-27,Avaliador-30,Avaliador-31,9.2,8.6,6.3,8.9,8.7,9.5,8.5,7.25,10.0,Fase 3 (7º e 8º ano),0,7.309999999999999,,8.231,Topázio,2022,Fase 3,7° e 8° ano
RA-270,3,K,Feminino,2019,Rede Decisão,Ametista,Topázio,Topázio,8.226,79.0,14.0,3.0,4.0,Avaliador-6,Avaliador-27,Avaliador-30,Avaliador-31,8.3,8.4,6.9,7.9,8.0,7.2,8.5,8.125,10.0,Fase 3 (7º e 8º ano),0,8.210000000000006,,8.226,Topázio,2022,Fase 3,7° e 8° ano
RA-271,3,K,Feminino,2022,Escola Pública,,,Ametista,7.255,411.0,50.0,8.0,4.0,Avaliador-6,Avaliador-27,Avaliador-30,Avaliador-31,9.2,8.5,5.6,7.1,6.3,6.5,8.3,6.958,5.0,Fase 5 (1º EM),-2,7.633999999999999,,7.255,Ametista,2022,Fase 5,1° EM
RA-272,3,K,Masculino,2021,Escola Pública,,Ágata,Ágata,6.361,666.0,88.0,14.0,4.0,Avaliador-6,Avaliador-27,Avaliador-30,Avaliador-31,9.2,5.7,7.5,5.1,5.0,6.8,3.5,6.417,5.0,Fase 4 (9º ano),-1,7.475999999999994,,6.361,Ágata,2022,Fase 4,9° ano
RA-273,3,K,Feminino,2018,Escola Pública,Ametista,Ametista,Quartzo,5.679,761.0,110.0,15.0,4.0,Avaliador-6,Avaliador-27,Avaliador-30,Avaliador-31,9.2,5.3,7.5,3.0,3.8,4.7,0.5,5.833,5.0,Fase 4 (9º ano),-1,6.824000000000003,,5.679,Quartzo,2022,Fase 4,9° ano
RA-274,3,K,Feminino,2019,Rede Decisão,Ametista,Topázio,Ametista,7.946,157.0,24.0,5.0,4.0,Avaliador-6,Avaliador-27,Avaliador-30,Avaliador-31,7.9,8.3,7.5,8.1,8.1,9.3,7.0,7.0,10.0,Fase 2 (5º e 6º ano),1,7.259999999999991,,7.946,Ametista,2022,Fase 2,5° e 6° ano
RA-275,3,K,Masculino,2018,Escola Pública,Quartzo,Ágata,Ágata,6.665,600.0,79.0,12.0,4.0,Avaliador-6,Avaliador-27,Avaliador-30,Avaliador-31,9.6,6.9,7.5,4.6,5.0,6.0,2.7,6.667,5.0,Fase 5 (1º EM),-2,8.216000000000001,,6.665,Ágata,2022,Fase 5,1° EM
RA-276,3,K,Feminino,2017,Escola Pública,Ágata,Quartzo,Quartzo,5.527,788.0,118.0,16.0,4.0,Avaliador-6,Avaliador-27,Avaliador-30,Avaliador-31,7.1,5.7,5.6,4.3,3.7,6.0,3.3,5.125,5.0,Fase 4 (9º ano),-1,7.320000000000002,,5.527,Quartzo,2022,Fase 4,9° ano
RA-277,3,K,Masculino,2021,Escola Pública,,Ametista,Ametista,7.411,354.0,41.0,7.0,4.0,Avaliador-6,Avaliador-27,Avaliador-30,Avaliador-31,7.1,8.8,7.5,7.4,7.2,7.0,8.2,7.208,5.0,Fase 4 (9º ano),-1,7.693999999999992,,7.411,Ametista,2022,Fase 4,9° ano
RA-278,3,K,Masculino,2018,Rede Decisão,Ametista,Topázio,Ametista,7.741,222.0,31.0,6.0,4.0,Avaliador-6,Avaliador-27,Avaliador-30,Avaliador-31,8.8,9.2,5.6,6.0,5.7,5.8,6.4,7.417,10.0,Fase 3 (7º e 8º ano),0,7.775999999999996,,7.741,Ametista,2022,Fase 3,7° e 8° ano
RA-279,3,K,Masculino,2019,Rede Decisão,Topázio,Topázio,Topázio,8.815,10.0,1.0,1.0,4.0,Avaliador-6,Avaliador-27,Avaliador-30,Avaliador-31,9.2,9.9,6.3,9.1,9.7,8.3,9.3,8.208,10.0,Fase 3 (7º e 8º ano),0,8.233999999999986,,8.815,Topázio,2022,Fase 3,7° e 8° ano
RA-280,3,K,Feminino,2021,Rede Decisão,,Topázio,Ametista,8.046,133.0,20.0,4.0,4.0,Avaliador-6,Avaliador-27,Avaliador-30,Avaliador-31,7.5,9.2,7.5,7.1,5.7,7.0,8.7,7.333,10.0,Fase 3 (7º e 8º ano),0,8.193999999999999,,8.046,Topázio,2022,Fase 3,7° e 8° ano
RA-281,3,K,Feminino,2019,Escola Pública,Ametista,Ágata,Ágata,6.806,553.0,71.0,10.0,4.0,Avaliador-6,Avaliador-27,Avaliador-30,Avaliador-31,6.7,6.9,7.5,5.9,5.0,6.8,6.0,5.625,10.0,Fase 3 (7º e 8º ano),0,7.009999999999996,,6.806,Ágata,2022,Fase 3,7° e 8° ano
RA-282,3,K,Feminino,2019,Escola Pública,Ametista,Ágata,Ágata,6.618,620.0,80.0,13.0,4.0,Avaliador-6,Avaliador-27,Avaliador-30,Avaliador-31,8.8,6.8,7.5,4.0,4.7,6.3,1.0,5.625,10.0,Fase 3 (7º e 8º ano),0,7.030000000000003,,6.618,Ágata,2022,Fase 3,7° e 8° ano
RA-283,3,K,Masculino,2020,Escola Pública,Ágata,Ágata,Ametista,7.131,448.0,54.0,9.0,4.0,Avaliador-6,Avaliador-27,Avaliador-30,Avaliador-31,9.6,8.8,7.5,5.6,4.5,5.8,6.6,6.625,5.0,Fase 4 (9º ano),-1,7.160000000000002,,7.131,Ametista,2022,Fase 4,9° ano
RA-284,3,L,Masculino,2022,Escola Pública,,,Quartzo,5.939,734.0,106.0,3.0,4.0,Avaliador-6,Avaliador-27,Avaliador-30,Avaliador-31,6.7,5.1,5.6,3.8,7.0,4.5,0.0,5.958,10.0,Fase 3 (7º e 8º ano),0,7.3740000000000006,,5.939,Quartzo,2022,Fase 3,7° e 8° ano
RA-285,3,L,Feminino,2020,Escola Pública,Ametista,Quartzo,Quartzo,5.063,817.0,126.0,5.0,4.0,Avaliador-6,Avaliador-27,Avaliador-30,Avaliador-31,9.2,4.1,7.5,2.8,4.0,3.2,1.2,5.75,2.5,Fase 6 (2º EM),-3,6.1299999999999955,,5.063,Quartzo,2022,Fase 6,2° EM
RA-286,3,L,Feminino,2022,Escola Pública,,,Quartzo,5.424,794.0,119.0,4.0,4.0,Avaliador-6,Avaliador-27,Avaliador-30,Avaliador-31,7.1,5.8,6.3,3.0,4.7,2.3,2.0,5.625,5.0,Fase 5 (1º EM),-2,6.990000000000007,,5.424,Quartzo,2022,Fase 5,1° EM
RA-287,3,L,Feminino,2022,Escola Pública,,,Quartzo,3.7,859.0,148.0,11.0,4.0,Avaliador-6,Avaliador-27,Avaliador-30,Avaliador-31,7.9,3.4,5.0,1.1,0.7,2.5,0.2,4.292,2.5,Fase 7 (3º EM),-4,4.015999999999997,,3.7,Quartzo,2022,Fase 7,3° EM
RA-288,3,L,Feminino,2022,Escola Pública,,,Quartzo,4.097,854.0,147.0,10.0,4.0,Avaliador-6,Avaliador-27,Avaliador-30,Avaliador-31,0.0,5.6,6.3,0.0,0.0,0.0,,6.833,2.5,Fase 6 (2º EM),-3,7.304000000000004,,4.097,Quartzo,2022,Fase 6,2° EM
RA-289,3,L,Feminino,2020,Escola Pública,Ametista,Quartzo,Ágata,6.236,699.0,94.0,2.0,4.0,Avaliador-6,Avaliador-27,Avaliador-30,Avaliador-31,0.0,7.8,6.3,6.8,5.3,7.5,7.5,7.25,5.0,Fase 4 (9º ano),-1,7.359999999999998,,6.236,Ágata,2022,Fase 4,9° ano
RA-290,3,L,Feminino,2022,Escola Pública,,,Quartzo,4.929,830.0,131.0,7.0,4.0,Avaliador-6,Avaliador-27,Avaliador-30,Avaliador-31,10.0,3.9,6.3,1.7,1.0,2.3,1.8,6.042,2.5,Fase 7 (3º EM),-4,7.206000000000001,,4.929,Quartzo,2022,Fase 7,3° EM
RA-291,3,L,Masculino,2022,Escola Pública,,,Topázio,8.122,107.0,18.0,1.0,4.0,Avaliador-6,Avaliador-27,Avaliador-30,Avaliador-31,8.3,8.2,6.9,8.0,8.0,7.5,8.5,7.792,10.0,Fase 3 (7º e 8º ano),0,8.035999999999994,,8.122,Topázio,2022,Fase 3,7° e 8° ano
RA-292,3,L,Masculino,2022,Escola Pública,,,Quartzo,4.837,833.0,134.0,9.0,4.0,Avaliador-6,Avaliador-27,Avaliador-30,Avaliador-31,7.9,3.7,7.5,1.8,0.0,5.0,0.5,6.292,2.5,Fase 6 (2º EM),-3,6.885999999999992,,4.837,Quartzo,2022,Fase 6,2° EM
RA-293,3,L,Masculino,2022,Escola Pública,,,Quartzo,4.875,831.0,132.0,8.0,4.0,Avaliador-6,Avaliador-27,Avaliador-30,Avaliador-31,8.8,2.9,7.5,2.3,2.0,3.8,1.0,3.333,10.0,Fase 3 (7º e 8º ano),0,5.384000000000002,,4.875,Quartzo,2022,Fase 3,7° e 8° ano
RA-294,3,L,Feminino,2022,Escola Pública,,,Quartzo,5.031,819.0,127.0,6.0,4.0,Avaliador-6,Avaliador-27,Avaliador-30,Avaliador-31,9.6,5.8,7.5,0.0,0.0,0.0,,5.917,2.5,Fase 8 (Universitários),-5,7.1875,,5.031,Quartzo,2022,Fase 8,Universitários
RA-295,3,M,Feminino,2022,Escola Pública,,,Ametista,7.305,386.0,45.0,2.0,4.0,Avaliador-6,Avaliador-27,Avaliador-30,Avaliador-31,7.9,8.0,7.5,6.9,5.3,7.7,7.7,7.375,5.0,Fase 4 (9º ano),-1,8.099999999999987,,7.305,Ametista,2022,Fase 4,9° ano
RA-296,3,M,Feminino,2022,Escola Pública,,,Quartzo,4.665,839.0,137.0,16.0,4.0,Avaliador-6,Avaliador-27,Avaliador-30,Avaliador-31,8.8,3.6,7.5,2.8,5.7,2.7,0.2,3.833,5.0,Fase 5 (1º EM),-2,4.883999999999995,,4.665,Quartzo,2022,Fase 5,1° EM
RA-297,3,M,Feminino,2022,Escola Pública,,,Ametista,7.478,324.0,36.0,1.0,4.0,Avaliador-6,Avaliador-27,Avaliador-30,Avaliador-31,7.1,7.9,6.3,6.6,6.3,5.3,8.2,7.417,10.0,Fase 3 (7º e 8º ano),0,7.545999999999999,,7.478,Ametista,2022,Fase 3,7° e 8° ano
RA-298,3,M,Masculino,2019,Escola Pública,Ametista,Ágata,Ágata,6.409,659.0,86.0,7.0,4.0,Avaliador-6,Avaliador-27,Avaliador-30,Avaliador-31,9.2,6.3,5.6,5.2,5.5,4.8,,5.417,10.0,Fase 3 (7º e 8º ano),0,5.456000000000003,,6.409,Ágata,2022,Fase 3,7° e 8° ano
RA-299,3,M,Feminino,2019,Rede Decisão,Topázio,Ametista,Ametista,7.278,404.0,48.0,3.0,4.0,Avaliador-6,Avaliador-27,Avaliador-30,Avaliador-31,7.1,8.2,5.0,6.8,6.3,7.3,6.7,6.708,10.0,Fase 3 (7º e 8º ano),0,7.2639999999999905,,7.278,Ametista,2022,Fase 3,7° e 8° ano
RA-300,3,M,Masculino,2022,Escola Pública,,,Quartzo,5.557,781.0,116.0,14.0,4.0,Avaliador-6,Avaliador-27,Avaliador-30,Avaliador-31,5.4,6.9,6.3,3.1,2.7,4.8,1.7,5.875,5.0,Fase 4 (9º ano),-1,7.120000000000006,,5.557,Quartzo,2022,Fase 4,9° ano
RA-301,3,M,Feminino,2019,Escola Pública,Ametista,Ametista,Ágata,6.802,554.0,72.0,5.0,4.0,Avaliador-6,Avaliador-27,Avaliador-30,Avaliador-31,8.8,5.8,5.6,6.3,6.5,7.2,5.4,6.042,10.0,Fase 3 (7º e 8º ano),0,7.336,,6.802,Ágata,2022,Fase 3,7° e 8° ano
RA-302,3,M,Masculino,2022,Escola Pública,,,Ágata,6.334,673.0,90.0,10.0,4.0,Avaliador-6,Avaliador-27,Avaliador-30,Avaliador-31,9.2,7.7,6.9,4.8,4.3,5.0,5.0,6.208,2.5,Fase 6 (2º EM),-3,7.323999999999993,,6.334,Ágata,2022,Fase 6,2° EM
RA-303,3,M,Masculino,2019,Escola Pública,Ametista,Ágata,Ágata,6.03,723.0,102.0,13.0,4.0,Avaliador-6,Avaliador-27,Avaliador-30,Avaliador-31,7.5,7.2,7.5,3.9,3.8,4.0,,5.375,5.0,Fase 4 (9º ano),-1,7.349999999999994,,6.03,Quartzo,2022,Fase 4,9° ano
RA-304,3,M,Masculino,2020,Escola Pública,Ametista,Ágata,Ágata,6.355,667.0,89.0,9.0,4.0,Avaliador-6,Avaliador-27,Avaliador-30,Avaliador-31,8.8,7.7,7.5,4.3,3.0,5.5,,5.542,5.0,Fase 5 (1º EM),-2,7.165999999999997,,6.355,Ágata,2022,Fase 5,1° EM
RA-305,3,M,Masculino,2019,Escola Pública,Ametista,Ágata,Ágata,6.058,717.0,100.0,12.0,4.0,Avaliador-6,Avaliador-27,Avaliador-30,Avaliador-31,7.9,6.6,7.5,4.8,2.8,6.7,,5.208,5.0,Fase 4 (9º ano),-1,6.963999999999997,,6.058,Quartzo,2022,Fase 4,9° ano
RA-306,3,M,Feminino,2021,Escola Pública,,Ametista,Ágata,6.427,656.0,85.0,6.0,4.0,Avaliador-6,Avaliador-27,Avaliador-30,Avaliador-31,8.3,6.8,7.5,5.2,4.7,5.8,5.0,5.958,5.0,Fase 4 (9º ano),-1,7.55399999999999,,6.427,Ágata,2022,Fase 4,9° ano
RA-307,3,M,Masculino,2022,Escola Pública,,,Quartzo,4.733,838.0,136.0,15.0,4.0,Avaliador-6,Avaliador-27,Avaliador-30,Avaliador-31,5.4,4.5,7.5,2.5,5.0,0.0,,4.708,5.0,Fase 4 (9º ano),-1,6.013999999999999,,4.733,Quartzo,2022,Fase 4,9° ano
RA-308,3,M,Masculino,2019,Escola Pública,Ametista,Ametista,Ágata,6.93,514.0,66.0,4.0,4.0,Avaliador-6,Avaliador-27,Avaliador-30,Avaliador-31,7.9,7.4,6.9,5.0,6.7,5.5,2.8,6.167,10.0,Fase 3 (7º e 8º ano),0,7.3659999999999926,,6.93,Ágata,2022,Fase 3,7° e 8° ano
RA-309,3,M,Feminino,2022,Escola Pública,,,Ágata,6.151,702.0,96.0,11.0,4.0,Avaliador-6,Avaliador-27,Avaliador-30,Avaliador-31,9.2,5.2,7.5,6.5,7.0,6.0,,5.083,5.0,Fase 4 (9º ano),-1,6.243999999999996,,6.151,Ágata,2022,Fase 4,9° ano
RA-310,3,M,Feminino,2022,Escola Pública,,,Ágata,6.4,662.0,87.0,8.0,4.0,Avaliador-6,Avaliador-27,Avaliador-30,Avaliador-31,7.9,7.5,7.5,4.5,3.7,3.8,6.0,6.0,5.0,Fase 5 (1º EM),-2,7.600000000000007,,6.4,Ágata,2022,Fase 5,1° EM
RA-311,3,N,Feminino,2022,Escola Pública,,,Quartzo,5.652,771.0,114.0,13.0,3.0,Avaliador-6,Avaliador-30,Avaliador-31,,7.9,5.6,5.0,5.2,5.0,6.2,4.3,6.222,2.5,Fase 6 (2º EM),-3,7.076000000000002,,5.652,Quartzo,2022,Fase 6,2° EM
RA-312,3,N,Feminino,2022,Escola Pública,,,Ametista,7.339,378.0,43.0,5.0,3.0,Avaliador-6,Avaliador-30,Avaliador-31,,9.6,8.1,7.5,5.2,6.0,4.5,5.0,6.167,10.0,Fase 3 (7º e 8º ano),0,7.355999999999998,,7.339,Ametista,2022,Fase 3,7° e 8° ano
RA-313,3,N,Feminino,2022,Escola Pública,,,Quartzo,5.8,750.0,108.0,11.0,3.0,Avaliador-6,Avaliador-30,Avaliador-31,,7.5,7.0,5.0,4.1,4.7,5.0,2.5,5.889,5.0,Fase 4 (9º ano),-1,6.521999999999997,,5.8,Quartzo,2022,Fase 4,9° ano
RA-314,3,N,Feminino,2022,Escola Pública,,,Ágata,6.1,708.0,98.0,10.0,3.0,Avaliador-6,Avaliador-30,Avaliador-31,,5.4,5.4,5.0,5.3,4.3,3.3,8.3,6.0,10.0,Fase 3 (7º e 8º ano),0,7.1999999999999975,,6.1,Quartzo,2022,Fase 3,7° e 8° ano
RA-315,3,N,Feminino,2022,Escola Pública,,,Quartzo,5.672,764.0,111.0,12.0,3.0,Avaliador-6,Avaliador-30,Avaliador-31,,6.7,5.1,7.5,3.0,3.0,4.2,1.8,5.056,10.0,Fase 3 (7º e 8º ano),0,6.208,,5.672,Quartzo,2022,Fase 3,7° e 8° ano
RA-316,3,N,Feminino,2022,Escola Pública,,,Ametista,7.889,174.0,28.0,2.0,3.0,Avaliador-6,Avaliador-30,Avaliador-31,,10.0,10.0,6.9,6.1,7.0,6.5,4.7,8.389,5.0,Fase 4 (9º ano),-1,8.012000000000006,,7.889,Ametista,2022,Fase 4,9° ano
RA-317,3,N,Masculino,2021,Escola Pública,,Ametista,Ametista,7.04,474.0,59.0,6.0,3.0,Avaliador-6,Avaliador-30,Avaliador-31,,8.8,5.6,7.5,6.8,4.7,5.7,10.0,5.944,10.0,Fase 3 (7º e 8º ano),0,7.412000000000001,,7.04,Ametista,2022,Fase 3,7° e 8° ano
RA-318,3,N,Feminino,2019,Escola Pública,Ágata,Ametista,Ágata,6.527,640.0,83.0,9.0,3.0,Avaliador-6,Avaliador-30,Avaliador-31,,8.3,6.9,6.9,5.8,4.3,5.8,7.3,6.111,5.0,Fase 4 (9º ano),-1,7.447999999999997,,6.527,Ágata,2022,Fase 4,9° ano
RA-319,3,N,Masculino,2022,Escola Pública,,,Ametista,7.448,336.0,37.0,4.0,3.0,Avaliador-6,Avaliador-30,Avaliador-31,,9.2,7.7,7.5,5.2,6.3,4.3,5.0,7.5,10.0,Fase 3 (7º e 8º ano),0,6.980000000000004,,7.448,Ametista,2022,Fase 3,7° e 8° ano
RA-320,3,N,Feminino,2022,Escola Pública,,,Ametista,7.897,170.0,27.0,1.0,3.0,Avaliador-6,Avaliador-30,Avaliador-31,,8.8,10.0,6.9,6.4,7.3,6.3,5.7,8.667,5.0,Fase 4 (9º ano),-1,8.135999999999992,,7.897,Ametista,2022,Fase 4,9° ano
RA-321,3,N,Feminino,2022,Escola Pública,,,Ametista,7.792,202.0,30.0,3.0,3.0,Avaliador-6,Avaliador-30,Avaliador-31,,9.2,9.1,5.6,5.2,5.7,6.2,3.7,8.278,10.0,Fase 3 (7º e 8º ano),0,7.964000000000002,,7.792,Ametista,2022,Fase 3,7° e 8° ano
RA-322,3,N,Feminino,2022,Escola Pública,,,Ágata,6.859,536.0,70.0,8.0,3.0,Avaliador-6,Avaliador-30,Avaliador-31,,7.1,8.1,5.0,4.7,4.3,5.7,4.0,6.778,10.0,Fase 3 (7º e 8º ano),0,7.334000000000005,,6.859,Ágata,2022,Fase 3,7° e 8° ano
RA-323,3,N,Masculino,2022,Escola Pública,,,Ágata,6.86,535.0,69.0,7.0,3.0,Avaliador-6,Avaliador-30,Avaliador-31,,9.2,7.3,7.5,3.4,7.3,2.5,0.5,6.611,10.0,Fase 3 (7º e 8º ano),0,7.277999999999993,,6.86,Ágata,2022,Fase 3,7° e 8° ano
RA-324,2,A,Feminino,2022,Escola Pública,,,Topázio,8.27,66.0,6.0,1.0,3.0,Avaliador-5,Avaliador-2,Avaliador-15,,10.0,9.3,6.9,6.8,6.3,7.2,,8.611,10.0,Fase 2 (5º e 6º ano),0,6.377999999999986,,8.27,Topázio,2022,Fase 2,5° e 6° ano
RA-325,2,A,Masculino,2022,Escola Pública,,,Ametista,7.619,265.0,42.0,6.0,3.0,Avaliador-5,Avaliador-2,Avaliador-15,,9.5,6.8,7.5,6.0,6.0,6.0,,8.444,10.0,Fase 2 (5º e 6º ano),0,6.701999999999986,,7.619,Ametista,2022,Fase 2,5° e 6° ano
RA-326,2,A,Feminino,2022,Escola Pública,,,Topázio,8.22,80.0,9.0,2.0,3.0,Avaliador-5,Avaliador-2,Avaliador-15,,10.0,9.7,5.0,9.0,8.7,9.3,,8.944,5.0,Fase 3 (7º e 8º ano),-1,6.912000000000003,,8.22,Topázio,2022,Fase 3,7° e 8° ano
RA-327,2,A,Masculino,2021,Escola Pública,,Ametista,Ágata,6.986,491.0,72.0,7.0,3.0,Avaliador-5,Avaliador-2,Avaliador-15,,8.5,8.8,7.5,2.8,2.3,3.2,,7.333,10.0,Fase 2 (5º e 6º ano),0,5.9940000000000015,,6.986,Ágata,2022,Fase 2,5° e 6° ano
RA-328,2,A,Masculino,2020,Escola Pública,Ametista,Ametista,Ágata,6.823,548.0,86.0,8.0,3.0,Avaliador-5,Avaliador-2,Avaliador-15,,10.0,7.0,7.5,5.3,4.0,6.5,,7.5,5.0,Fase 3 (7º e 8º ano),-1,6.130000000000004,,6.823,Ágata,2022,Fase 3,7° e 8° ano
RA-329,2,A,Masculino,2019,Escola Pública,Ametista,Ágata,Ágata,6.313,683.0,126.0,12.0,3.0,Avaliador-5,Avaliador-2,Avaliador-15,,7.4,6.9,4.4,5.0,3.0,7.0,,5.778,10.0,Fase 2 (5º e 6º ano),0,5.973999999999995,,6.313,Ágata,2022,Fase 2,5° e 6° ano
RA-330,2,A,Feminino,2018,Escola Pública,Ágata,Ágata,Ágata,6.446,651.0,116.0,11.0,3.0,Avaliador-5,Avaliador-2,Avaliador-15,,9.5,8.8,7.5,2.5,2.3,2.7,,7.056,5.0,Fase 4 (9º ano),-2,5.747999999999989,,6.446,Ágata,2022,Fase 4,9° ano
RA-331,2,A,Feminino,2019,Escola Pública,Ametista,Ametista,Ágata,6.636,613.0,105.0,10.0,3.0,Avaliador-5,Avaliador-2,Avaliador-15,,9.0,8.7,7.5,3.7,2.3,5.0,,6.944,5.0,Fase 3 (7º e 8º ano),-1,6.171999999999995,,6.636,Ágata,2022,Fase 3,7° e 8° ano
RA-332,2,A,Masculino,2017,Rede Decisão,Ametista,Ametista,Ametista,7.883,176.0,27.0,5.0,3.0,Avaliador-5,Avaliador-2,Avaliador-15,,9.5,9.0,8.1,7.5,7.5,7.5,,8.5,5.0,Fase 3 (7º e 8º ano),-1,6.229999999999993,,7.883,Ametista,2022,Fase 3,7° e 8° ano
RA-333,2,A,Masculino,2018,Escola JP II,Ágata,Quartzo,Quartzo,5.249,807.0,153.0,13.0,3.0,Avaliador-5,Avaliador-2,Avaliador-15,,8.0,5.8,3.8,2.9,0.2,5.7,,6.722,5.0,Fase 4 (9º ano),-2,4.845999999999995,,5.249,Quartzo,2022,Fase 4,9° ano
RA-334,2,A,Feminino,2019,Rede Decisão,Topázio,Topázio,Ametista,7.961,151.0,20.0,3.0,3.0,Avaliador-5,Avaliador-2,Avaliador-15,,6.9,9.2,4.4,8.0,7.0,9.0,,8.722,10.0,Fase 2 (5º e 6º ano),0,6.466000000000003,,7.961,Ametista,2022,Fase 2,5° e 6° ano
RA-335,2,A,Masculino,2022,Escola Pública,,,Ametista,7.902,168.0,25.0,4.0,3.0,Avaliador-5,Avaliador-2,Avaliador-15,,9.5,9.4,7.5,7.4,5.8,9.0,,6.833,10.0,Fase 2 (5º e 6º ano),0,4.753999999999996,,7.902,Ametista,2022,Fase 2,5° e 6° ano
RA-336,2,A,Masculino,2016,Escola Pública,Ametista,Ágata,Ágata,6.787,560.0,87.0,9.0,3.0,Avaliador-5,Avaliador-2,Avaliador-15,,9.5,8.5,4.4,5.1,4.5,5.7,,7.889,5.0,Fase 3 (7º e 8º ano),-1,5.991999999999997,,6.787,Ágata,2022,Fase 3,7° e 8° ano
RA-337,2,B,Masculino,2022,Escola Pública,,,Ametista,7.914,163.0,22.0,3.0,3.0,Avaliador-5,Avaliador-2,Avaliador-15,,10.0,9.3,7.5,5.8,7.5,4.0,,7.611,10.0,Fase 2 (5º e 6º ano),0,6.217999999999995,,7.914,Ametista,2022,Fase 2,5° e 6° ano
RA-338,2,B,Masculino,2019,Escola Pública,Ametista,Ametista,Ágata,6.837,544.0,84.0,10.0,3.0,Avaliador-5,Avaliador-2,Avaliador-15,,8.5,7.3,7.5,5.8,5.3,6.2,,7.611,5.0,Fase 3 (7º e 8º ano),-1,5.947999999999993,,6.837,Ágata,2022,Fase 3,7° e 8° ano
RA-339,2,B,Feminino,2019,Escola Pública,Topázio,Ametista,Topázio,8.488,36.0,3.0,1.0,3.0,Avaliador-5,Avaliador-2,Avaliador-15,,6.9,9.9,7.5,8.1,7.1,9.2,,8.889,10.0,Fase 2 (5º e 6º ano),0,6.701999999999986,,8.488,Topázio,2022,Fase 2,5° e 6° ano
RA-340,2,B,Masculino,2017,Escola Pública,Ametista,Ágata,Ametista,7.721,229.0,36.0,5.0,3.0,Avaliador-5,Avaliador-2,Avaliador-15,,9.0,8.2,7.5,6.5,6.0,7.0,,7.667,10.0,Fase 2 (5º e 6º ano),0,5.975999999999999,,7.721,Ametista,2022,Fase 2,5° e 6° ano
RA-341,2,B,Masculino,2022,Escola Pública,,,Ágata,6.854,537.0,83.0,9.0,3.0,Avaliador-5,Avaliador-2,Avaliador-15,,8.0,7.7,7.5,5.8,5.0,6.5,,7.5,5.0,Fase 3 (7º e 8º ano),-1,6.040000000000001,,6.854,Ágata,2022,Fase 3,7° e 8° ano
RA-342,2,B,Feminino,2021,Escola Pública,,Quartzo,Ágata,6.941,511.0,77.0,7.0,3.0,Avaliador-5,Avaliador-2,Avaliador-15,,9.0,6.7,7.5,6.6,5.5,7.7,,7.5,5.0,Fase 4 (9º ano),-2,6.309999999999993,,6.941,Ágata,2022,Fase 4,9° ano
RA-343,2,B,Masculino,2020,Escola Pública,Ametista,Quartzo,Ágata,6.9,525.0,80.0,8.0,3.0,Avaliador-5,Avaliador-2,Avaliador-15,,9.5,7.4,7.5,5.9,4.2,7.7,,7.167,5.0,Fase 4 (9º ano),-2,6.0660000000000025,,6.9,Ágata,2022,Fase 4,9° ano
RA-344,2,B,Masculino,2019,Escola Pública,Topázio,Ametista,Ametista,7.263,409.0,60.0,6.0,3.0,Avaliador-5,Avaliador-2,Avaliador-15,,8.5,8.3,7.5,4.5,2.3,6.7,,7.5,10.0,Fase 2 (5º e 6º ano),0,6.029999999999998,,7.263,Ametista,2022,Fase 2,5° e 6° ano
RA-345,2,B,Masculino,2021,Escola Pública,,Ametista,Quartzo,5.75,754.0,139.0,12.0,3.0,Avaliador-5,Avaliador-2,Avaliador-15,,9.5,5.4,5.6,3.6,1.3,5.8,,6.667,5.0,Fase 3 (7º e 8º ano),-1,6.065999999999994,,5.75,Quartzo,2022,Fase 3,7° e 8° ano
RA-346,2,B,Masculino,2022,Escola Pública,,,Topázio,8.143,102.0,14.0,2.0,3.0,Avaliador-5,Avaliador-2,Avaliador-15,,10.0,9.1,7.5,7.0,6.0,8.0,,7.889,10.0,Fase 2 (5º e 6º ano),0,5.952000000000002,,8.143,Topázio,2022,Fase 2,5° e 6° ano
RA-347,2,B,Feminino,2019,Escola Pública,Topázio,Ametista,Ametista,7.908,167.0,24.0,4.0,3.0,Avaliador-5,Avaliador-2,Avaliador-15,,9.0,10.0,5.6,8.5,8.5,8.5,,8.0,5.0,Fase 3 (7º e 8º ano),-1,6.480000000000006,,7.908,Ametista,2022,Fase 3,7° e 8° ano
RA-348,2,B,Masculino,2022,Escola Pública,,,Quartzo,5.864,741.0,135.0,11.0,3.0,Avaliador-5,Avaliador-2,Avaliador-15,,9.0,8.7,7.5,1.8,0.5,3.0,,5.833,5.0,Fase 3 (7º e 8º ano),-1,4.474,,5.864,Quartzo,2022,Fase 3,7° e 8° ano
RA-349,2,B,Masculino,2021,Escola Pública,,Ametista,Quartzo,5.658,770.0,143.0,13.0,3.0,Avaliador-5,Avaliador-2,Avaliador-15,,9.5,7.7,7.5,3.7,2.2,5.2,,3.944,5.0,Fase 3 (7º e 8º ano),-1,3.8919999999999977,,5.658,Quartzo,2022,Fase 3,7° e 8° ano
RA-350,2,D,Feminino,2022,Escola Pública,,,Topázio,8.206,84.0,10.0,2.0,3.0,Avaliador-5,Avaliador-27,Avaliador-30,,10.0,8.8,7.5,6.5,7.0,6.0,,8.611,10.0,Fase 2 (5º e 6º ano),0,6.737999999999991,,8.206,Topázio,2022,Fase 2,5° e 6° ano
RA-351,2,D,Masculino,2022,Escola Pública,,,Ágata,6.622,618.0,107.0,7.0,3.0,Avaliador-5,Avaliador-27,Avaliador-30,,9.0,7.2,7.5,4.0,3.2,4.8,,8.111,5.0,Fase 4 (9º ano),-2,6.09799999999999,,6.622,Ágata,2022,Fase 4,9° ano
RA-352,2,D,Masculino,2019,Escola Pública,Ametista,Ametista,Ametista,7.834,191.0,31.0,4.0,3.0,Avaliador-5,Avaliador-27,Avaliador-30,,9.0,8.1,5.6,7.0,7.3,6.7,,8.389,10.0,Fase 2 (5º e 6º ano),0,6.761999999999997,,7.834,Ametista,2022,Fase 2,5° e 6° ano
RA-353,2,D,Feminino,2022,Escola Pública,,,Topázio,8.264,69.0,7.0,1.0,3.0,Avaliador-5,Avaliador-27,Avaliador-30,,7.0,10.0,7.5,7.5,8.0,7.0,,8.444,10.0,Fase 2 (5º e 6º ano),0,6.2519999999999865,,8.264,Topázio,2022,Fase 2,5° e 6° ano
RA-354,2,D,Feminino,2018,Escola Pública,Ametista,Ágata,Quartzo,5.858,742.0,136.0,9.0,3.0,Avaliador-5,Avaliador-27,Avaliador-30,,8.5,4.3,7.5,4.5,2.8,6.2,,7.333,5.0,Fase 3 (7º e 8º ano),-1,5.3139999999999965,,5.858,Quartzo,2022,Fase 3,7° e 8° ano
RA-355,2,D,Feminino,2018,Escola Pública,Ametista,Quartzo,Quartzo,5.379,796.0,151.0,11.0,3.0,Avaliador-5,Avaliador-27,Avaliador-30,,5.8,5.0,7.5,4.5,5.5,3.5,,6.056,5.0,Fase 3 (7º e 8º ano),-1,4.377999999999993,,5.379,Quartzo,2022,Fase 3,7° e 8° ano
RA-356,2,D,Masculino,2019,Escola Pública,Topázio,Topázio,Ágata,6.69,591.0,97.0,6.0,3.0,Avaliador-5,Avaliador-27,Avaliador-30,,10.0,8.4,5.0,4.6,5.3,3.8,,8.278,5.0,Fase 3 (7º e 8º ano),-1,4.34400000000001,,6.69,Ágata,2022,Fase 3,7° e 8° ano
RA-357,2,D,Masculino,2022,Escola Pública,,,Ametista,7.836,190.0,30.0,3.0,3.0,Avaliador-5,Avaliador-27,Avaliador-30,,8.0,9.6,7.5,8.5,10.0,7.0,,7.778,5.0,Fase 3 (7º e 8º ano),-1,6.104000000000003,,7.836,Ametista,2022,Fase 3,7° e 8° ano
RA-358,2,D,Masculino,2022,Escola Pública,,,Quartzo,5.412,795.0,150.0,10.0,3.0,Avaliador-5,Avaliador-27,Avaliador-30,,7.5,6.5,7.5,0.0,0.0,0.0,,7.556,5.0,Fase 3 (7º e 8º ano),-1,6.0080000000000044,,5.412,Quartzo,2022,Fase 3,7° e 8° ano
RA-359,2,D,Feminino,2019,Escola Pública,Ametista,Ágata,Ágata,6.606,625.0,108.0,8.0,3.0,Avaliador-5,Avaliador-27,Avaliador-30,,9.0,7.0,7.5,4.6,3.3,5.8,,7.5,5.0,Fase 3 (7º e 8º ano),-1,6.359999999999992,,6.606,Ágata,2022,Fase 3,7° e 8° ano
RA-360,2,D,Feminino,2019,Escola Pública,Ametista,Ágata,Ametista,7.075,463.0,70.0,5.0,3.0,Avaliador-5,Avaliador-27,Avaliador-30,,9.5,8.5,7.5,5.2,4.7,5.7,,7.5,5.0,Fase 3 (7º e 8º ano),-1,6.349999999999998,,7.075,Ametista,2022,Fase 3,7° e 8° ano
RA-361,2,F,Feminino,2022,Escola Pública,,,Ágata,6.731,576.0,93.0,16.0,3.0,Avaliador-5,Avaliador-2,Avaliador-15,,7.9,9.2,6.3,5.0,4.0,6.0,,6.778,5.0,Fase 3 (7º e 8º ano),-1,6.154000000000002,,6.731,Ágata,2022,Fase 3,7° e 8° ano
RA-362,2,F,Feminino,2018,Escola Pública,Ágata,Quartzo,Ametista,7.413,350.0,51.0,7.0,3.0,Avaliador-5,Avaliador-2,Avaliador-15,,8.5,7.9,7.5,7.9,6.5,9.3,,7.5,5.0,Fase 3 (7º e 8º ano),-1,6.530000000000005,,7.413,Ametista,2022,Fase 3,7° e 8° ano
RA-363,2,F,Masculino,2022,Escola Pública,,,Ágata,6.644,610.0,104.0,17.0,3.0,Avaliador-5,Avaliador-2,Avaliador-15,,10.0,10.0,6.9,2.0,1.0,3.0,,7.056,5.0,Fase 3 (7º e 8º ano),-1,6.428000000000003,,6.644,Ágata,2022,Fase 3,7° e 8° ano
RA-364,2,F,Masculino,2019,Escola Pública,Ametista,Topázio,Topázio,8.75,12.0,1.0,1.0,3.0,Avaliador-5,Avaliador-2,Avaliador-15,,9.5,10.0,7.5,8.8,9.5,8.0,,8.167,10.0,Fase 2 (5º e 6º ano),0,6.56600000000001,,8.75,Topázio,2022,Fase 2,5° e 6° ano
RA-365,2,F,Feminino,2022,Escola Pública,,,Topázio,8.063,129.0,17.0,3.0,3.0,Avaliador-5,Avaliador-2,Avaliador-15,,8.0,10.0,5.0,7.8,6.0,9.5,,7.833,10.0,Fase 2 (5º e 6º ano),0,6.364000000000001,,8.063,Topázio,2022,Fase 2,5° e 6° ano
RA-366,2,F,Masculino,2022,Escola Pública,,,Ametista,7.181,437.0,67.0,9.0,3.0,Avaliador-5,Avaliador-2,Avaliador-15,,9.5,9.4,7.5,5.5,6.0,5.0,,6.833,5.0,Fase 3 (7º e 8º ano),-1,6.343999999999994,,7.181,Ametista,2022,Fase 3,7° e 8° ano
RA-367,2,F,Feminino,2018,Escola Pública,Topázio,Ametista,Ágata,6.95,506.0,76.0,14.0,3.0,Avaliador-5,Avaliador-2,Avaliador-15,,8.5,7.4,6.3,6.7,5.2,8.2,,7.5,5.0,Fase 3 (7º e 8º ano),-1,6.5000000000000036,,6.95,Ágata,2022,Fase 3,7° e 8° ano
RA-368,2,F,Masculino,2018,Rede Decisão,Ametista,Ametista,Ágata,6.969,497.0,74.0,12.0,3.0,Avaliador-5,Avaliador-2,Avaliador-15,,8.0,7.9,5.0,7.3,5.5,9.0,,7.5,5.0,Fase 3 (7º e 8º ano),-1,6.2900000000000045,,6.969,Ágata,2022,Fase 3,7° e 8° ano
RA-369,2,F,Masculino,2022,Escola Pública,,,Ágata,6.973,496.0,73.0,11.0,3.0,Avaliador-5,Avaliador-2,Avaliador-15,,9.0,6.9,7.5,4.8,4.0,5.5,,6.889,10.0,Fase 2 (5º e 6º ano),0,6.051999999999991,,6.973,Ágata,2022,Fase 2,5° e 6° ano
RA-370,2,F,Feminino,2018,Rede Decisão,Ametista,Ametista,Ametista,7.066,465.0,71.0,10.0,3.0,Avaliador-5,Avaliador-2,Avaliador-15,,8.5,8.2,5.0,7.2,5.2,9.2,,7.611,5.0,Fase 3 (7º e 8º ano),-1,6.1380000000000035,,7.066,Ametista,2022,Fase 3,7° e 8° ano
RA-371,2,F,Feminino,2022,Escola Pública,,,Topázio,8.112,111.0,16.0,2.0,3.0,Avaliador-5,Avaliador-2,Avaliador-15,,9.5,8.0,6.9,8.4,7.8,9.0,,7.667,10.0,Fase 2 (5º e 6º ano),0,6.58599999999999,,8.112,Topázio,2022,Fase 2,5° e 6° ano
RA-372,2,F,Masculino,2021,Escola Pública,,Topázio,Ametista,7.304,389.0,57.0,8.0,3.0,Avaliador-5,Avaliador-2,Avaliador-15,,8.5,5.5,6.9,7.8,8.3,7.2,,7.389,10.0,Fase 2 (5º e 6º ano),0,6.261999999999999,,7.304,Ametista,2022,Fase 2,5° e 6° ano
RA-373,2,F,Masculino,2022,Escola Pública,,,Ametista,7.503,308.0,46.0,6.0,3.0,Avaliador-5,Avaliador-2,Avaliador-15,,6.4,9.5,5.0,7.3,6.5,8.0,,6.944,10.0,Fase 2 (5º e 6º ano),0,6.142000000000003,,7.503,Ametista,2022,Fase 2,5° e 6° ano
RA-374,2,F,Feminino,2021,Escola Pública,,Ágata,Ametista,7.747,217.0,34.0,5.0,3.0,Avaliador-5,Avaliador-2,Avaliador-15,,9.0,9.8,7.5,6.9,5.3,8.5,,7.944,5.0,Fase 3 (7º e 8º ano),-1,6.681999999999997,,7.747,Ametista,2022,Fase 3,7° e 8° ano
RA-375,2,F,Masculino,2019,Escola Pública,Topázio,Topázio,Ametista,7.831,194.0,32.0,4.0,3.0,Avaliador-5,Avaliador-2,Avaliador-15,,9.0,9.5,7.5,5.4,3.3,7.5,,7.667,10.0,Fase 2 (5º e 6º ano),0,6.675999999999993,,7.831,Ametista,2022,Fase 2,5° e 6° ano
RA-376,2,F,Feminino,2019,Escola Pública,Ametista,Ágata,Ágata,6.957,500.0,75.0,13.0,3.0,Avaliador-5,Avaliador-2,Avaliador-15,,9.0,9.0,7.5,4.3,2.0,6.7,,7.5,5.0,Fase 3 (7º e 8º ano),-1,6.4699999999999935,,6.957,Ágata,2022,Fase 3,7° e 8° ano
RA-377,2,F,Feminino,2021,Escola Pública,,Quartzo,Ágata,6.743,571.0,92.0,15.0,3.0,Avaliador-5,Avaliador-2,Avaliador-15,,9.0,7.7,5.6,6.2,4.3,8.0,,6.833,5.0,Fase 3 (7º e 8º ano),-1,6.364000000000001,,6.743,Ágata,2022,Fase 3,7° e 8° ano
RA-378,2,I,Masculino,2021,Escola Pública,,Ágata,Ametista,7.203,428.0,62.0,3.0,3.0,Avaliador-5,Avaliador-2,Avaliador-15,,9.0,6.8,5.6,8.1,8.7,7.5,,7.889,5.0,Fase 3 (7º e 8º ano),-1,6.852,,7.203,Ametista,2022,Fase 3,7° e 8° ano
RA-379,2,I,Feminino,2022,Escola Pública,,,Ágata,6.722,581.0,95.0,7.0,3.0,Avaliador-5,Avaliador-2,Avaliador-15,,8.5,8.1,7.5,5.0,5.0,5.0,,6.778,5.0,Fase 3 (7º e 8º ano),-1,6.463999999999999,,6.722,Ágata,2022,Fase 3,7° e 8° ano
RA-380,2,I,Masculino,2017,Escola Pública,Ametista,Quartzo,Quartzo,4.556,842.0,154.0,13.0,3.0,Avaliador-5,Avaliador-2,Avaliador-15,,7.9,4.4,5.0,2.5,2.3,2.7,,4.833,5.0,Fase 3 (7º e 8º ano),-1,4.194000000000004,,4.556,Quartzo,2022,Fase 3,7° e 8° ano
RA-381,2,I,Masculino,2018,Escola Pública,Ágata,Ágata,Ágata,6.454,649.0,114.0,9.0,3.0,Avaliador-5,Avaliador-2,Avaliador-15,,9.0,8.3,6.9,3.3,1.5,5.2,,6.944,5.0,Fase 3 (7º e 8º ano),-1,6.551999999999998,,6.454,Ágata,2022,Fase 3,7° e 8° ano
RA-382,2,I,Masculino,2017,Escola Pública,Ametista,Ágata,Ágata,6.777,561.0,88.0,5.0,3.0,Avaliador-5,Avaliador-2,Avaliador-15,,9.0,7.7,6.3,5.4,4.0,6.8,,7.333,5.0,Fase 4 (9º ano),-2,6.604000000000001,,6.777,Ágata,2022,Fase 4,9° ano
RA-383,2,I,Masculino,2019,Escola Pública,Topázio,Ametista,Topázio,8.4,47.0,5.0,1.0,3.0,Avaliador-5,Avaliador-2,Avaliador-15,,9.0,9.6,7.5,8.1,8.0,8.2,,7.778,10.0,Fase 2 (5º e 6º ano),0,6.543999999999999,,8.4,Topázio,2022,Fase 2,5° e 6° ano
RA-384,2,I,Feminino,2017,Escola Pública,Ametista,Ametista,Ametista,7.558,291.0,44.0,2.0,3.0,Avaliador-5,Avaliador-2,Avaliador-15,,9.0,8.4,6.3,8.1,8.0,8.2,,8.0,5.0,Fase 3 (7º e 8º ano),-1,6.280000000000001,,7.558,Ametista,2022,Fase 3,7° e 8° ano
RA-385,2,I,Feminino,2022,Escola Pública,,,Ágata,6.083,712.0,131.0,12.0,3.0,Avaliador-5,Avaliador-2,Avaliador-15,,7.4,7.5,5.0,4.9,2.7,7.2,,6.5,5.0,Fase 3 (7º e 8º ano),-1,5.629999999999997,,6.083,Quartzo,2022,Fase 3,7° e 8° ano
RA-386,2,I,Masculino,2019,Escola Pública,Ágata,Ágata,Ágata,6.104,707.0,130.0,11.0,3.0,Avaliador-5,Avaliador-2,Avaliador-15,,10.0,5.9,5.6,4.0,3.7,4.3,,7.222,5.0,Fase 3 (7º e 8º ano),-1,6.1960000000000015,,6.104,Ágata,2022,Fase 3,7° e 8° ano
RA-387,2,I,Masculino,2019,Escola Pública,Ágata,Ágata,Ágata,6.323,680.0,124.0,10.0,3.0,Avaliador-5,Avaliador-2,Avaliador-15,,7.0,8.2,7.5,3.7,1.3,6.0,,6.833,5.0,Fase 3 (7º e 8º ano),-1,6.264000000000003,,6.323,Ágata,2022,Fase 3,7° e 8° ano
RA-388,2,I,Feminino,2019,Escola Pública,Ágata,Ágata,Ágata,6.654,605.0,101.0,8.0,3.0,Avaliador-5,Avaliador-2,Avaliador-15,,7.9,8.5,5.6,4.5,3.5,5.5,,7.722,5.0,Fase 4 (9º ano),-2,6.595999999999993,,6.654,Ágata,2022,Fase 4,9° ano
RA-389,2,I,Masculino,2019,Escola Pública,Ametista,Ágata,Ametista,7.184,435.0,66.0,4.0,3.0,Avaliador-5,Avaliador-2,Avaliador-15,,8.0,8.9,7.5,3.5,2.0,5.0,,7.556,10.0,Fase 2 (5º e 6º ano),0,6.428000000000003,,7.184,Ametista,2022,Fase 2,5° e 6° ano
RA-390,2,I,Feminino,2022,Escola Pública,,,Ágata,6.776,563.0,89.0,6.0,3.0,Avaliador-5,Avaliador-2,Avaliador-15,,7.4,8.8,6.3,4.7,4.0,5.3,,7.722,5.0,Fase 3 (7º e 8º ano),-1,6.615999999999991,,6.776,Ágata,2022,Fase 3,7° e 8° ano
RA-391,2,J,Feminino,2022,Escola Pública,,,Ametista,7.117,451.0,69.0,3.0,3.0,Avaliador-5,Avaliador-27,Avaliador-30,,10.0,8.1,7.5,5.1,5.0,5.2,,8.056,5.0,Fase 3 (7º e 8º ano),-1,6.157999999999992,,7.117,Ametista,2022,Fase 3,7° e 8° ano
RA-392,2,J,Masculino,2022,Escola Pública,,,Ágata,6.418,657.0,118.0,5.0,3.0,Avaliador-5,Avaliador-27,Avaliador-30,,9.5,8.8,5.6,4.8,3.7,5.8,,6.778,5.0,Fase 4 (9º ano),-2,3.324000000000007,,6.418,Ágata,2022,Fase 4,9° ano
RA-393,2,J,Feminino,2018,Escola Pública,Ágata,Quartzo,Quartzo,5.518,790.0,148.0,7.0,3.0,Avaliador-5,Avaliador-27,Avaliador-30,,10.0,5.4,5.0,4.6,4.7,4.5,,6.778,2.5,Fase 6 (2º EM),-4,4.123999999999999,,5.518,Quartzo,2022,Fase 6,2° EM
RA-394,2,J,Feminino,2022,Escola Pública,,,Ametista,7.897,171.0,26.0,1.0,3.0,Avaliador-5,Avaliador-27,Avaliador-30,,9.5,8.6,7.5,5.9,4.3,7.5,,8.444,10.0,Fase 2 (5º e 6º ano),0,6.081999999999992,,7.897,Ametista,2022,Fase 2,5° e 6° ano
RA-395,2,J,Feminino,2018,Escola Pública,Ametista,Topázio,Ametista,7.683,239.0,39.0,2.0,3.0,Avaliador-5,Avaliador-27,Avaliador-30,,9.0,8.9,7.5,4.9,4.2,5.7,,8.333,10.0,Fase 2 (5º e 6º ano),0,6.063999999999998,,7.683,Ametista,2022,Fase 2,5° e 6° ano
RA-396,2,J,Masculino,2022,Escola Pública,,,Ágata,6.556,637.0,111.0,4.0,3.0,Avaliador-5,Avaliador-27,Avaliador-30,,9.0,8.0,6.3,5.6,4.7,6.5,,6.556,5.0,Fase 3 (7º e 8º ano),-1,4.947999999999997,,6.556,Ágata,2022,Fase 3,7° e 8° ano
RA-397,2,J,Feminino,2017,Escola Pública,Quartzo,Quartzo,Quartzo,5.852,744.0,137.0,6.0,3.0,Avaliador-5,Avaliador-27,Avaliador-30,,9.0,5.7,6.9,2.8,3.3,2.3,,7.167,5.0,Fase 4 (9º ano),-2,6.286000000000005,,5.852,Quartzo,2022,Fase 4,9° ano
RA-398,2,K,Feminino,2022,Escola Pública,,,Ametista,7.742,221.0,35.0,2.0,3.0,Avaliador-5,Avaliador-2,Avaliador-15,,9.0,9.3,7.5,5.5,3.0,8.0,,7.5,10.0,Fase 2 (5º e 6º ano),0,6.319999999999997,,7.742,Ametista,2022,Fase 2,5° e 6° ano
RA-399,2,K,Feminino,2022,Escola Pública,,,Ágata,6.58,633.0,110.0,9.0,3.0,Avaliador-5,Avaliador-2,Avaliador-15,,6.8,9.3,5.6,4.3,3.0,5.5,,7.5,5.0,Fase 3 (7º e 8º ano),-1,6.200000000000001,,6.58,Ágata,2022,Fase 3,7° e 8° ano
RA-400,2,K,Masculino,2018,Escola Pública,Ágata,Quartzo,Ágata,6.042,720.0,132.0,10.0,3.0,Avaliador-5,Avaliador-2,Avaliador-15,,9.0,8.5,5.0,1.7,1.2,2.2,,7.444,5.0,Fase 4 (9º ano),-2,6.132,,6.042,Quartzo,2022,Fase 4,9° ano
RA-401,2,K,Feminino,2021,Escola Pública,,Quartzo,Ágata,6.645,609.0,103.0,8.0,3.0,Avaliador-5,Avaliador-2,Avaliador-15,,6.9,9.6,7.5,4.3,3.7,5.0,,6.722,5.0,Fase 3 (7º e 8º ano),-1,5.805999999999996,,6.645,Ágata,2022,Fase 3,7° e 8° ano
RA-402,2,K,Feminino,2019,Escola Pública,Ágata,Ágata,Quartzo,5.261,806.0,152.0,13.0,3.0,Avaliador-5,Avaliador-2,Avaliador-15,,9.0,3.7,5.0,3.0,4.3,1.7,,7.222,5.0,Fase 3 (7º e 8º ano),-1,5.766,,5.261,Quartzo,2022,Fase 3,7° e 8° ano
RA-403,2,K,Masculino,2020,Escola Pública,Ametista,Ametista,Ametista,7.455,334.0,50.0,4.0,3.0,Avaliador-5,Avaliador-2,Avaliador-15,,9.5,9.3,7.5,6.3,6.5,6.2,,7.5,5.0,Fase 3 (7º e 8º ano),-1,6.349999999999998,,7.455,Ametista,2022,Fase 3,7° e 8° ano
RA-404,2,K,Feminino,2020,Escola Pública,Ametista,Ágata,Ágata,6.658,602.0,100.0,7.0,3.0,Avaliador-5,Avaliador-2,Avaliador-15,,9.0,7.3,7.5,5.3,4.0,6.5,,6.944,5.0,Fase 3 (7º e 8º ano),-1,5.992000000000006,,6.658,Ágata,2022,Fase 3,7° e 8° ano
RA-405,2,K,Masculino,2016,Escola Pública,Quartzo,Quartzo,Quartzo,5.661,769.0,142.0,12.0,3.0,Avaliador-5,Avaliador-2,Avaliador-15,,9.5,6.2,5.0,3.3,2.7,3.8,,6.0,5.0,Fase 3 (7º e 8º ano),-1,6.109999999999989,,5.661,Quartzo,2022,Fase 3,7° e 8° ano
RA-406,2,K,Feminino,2019,Escola Pública,Ametista,Ametista,Ametista,7.496,314.0,47.0,3.0,3.0,Avaliador-5,Avaliador-2,Avaliador-15,,9.5,9.5,7.5,6.6,5.4,7.8,,7.333,5.0,Fase 3 (7º e 8º ano),-1,6.094000000000008,,7.496,Ametista,2022,Fase 3,7° e 8° ano
RA-407,2,K,Masculino,2022,Escola Pública,,,Ametista,7.195,431.0,64.0,5.0,3.0,Avaliador-5,Avaliador-2,Avaliador-15,,8.5,9.3,7.5,6.0,4.0,8.0,,7.056,5.0,Fase 3 (7º e 8º ano),-1,6.238000000000001,,7.195,Ametista,2022,Fase 3,7° e 8° ano
RA-408,2,K,Feminino,2022,Escola Pública,,,Ágata,6.725,578.0,94.0,6.0,3.0,Avaliador-5,Avaliador-2,Avaliador-15,,8.0,9.7,7.5,3.3,1.0,5.5,,7.333,5.0,Fase 3 (7º e 8º ano),-1,6.083999999999996,,6.725,Ágata,2022,Fase 3,7° e 8° ano
RA-409,2,K,Feminino,2022,Escola Pública,,,Topázio,8.15,99.0,13.0,1.0,3.0,Avaliador-5,Avaliador-2,Avaliador-15,,7.9,9.7,7.5,7.8,6.0,9.5,,7.5,10.0,Fase 2 (5º e 6º ano),0,6.100000000000003,,8.15,Topázio,2022,Fase 2,5° e 6° ano
RA-410,2,K,Masculino,2018,Escola Pública,Quartzo,Quartzo,Quartzo,5.675,763.0,141.0,11.0,3.0,Avaliador-5,Avaliador-2,Avaliador-15,,7.4,6.5,6.3,2.0,2.0,2.0,,7.444,5.0,Fase 4 (9º ano),-2,6.161999999999992,,5.675,Quartzo,2022,Fase 4,9° ano
RA-411,2,L,Feminino,2019,Escola Pública,Ametista,Ametista,Ametista,7.232,415.0,61.0,12.0,3.0,Avaliador-5,Avaliador-2,Avaliador-15,,6.4,8.6,7.5,7.1,6.7,7.5,,7.833,5.0,Fase 3 (7º e 8º ano),-1,6.354000000000006,,7.232,Ametista,2022,Fase 3,7° e 8° ano
RA-412,2,L,Feminino,2018,Escola Pública,Ágata,Ágata,Ametista,7.556,292.0,45.0,8.0,3.0,Avaliador-5,Avaliador-2,Avaliador-15,,8.5,9.0,7.5,7.3,6.5,8.2,,7.778,5.0,Fase 3 (7º e 8º ano),-1,6.404000000000005,,7.556,Ametista,2022,Fase 3,7° e 8° ano
RA-413,2,L,Feminino,2022,Escola Pública,,,Ágata,6.408,660.0,120.0,15.0,3.0,Avaliador-5,Avaliador-2,Avaliador-15,,6.4,8.7,5.6,4.7,4.2,5.2,,7.056,5.0,Fase 3 (7º e 8º ano),-1,6.168000000000005,,6.408,Ágata,2022,Fase 3,7° e 8° ano
RA-414,2,L,Feminino,2021,Escola Pública,,Ágata,Ametista,7.284,399.0,58.0,11.0,3.0,Avaliador-5,Avaliador-2,Avaliador-15,,8.0,9.3,7.5,5.9,5.7,6.2,,7.667,5.0,Fase 3 (7º e 8º ano),-1,6.605999999999987,,7.284,Ametista,2022,Fase 3,7° e 8° ano
RA-415,2,L,Feminino,2019,Escola Pública,Topázio,Ametista,Ametista,7.695,235.0,37.0,7.0,3.0,Avaliador-5,Avaliador-2,Avaliador-15,,8.0,8.3,7.5,6.2,4.8,7.5,,8.056,10.0,Fase 2 (5º e 6º ano),0,6.337999999999999,,7.695,Ametista,2022,Fase 2,5° e 6° ano
RA-416,2,L,Masculino,2018,Rede Decisão,Ametista,Ametista,Ametista,7.913,164.0,23.0,6.0,3.0,Avaliador-5,Avaliador-2,Avaliador-15,,9.5,9.3,8.8,7.2,6.7,7.7,,8.222,5.0,Fase 3 (7º e 8º ano),-1,6.385999999999994,,7.913,Ametista,2022,Fase 3,7° e 8° ano
RA-417,2,L,Feminino,2022,Escola Pública,,,Topázio,8.428,43.0,4.0,2.0,3.0,Avaliador-5,Avaliador-2,Avaliador-15,,10.0,10.0,7.5,8.0,6.0,10.0,,9.556,5.0,Fase 3 (7º e 8º ano),-1,6.668000000000012,,8.428,Topázio,2022,Fase 3,7° e 8° ano
RA-418,2,L,Feminino,2020,Rede Decisão,Topázio,Topázio,Topázio,8.175,93.0,12.0,3.0,3.0,Avaliador-5,Avaliador-2,Avaliador-15,,8.0,9.4,7.5,7.5,6.5,8.5,,8.222,10.0,Fase 2 (5º e 6º ano),0,6.006000000000009,,8.175,Topázio,2022,Fase 2,5° e 6° ano
RA-419,2,L,Feminino,2019,Rede Decisão,Ametista,Ametista,Ametista,7.359,375.0,55.0,10.0,3.0,Avaliador-5,Avaliador-2,Avaliador-15,,7.5,9.2,5.6,6.9,5.3,8.5,,8.389,5.0,Fase 3 (7º e 8º ano),-1,6.512000000000011,,7.359,Ametista,2022,Fase 3,7° e 8° ano
RA-420,2,L,Feminino,2019,Rede Decisão,Topázio,Ametista,Ametista,7.461,331.0,49.0,9.0,3.0,Avaliador-5,Avaliador-2,Avaliador-15,,9.5,9.0,5.6,4.5,1.3,7.7,,8.0,10.0,Fase 2 (5º e 6º ano),0,6.509999999999998,,7.461,Ametista,2022,Fase 2,5° e 6° ano
RA-421,2,L,Masculino,2021,Escola Pública,,Topázio,Topázio,8.717,14.0,2.0,1.0,3.0,Avaliador-5,Avaliador-2,Avaliador-15,,8.5,9.3,7.5,8.8,9.2,8.5,,9.111,10.0,Fase 2 (5º e 6º ano),0,6.747999999999994,,8.717,Topázio,2022,Fase 2,5° e 6° ano
RA-422,2,L,Masculino,2022,Escola Pública,,,Ágata,6.746,569.0,90.0,13.0,3.0,Avaliador-5,Avaliador-2,Avaliador-15,,8.5,10.0,7.5,2.5,1.0,4.0,,7.5,5.0,Fase 3 (7º e 8º ano),-1,6.460000000000008,,6.746,Ágata,2022,Fase 3,7° e 8° ano
RA-423,2,L,Feminino,2022,Escola Pública,,,Ágata,6.647,607.0,102.0,14.0,3.0,Avaliador-5,Avaliador-2,Avaliador-15,,8.4,9.6,7.5,2.3,0.5,4.0,,7.667,5.0,Fase 3 (7º e 8º ano),-1,6.436000000000002,,6.647,Ágata,2022,Fase 3,7° e 8° ano
RA-424,2,L,Feminino,2022,Escola Pública,,,Ametista,7.94,159.0,21.0,5.0,3.0,Avaliador-5,Avaliador-2,Avaliador-15,,9.0,10.0,7.5,7.5,10.0,5.0,,8.222,5.0,Fase 3 (7º e 8º ano),-1,6.4559999999999995,,7.94,Ametista,2022,Fase 3,7° e 8° ano
RA-425,2,L,Masculino,2022,Escola Pública,,,Topázio,8.117,110.0,15.0,4.0,3.0,Avaliador-5,Avaliador-2,Avaliador-15,,9.0,10.0,7.5,9.0,9.0,9.0,,7.5,5.0,Fase 3 (7º e 8º ano),-1,6.670000000000007,,8.117,Topázio,2022,Fase 3,7° e 8° ano
RA-426,2,M,Feminino,2022,Escola Pública,,,Ágata,6.35,668.0,122.0,9.0,3.0,Avaliador-5,Avaliador-27,Avaliador-15,,9.0,6.5,7.5,4.6,2.3,6.8,,7.111,5.0,Fase 4 (9º ano),-2,5.578000000000003,,6.35,Ágata,2022,Fase 4,9° ano
RA-427,2,M,Masculino,2022,Escola Pública,,,Ágata,6.245,696.0,128.0,11.0,3.0,Avaliador-5,Avaliador-27,Avaliador-15,,8.0,8.5,7.5,2.5,3.0,2.0,,6.778,5.0,Fase 3 (7º e 8º ano),-1,6.394000000000002,,6.245,Ágata,2022,Fase 3,7° e 8° ano
RA-428,2,M,Masculino,2022,Escola Pública,,,Ametista,7.683,238.0,38.0,2.0,3.0,Avaliador-5,Avaliador-27,Avaliador-15,,6.8,8.7,7.5,9.5,10.0,9.0,,7.111,5.0,Fase 3 (7º e 8º ano),-1,6.907999999999994,,7.683,Ametista,2022,Fase 3,7° e 8° ano
RA-429,2,M,Masculino,2019,Escola Pública,Ametista,Quartzo,Quartzo,5.811,749.0,138.0,12.0,3.0,Avaliador-5,Avaliador-27,Avaliador-15,,10.0,5.3,7.5,2.7,2.8,2.5,,6.611,5.0,Fase 3 (7º e 8º ano),-1,6.387999999999998,,5.811,Quartzo,2022,Fase 3,7° e 8° ano
RA-430,2,M,Masculino,2022,Escola Pública,,,Ametista,7.585,281.0,43.0,3.0,3.0,Avaliador-5,Avaliador-27,Avaliador-15,,9.5,8.6,7.5,8.5,7.5,9.5,,6.611,5.0,Fase 3 (7º e 8º ano),-1,6.428000000000003,,7.585,Ametista,2022,Fase 3,7° e 8° ano
RA-431,2,M,Masculino,2022,Escola Pública,,,Ametista,7.175,439.0,68.0,5.0,3.0,Avaliador-5,Avaliador-27,Avaliador-15,,9.0,8.1,7.5,4.5,5.0,4.0,,6.778,10.0,Fase 2 (5º e 6º ano),0,6.494,,7.175,Ametista,2022,Fase 2,5° e 6° ano
RA-432,2,M,Feminino,2019,Escola Pública,Quartzo,Quartzo,Ágata,6.34,672.0,123.0,10.0,3.0,Avaliador-5,Avaliador-27,Avaliador-15,,10.0,6.8,5.0,5.1,5.7,4.5,,6.611,5.0,Fase 4 (9º ano),-2,6.378000000000004,,6.34,Ágata,2022,Fase 4,9° ano
RA-433,2,M,Masculino,2022,Escola Pública,,,Quartzo,5.557,780.0,146.0,13.0,3.0,Avaliador-5,Avaliador-27,Avaliador-15,,8.5,7.3,5.0,2.6,2.2,3.0,,5.778,5.0,Fase 3 (7º e 8º ano),-1,5.714000000000006,,5.557,Quartzo,2022,Fase 3,7° e 8° ano
RA-434,2,M,Masculino,2022,Escola Pública,,,Ametista,7.403,360.0,52.0,4.0,3.0,Avaliador-5,Avaliador-27,Avaliador-15,,9.0,8.1,7.5,5.7,4.8,6.5,,6.778,10.0,Fase 2 (5º e 6º ano),0,6.373999999999995,,7.403,Ametista,2022,Fase 2,5° e 6° ano
RA-435,2,M,Feminino,2022,Escola Pública,,,Ágata,6.599,627.0,109.0,8.0,3.0,Avaliador-5,Avaliador-27,Avaliador-15,,7.9,6.2,7.5,4.7,3.7,5.7,,6.444,10.0,Fase 2 (5º e 6º ano),0,5.901999999999994,,6.599,Ágata,2022,Fase 2,5° e 6° ano
RA-436,2,M,Masculino,2022,Escola Pública,,,Ágata,6.687,592.0,98.0,7.0,3.0,Avaliador-5,Avaliador-27,Avaliador-15,,9.5,8.1,7.5,2.0,4.0,0.0,,6.611,10.0,Fase 2 (5º e 6º ano),0,6.4479999999999915,,6.687,Ágata,2022,Fase 2,5° e 6° ano
RA-437,2,M,Masculino,2022,Escola Pública,,,Ágata,6.875,531.0,82.0,6.0,3.0,Avaliador-5,Avaliador-27,Avaliador-15,,8.5,8.3,7.5,5.8,6.0,5.5,,6.611,5.0,Fase 3 (7º e 8º ano),-1,6.327999999999996,,6.875,Ágata,2022,Fase 3,7° e 8° ano
RA-438,2,M,Masculino,2022,Escola Pública,,,Ametista,7.764,213.0,33.0,1.0,3.0,Avaliador-5,Avaliador-27,Avaliador-15,,8.0,8.7,7.5,7.3,6.5,8.0,,6.889,10.0,Fase 2 (5º e 6º ano),0,6.3619999999999965,,7.764,Ametista,2022,Fase 2,5° e 6° ano
RA-439,2,M,Masculino,2022,Escola Pública,,,Quartzo,5.519,789.0,147.0,14.0,3.0,Avaliador-5,Avaliador-27,Avaliador-15,,9.0,4.9,7.5,2.3,3.2,1.3,,6.5,5.0,Fase 3 (7º e 8º ano),-1,6.2900000000000045,,5.519,Quartzo,2022,Fase 3,7° e 8° ano
RA-440,2,P,Masculino,2022,Escola Pública,,,Ametista,7.329,382.0,56.0,6.0,3.0,Avaliador-5,Avaliador-2,Avaliador-15,,9.5,9.0,6.9,5.5,6.0,5.0,,5.833,10.0,Fase 2 (5º e 6º ano),0,6.2239999999999895,,7.329,Ametista,2022,Fase 2,5° e 6° ano
RA-441,2,P,Feminino,2019,Escola Pública,Topázio,Topázio,Topázio,8.188,87.0,11.0,2.0,3.0,Avaliador-5,Avaliador-2,Avaliador-15,,9.0,7.9,7.5,8.0,8.0,8.0,,8.333,10.0,Fase 2 (5º e 6º ano),0,6.914000000000007,,8.188,Topázio,2022,Fase 2,5° e 6° ano
RA-442,2,P,Feminino,2022,Escola Pública,,,Topázio,8.226,78.0,8.0,1.0,3.0,Avaliador-5,Avaliador-2,Avaliador-15,,10.0,8.2,7.5,7.5,9.0,6.0,,8.222,10.0,Fase 2 (5º e 6º ano),0,6.916000000000011,,8.226,Topázio,2022,Fase 2,5° e 6° ano
RA-443,2,P,Feminino,2019,Escola Pública,Ametista,Ametista,Ametista,7.482,321.0,48.0,4.0,3.0,Avaliador-5,Avaliador-2,Avaliador-15,,9.0,9.1,7.5,5.6,8.0,3.2,,8.5,5.0,Fase 3 (7º e 8º ano),-1,6.920000000000002,,7.482,Ametista,2022,Fase 3,7° e 8° ano
RA-444,2,P,Masculino,2018,Escola Pública,Ágata,Ametista,Ágata,6.665,601.0,99.0,8.0,3.0,Avaliador-5,Avaliador-2,Avaliador-15,,9.0,7.2,5.0,3.1,1.5,4.7,,7.778,10.0,Fase 2 (5º e 6º ano),0,6.493999999999991,,6.665,Ágata,2022,Fase 2,5° e 6° ano
RA-445,2,P,Masculino,2022,Escola Pública,,,Ágata,6.924,518.0,79.0,7.0,3.0,Avaliador-5,Avaliador-2,Avaliador-15,,9.0,9.4,7.5,3.8,0.0,7.5,,7.5,5.0,Fase 3 (7º e 8º ano),-1,6.340000000000003,,6.924,Ágata,2022,Fase 3,7° e 8° ano
RA-446,2,P,Feminino,2018,Escola Pública,Ágata,Quartzo,Ametista,7.367,373.0,54.0,5.0,3.0,Avaliador-5,Avaliador-2,Avaliador-15,,9.5,8.9,5.0,6.9,6.3,7.5,,7.889,5.0,Fase 3 (7º e 8º ano),-1,6.791999999999998,,7.367,Ametista,2022,Fase 3,7° e 8° ano
RA-447,2,P,Feminino,2022,Escola Pública,,,Quartzo,5.607,773.0,144.0,10.0,3.0,Avaliador-5,Avaliador-2,Avaliador-15,,0.0,7.0,7.5,3.5,7.0,0.0,,5.556,10.0,Fase 2 (5º e 6º ano),0,6.457999999999995,,5.607,Quartzo,2022,Fase 2,5° e 6° ano
RA-448,2,P,Feminino,2022,Escola Pública,,,Ametista,7.972,150.0,19.0,3.0,3.0,Avaliador-5,Avaliador-2,Avaliador-15,,9.0,9.7,7.5,5.5,5.0,6.0,,8.111,10.0,Fase 2 (5º e 6º ano),0,6.597999999999997,,7.972,Ametista,2022,Fase 2,5° e 6° ano
RA-449,2,P,Feminino,2022,Escola Pública,,,Ágata,6.143,703.0,129.0,9.0,3.0,Avaliador-5,Avaliador-2,Avaliador-15,,0.0,6.0,7.5,7.0,6.0,8.0,,8.111,5.0,Fase 3 (7º e 8º ano),-1,6.7079999999999895,,6.143,Ágata,2022,Fase 3,7° e 8° ano
RA-450,2,Q,Masculino,2021,Escola Pública,,Ágata,Ametista,7.843,188.0,29.0,2.0,3.0,Avaliador-5,Avaliador-27,Avaliador-15,,10.0,9.1,7.5,7.5,6.8,8.2,,8.111,5.0,Fase 3 (7º e 8º ano),-1,6.507999999999994,,7.843,Ametista,2022,Fase 3,7° e 8° ano
RA-451,2,Q,Feminino,2019,Escola Pública,Ametista,Quartzo,Ágata,6.434,654.0,117.0,9.0,3.0,Avaliador-5,Avaliador-27,Avaliador-15,,9.0,6.0,6.3,6.1,3.1,9.2,,6.889,5.0,Fase 3 (7º e 8º ano),-1,6.062000000000003,,6.434,Ágata,2022,Fase 3,7° e 8° ano
RA-452,2,Q,Feminino,2021,Escola Pública,,Ametista,Ágata,6.287,690.0,127.0,10.0,3.0,Avaliador-5,Avaliador-27,Avaliador-15,,9.0,5.6,7.5,4.8,5.0,4.5,,7.167,5.0,Fase 3 (7º e 8º ano),-1,6.235999999999997,,6.287,Ágata,2022,Fase 3,7° e 8° ano
RA-453,2,Q,Feminino,2022,Escola Pública,,,Ametista,7.845,187.0,28.0,1.0,3.0,Avaliador-5,Avaliador-27,Avaliador-15,,9.0,8.7,7.5,8.8,8.0,9.5,,7.778,5.0,Fase 3 (7º e 8º ano),-1,6.393999999999993,,7.845,Ametista,2022,Fase 3,7° e 8° ano
RA-454,2,Q,Masculino,2018,Escola Pública,Quartzo,Ágata,Quartzo,5.561,779.0,145.0,12.0,3.0,Avaliador-5,Avaliador-27,Avaliador-15,,9.5,8.6,5.0,2.3,0.0,4.7,,5.444,5.0,Fase 4 (9º ano),-2,3.4220000000000006,,5.561,Quartzo,2022,Fase 4,9° ano
RA-455,2,Q,Feminino,2022,Escola Pública,,,Ágata,6.876,529.0,81.0,6.0,3.0,Avaliador-5,Avaliador-27,Avaliador-15,,7.0,7.9,7.5,6.3,6.0,6.5,,7.278,5.0,Fase 3 (7º e 8º ano),-1,6.304000000000007,,6.876,Ágata,2022,Fase 3,7° e 8° ano
RA-456,2,Q,Feminino,2022,Escola Pública,,,Ametista,7.193,432.0,65.0,5.0,3.0,Avaliador-5,Avaliador-27,Avaliador-15,,6.4,8.2,6.3,7.3,6.0,8.7,,8.389,5.0,Fase 3 (7º e 8º ano),-1,6.451999999999991,,7.193,Ametista,2022,Fase 3,7° e 8° ano
RA-457,2,Q,Feminino,2022,Escola Pública,,,Ametista,7.68,240.0,40.0,3.0,3.0,Avaliador-5,Avaliador-27,Avaliador-15,,8.0,8.8,7.5,8.5,7.0,10.0,,7.667,5.0,Fase 3 (7º e 8º ano),-1,6.365999999999987,,7.68,Ametista,2022,Fase 3,7° e 8° ano
RA-458,2,Q,Masculino,2019,Escola Pública,Ametista,Quartzo,Ágata,6.512,642.0,113.0,8.0,3.0,Avaliador-5,Avaliador-27,Avaliador-15,,8.0,7.7,7.5,5.6,4.7,6.5,,5.833,5.0,Fase 3 (7º e 8º ano),-1,6.353999999999997,,6.512,Ágata,2022,Fase 3,7° e 8° ano
RA-459,2,Q,Masculino,2019,Escola Pública,Ametista,Ametista,Ametista,7.28,401.0,59.0,4.0,3.0,Avaliador-5,Avaliador-27,Avaliador-15,,7.0,9.1,8.1,7.3,5.3,9.2,,7.222,5.0,Fase 3 (7º e 8º ano),-1,5.455999999999994,,7.28,Ametista,2022,Fase 3,7° e 8° ano
RA-460,2,Q,Masculino,2022,Escola Pública,,,Quartzo,5.711,758.0,140.0,11.0,3.0,Avaliador-5,Avaliador-27,Avaliador-15,,6.8,8.1,7.5,3.3,0.5,6.0,,5.056,5.0,Fase 3 (7º e 8º ano),-1,4.897999999999989,,5.711,Quartzo,2022,Fase 3,7° e 8° ano
RA-461,2,Q,Feminino,2018,Escola Pública,Ametista,Ametista,Quartzo,5.451,792.0,149.0,13.0,3.0,Avaliador-5,Avaliador-27,Avaliador-15,,0.0,6.7,7.5,3.8,1.5,6.2,,7.222,5.0,Fase 3 (7º e 8º ano),-1,6.565999999999992,,5.451,Quartzo,2022,Fase 3,7° e 8° ano
RA-462,2,Q,Masculino,2022,Escola Pública,,,Ágata,6.626,616.0,106.0,7.0,3.0,Avaliador-5,Avaliador-27,Avaliador-15,,10.0,8.5,7.5,3.6,2.0,5.2,,6.778,5.0,Fase 4 (9º ano),-2,6.004000000000005,,6.626,Ágata,2022,Fase 4,9° ano
RA-463,2,U,Feminino,2020,Escola Pública,Quartzo,Quartzo,Ágata,6.41,658.0,119.0,11.0,3.0,Avaliador-5,Avaliador-2,Avaliador-15,,10.0,7.8,7.5,2.5,2.0,3.0,,7.389,5.0,Fase 3 (7º e 8º ano),-1,6.221999999999994,,6.41,Ágata,2022,Fase 3,7° e 8° ano
RA-464,2,U,Feminino,2022,Escola Pública,,,Ágata,6.745,570.0,91.0,7.0,3.0,Avaliador-5,Avaliador-2,Avaliador-15,,7.5,8.0,7.5,4.8,2.7,7.0,,7.722,5.0,Fase 3 (7º e 8º ano),-1,6.405999999999992,,6.745,Ágata,2022,Fase 3,7° e 8° ano
RA-465,2,U,Masculino,2019,Escola Pública,Topázio,Ametista,Ametista,8.012,139.0,18.0,1.0,3.0,Avaliador-5,Avaliador-2,Avaliador-15,,8.0,7.9,7.5,7.8,9.3,6.3,,8.444,10.0,Fase 2 (5º e 6º ano),0,6.331999999999995,,8.012,Topázio,2022,Fase 2,5° e 6° ano
RA-466,2,U,Masculino,2022,Escola Pública,,,Ágata,6.826,546.0,85.0,6.0,3.0,Avaliador-5,Avaliador-2,Avaliador-15,,8.5,9.7,7.5,3.3,0.5,6.0,,7.556,5.0,Fase 3 (7º e 8º ano),-1,6.147999999999998,,6.826,Ágata,2022,Fase 3,7° e 8° ano
RA-467,2,U,Feminino,2022,Escola Pública,,,Ágata,6.38,664.0,121.0,12.0,3.0,Avaliador-5,Avaliador-2,Avaliador-15,,5.8,8.4,5.0,5.5,5.0,6.0,,7.111,5.0,Fase 3 (7º e 8º ano),-1,5.977999999999994,,6.38,Ágata,2022,Fase 3,7° e 8° ano
RA-468,2,U,Masculino,2022,Escola Pública,,,Ágata,6.313,682.0,125.0,13.0,3.0,Avaliador-5,Avaliador-2,Avaliador-15,,9.5,6.7,7.5,4.1,4.5,3.7,,6.722,5.0,Fase 3 (7º e 8º ano),-1,6.085999999999991,,6.313,Ágata,2022,Fase 3,7° e 8° ano
RA-469,2,U,Feminino,2022,Escola Pública,,,Ametista,7.624,263.0,41.0,2.0,3.0,Avaliador-5,Avaliador-2,Avaliador-15,,9.0,9.6,5.0,5.7,6.2,5.2,,7.833,10.0,Fase 2 (5º e 6º ano),0,5.973999999999986,,7.624,Ametista,2022,Fase 2,5° e 6° ano
RA-470,2,U,Feminino,2019,Escola Pública,Ametista,Ametista,Ametista,7.378,369.0,53.0,3.0,3.0,Avaliador-5,Avaliador-2,Avaliador-15,,8.0,9.7,7.5,6.3,5.3,7.3,,7.5,5.0,Fase 3 (7º e 8º ano),-1,6.280000000000001,,7.378,Ametista,2022,Fase 3,7° e 8° ano
RA-471,2,U,Feminino,2020,Escola Pública,Ágata,Ágata,Ágata,6.535,639.0,112.0,9.0,3.0,Avaliador-5,Avaliador-2,Avaliador-15,,3.5,8.5,5.0,6.3,5.7,6.8,,8.056,5.0,Fase 3 (7º e 8º ano),-1,6.137999999999995,,6.535,Ágata,2022,Fase 3,7° e 8° ano
RA-472,2,U,Feminino,2022,Escola Pública,,,Quartzo,5.93,735.0,133.0,14.0,3.0,Avaliador-5,Avaliador-2,Avaliador-15,,9.0,7.0,7.5,2.0,1.8,2.2,,7.056,5.0,Fase 3 (7º e 8º ano),-1,5.687999999999995,,5.93,Quartzo,2022,Fase 3,7° e 8° ano
RA-473,2,U,Masculino,2019,Escola Pública,Ametista,Ametista,Quartzo,5.915,737.0,134.0,15.0,3.0,Avaliador-5,Avaliador-2,Avaliador-15,,8.0,6.1,7.5,4.3,4.5,4.0,,5.889,5.0,Fase 3 (7º e 8º ano),-1,6.071999999999997,,5.915,Quartzo,2022,Fase 3,7° e 8° ano
RA-474,2,U,Masculino,2019,Escola Pública,Ametista,Ametista,Ágata,6.446,650.0,115.0,10.0,3.0,Avaliador-5,Avaliador-2,Avaliador-15,,9.5,9.1,7.5,3.0,1.3,4.7,,6.0,5.0,Fase 3 (7º e 8º ano),-1,6.2599999999999945,,6.446,Ágata,2022,Fase 3,7° e 8° ano
RA-475,2,U,Feminino,2022,Escola Pública,,,Ametista,7.199,430.0,63.0,4.0,3.0,Avaliador-5,Avaliador-2,Avaliador-15,,8.5,9.2,7.5,5.8,3.3,8.3,,7.667,5.0,Fase 3 (7º e 8º ano),-1,5.655999999999999,,7.199,Ametista,2022,Fase 3,7° e 8° ano
RA-476,2,U,Feminino,2019,Escola Pública,Ágata,Ametista,Ágata,6.931,513.0,78.0,5.0,3.0,Avaliador-5,Avaliador-2,Avaliador-15,,9.0,9.3,4.4,5.5,5.0,6.0,,7.556,5.0,Fase 3 (7º e 8º ano),-1,6.197999999999988,,6.931,Ágata,2022,Fase 3,7° e 8° ano
RA-477,2,U,Masculino,2022,Escola Pública,,,Quartzo,3.633,860.0,155.0,16.0,3.0,Avaliador-5,Avaliador-2,Avaliador-15,,0.0,5.0,5.6,0.7,0.3,1.0,,4.5,5.0,Fase 3 (7º e 8º ano),-1,5.329999999999999,,3.633,Quartzo,2022,Fase 3,7° e 8° ano
RA-478,2,U,Feminino,2019,Escola Pública,Ametista,Ametista,Ágata,6.709,588.0,96.0,8.0,3.0,Avaliador-5,Avaliador-2,Avaliador-15,,8.5,9.1,5.6,4.9,3.8,6.0,,7.056,5.0,Fase 3 (7º e 8º ano),-1,5.877999999999997,,6.709,Ágata,2022,Fase 3,7° e 8° ano
RA-479,1,A,Masculino,2020,Rede Decisão,Topázio,Topázio,Topázio,8.465,40.0,5.0,1.0,3.0,Avaliador-4,Avaliador-2,Avaliador-15,,8.0,9.2,7.5,9.8,10.0,9.7,,9.5,5.0,Fase 2 (5º e 6º ano),-1,7.149999999999999,,8.465,Topázio,2022,Fase 2,5° e 6° ano
RA-480,1,A,Feminino,2021,Escola Pública,,Ametista,Ametista,7.502,309.0,81.0,6.0,3.0,Avaliador-4,Avaliador-2,Avaliador-15,,9.0,8.8,7.5,6.3,6.8,5.7,,8.444,5.0,Fase 2 (5º e 6º ano),-1,6.431999999999984,,7.502,Ametista,2022,Fase 2,5° e 6° ano
RA-481,1,A,Masculino,2021,Escola Pública,,Topázio,Ametista,7.21,424.0,109.0,9.0,3.0,Avaliador-4,Avaliador-2,Avaliador-15,,9.0,8.0,7.5,5.2,5.7,4.7,,6.889,10.0,Fase 1 (4º ano),0,5.422000000000002,,7.21,Ametista,2022,Fase 1,4° ano
RA-482,1,A,Masculino,2021,Escola Pública,,Ametista,Ágata,6.866,532.0,134.0,10.0,3.0,Avaliador-4,Avaliador-2,Avaliador-15,,10.0,7.9,7.5,5.5,4.3,6.7,,6.833,5.0,Fase 2 (5º e 6º ano),-1,5.693999999999999,,6.866,Ágata,2022,Fase 2,5° e 6° ano
RA-483,1,A,Feminino,2019,Escola Pública,Ametista,Ágata,Quartzo,5.263,805.0,185.0,13.0,3.0,Avaliador-4,Avaliador-2,Avaliador-15,,9.0,4.8,5.0,2.4,2.0,2.8,,6.833,5.0,Fase 2 (5º e 6º ano),-1,5.564,,5.263,Quartzo,2022,Fase 2,5° e 6° ano
RA-484,1,A,Masculino,2022,Escola Pública,,,Ágata,6.71,587.0,144.0,11.0,3.0,Avaliador-4,Avaliador-2,Avaliador-15,,9.5,8.7,5.0,6.5,8.0,5.0,,6.389,5.0,Fase 2 (5º e 6º ano),-1,4.421999999999997,,6.71,Ágata,2022,Fase 2,5° e 6° ano
RA-485,1,A,Masculino,2020,Escola Pública,Topázio,Ágata,Quartzo,4.742,837.0,191.0,14.0,3.0,Avaliador-4,Avaliador-2,Avaliador-15,,9.5,4.0,7.5,1.2,1.0,1.3,,5.444,5.0,Fase 2 (5º e 6º ano),-1,4.131999999999998,,4.742,Quartzo,2022,Fase 2,5° e 6° ano
RA-486,1,A,Feminino,2020,Escola Pública,Topázio,Topázio,Ametista,7.621,264.0,68.0,4.0,3.0,Avaliador-4,Avaliador-2,Avaliador-15,,10.0,9.9,7.5,7.3,6.7,7.8,,7.222,5.0,Fase 2 (5º e 6º ano),-1,4.866000000000001,,7.621,Ametista,2022,Fase 2,5° e 6° ano
RA-487,1,A,Feminino,2019,Rede Decisão,Topázio,Topázio,Topázio,8.417,45.0,6.0,2.0,3.0,Avaliador-4,Avaliador-2,Avaliador-15,,7.5,9.7,7.5,9.6,9.7,9.5,,9.333,5.0,Fase 2 (5º e 6º ano),-1,6.9040000000000035,,8.417,Topázio,2022,Fase 2,5° e 6° ano
RA-488,1,A,Feminino,2022,Escola Pública,,,Ametista,7.413,351.0,92.0,8.0,3.0,Avaliador-4,Avaliador-2,Avaliador-15,,8.5,8.8,7.5,7.3,6.0,8.5,,7.722,5.0,Fase 2 (5º e 6º ano),-1,5.485999999999995,,7.413,Ametista,2022,Fase 2,5° e 6° ano
RA-489,1,A,Feminino,2022,Escola Pública,,,Quartzo,5.853,743.0,176.0,12.0,3.0,Avaliador-4,Avaliador-2,Avaliador-15,,9.0,7.2,7.5,0.0,0.0,0.0,,6.5,10.0,Fase 1 (4º ano),0,4.630000000000001,,5.853,Quartzo,2022,Fase 1,4° ano
RA-490,1,A,Feminino,2022,Escola Pública,,,Ametista,7.576,283.0,77.0,5.0,3.0,Avaliador-4,Avaliador-2,Avaliador-15,,7.9,8.2,7.5,7.7,6.0,9.3,,8.722,5.0,Fase 2 (5º e 6º ano),-1,6.116000000000001,,7.576,Ametista,2022,Fase 2,5° e 6° ano
RA-491,1,A,Masculino,2022,Escola Pública,,,Ametista,7.461,329.0,86.0,7.0,3.0,Avaliador-4,Avaliador-2,Avaliador-15,,7.5,9.7,7.5,7.0,6.0,8.0,,7.722,5.0,Fase 2 (5º e 6º ano),-1,5.766,,7.461,Ametista,2022,Fase 2,5° e 6° ano
RA-492,1,A,Feminino,2022,Escola Pública,,,Ametista,7.678,242.0,63.0,3.0,3.0,Avaliador-4,Avaliador-2,Avaliador-15,,10.0,8.8,7.5,7.1,8.2,6.0,,8.278,5.0,Fase 2 (5º e 6º ano),-1,5.924000000000005,,7.678,Ametista,2022,Fase 2,5° e 6° ano
RA-493,1,B,Feminino,2020,Escola Pública,Topázio,Topázio,Topázio,8.306,61.0,12.0,1.0,3.0,Avaliador-4,Avaliador-2,Avaliador-15,,10.0,9.4,7.5,7.2,7.3,7.0,,8.278,10.0,Fase 1 (4º ano),0,5.803999999999991,,8.306,Topázio,2022,Fase 1,4° ano
RA-494,1,B,Feminino,2022,Escola Pública,,,Ágata,6.407,661.0,159.0,13.0,3.0,Avaliador-4,Avaliador-2,Avaliador-15,,6.4,8.3,5.0,5.8,6.3,5.2,,6.944,5.0,Fase 2 (5º e 6º ano),-1,5.581999999999994,,6.407,Ágata,2022,Fase 2,5° e 6° ano
RA-495,1,B,Masculino,2022,Escola Pública,,,Ametista,7.857,184.0,42.0,6.0,3.0,Avaliador-4,Avaliador-2,Avaliador-15,,9.0,8.9,7.5,8.4,8.0,8.8,,8.056,5.0,Fase 2 (5º e 6º ano),-1,6.357999999999997,,7.857,Ametista,2022,Fase 2,5° e 6° ano
RA-496,1,B,Masculino,2018,Escola Pública,Quartzo,Quartzo,Ágata,6.683,595.0,145.0,12.0,3.0,Avaliador-4,Avaliador-2,Avaliador-15,,8.5,6.8,7.5,5.7,5.8,5.5,,7.556,5.0,Fase 2 (5º e 6º ano),-1,5.717999999999996,,6.683,Ágata,2022,Fase 2,5° e 6° ano
RA-497,1,B,Feminino,2016,Rede Decisão,Quartzo,Quartzo,Ágata,6.323,678.0,163.0,14.0,3.0,Avaliador-4,Avaliador-2,Avaliador-15,,6.9,9.2,5.0,5.1,4.2,6.0,,5.833,5.0,Fase 3 (7º e 8º ano),-2,6.064000000000007,,6.323,Ágata,2022,Fase 3,7° e 8° ano
RA-498,1,B,Feminino,2018,Escola Pública,Ametista,Ágata,Ametista,7.7,234.0,61.0,9.0,3.0,Avaliador-4,Avaliador-2,Avaliador-15,,8.5,8.8,7.5,8.8,8.0,9.5,,7.556,5.0,Fase 2 (5º e 6º ano),-1,5.687999999999986,,7.7,Ametista,2022,Fase 2,5° e 6° ano
RA-499,1,B,Masculino,2020,Escola Pública,Ágata,Ametista,Ametista,7.826,196.0,46.0,7.0,3.0,Avaliador-4,Avaliador-2,Avaliador-15,,8.5,10.0,7.5,8.2,8.2,8.2,,7.444,5.0,Fase 2 (5º e 6º ano),-1,5.971999999999991,,7.826,Ametista,2022,Fase 2,5° e 6° ano
RA-500,1,B,Feminino,2020,Escola Pública,Topázio,Topázio,Topázio,8.232,75.0,16.0,3.0,3.0,Avaliador-4,Avaliador-2,Avaliador-15,,9.0,10.0,7.5,9.5,9.5,9.5,,7.889,5.0,Fase 2 (5º e 6º ano),-1,6.041999999999987,,8.232,Topázio,2022,Fase 2,5° e 6° ano
RA-501,1,B,Masculino,2021,Escola Pública,,Topázio,Ametista,7.794,201.0,48.0,8.0,3.0,Avaliador-4,Avaliador-2,Avaliador-15,,8.5,8.8,7.5,6.8,8.0,5.7,,7.333,10.0,Fase 1 (4º ano),0,6.073999999999993,,7.794,Ametista,2022,Fase 1,4° ano
RA-502,1,B,Feminino,2021,Rede Decisão,,Topázio,Topázio,8.287,62.0,13.0,2.0,3.0,Avaliador-4,Avaliador-2,Avaliador-15,,9.5,9.7,7.5,7.4,6.7,8.2,,7.778,10.0,ALFA  (2º e 3º ano),1,6.114000000000006,,8.287,Topázio,2022,ALFA,2° e 3° ano
RA-503,1,B,Masculino,2020,Escola Pública,Topázio,Topázio,Ametista,7.95,155.0,38.0,5.0,3.0,Avaliador-4,Avaliador-2,Avaliador-15,,8.5,10.0,7.5,8.8,8.7,9.0,,7.5,5.0,Fase 2 (5º e 6º ano),-1,5.9000000000000075,,7.95,Ametista,2022,Fase 2,5° e 6° ano
RA-504,1,B,Feminino,2021,Escola Pública,,Topázio,Topázio,8.072,124.0,29.0,4.0,3.0,Avaliador-4,Avaliador-2,Avaliador-15,,8.5,8.9,7.5,8.0,7.8,8.2,,7.556,10.0,Fase 1 (4º ano),0,5.807999999999982,,8.072,Topázio,2022,Fase 1,4° ano
RA-505,1,B,Feminino,2019,Escola Pública,Topázio,Ametista,Ametista,7.591,276.0,73.0,10.0,3.0,Avaliador-4,Avaliador-2,Avaliador-15,,9.5,8.0,7.5,8.4,8.2,8.7,,7.556,5.0,Fase 2 (5º e 6º ano),-1,5.997999999999992,,7.591,Ametista,2022,Fase 2,5° e 6° ano
RA-506,1,B,Masculino,2020,Escola Pública,Ametista,Ágata,Ametista,7.132,446.0,113.0,11.0,3.0,Avaliador-4,Avaliador-2,Avaliador-15,,9.5,7.3,7.5,7.2,8.3,6.0,,7.278,5.0,Fase 3 (7º e 8º ano),-2,5.763999999999996,,7.132,Ametista,2022,Fase 3,7° e 8° ano
RA-507,1,C,Feminino,2021,Escola Pública,,Ágata,Ametista,7.653,254.0,66.0,4.0,3.0,Avaliador-4,Avaliador-2,Avaliador-15,,8.5,10.0,7.5,7.4,7.3,7.5,,7.222,5.0,Fase 2 (5º e 6º ano),-1,6.285999999999996,,7.653,Ametista,2022,Fase 2,5° e 6° ano
RA-508,1,C,Masculino,2022,Escola Pública,,,Ágata,6.575,636.0,155.0,10.0,3.0,Avaliador-4,Avaliador-2,Avaliador-15,,8.0,7.4,7.5,4.5,0.0,9.0,,7.556,5.0,Fase 2 (5º e 6º ano),-1,6.337999999999999,,6.575,Ágata,2022,Fase 2,5° e 6° ano
RA-509,1,C,Feminino,2018,Escola Pública,Ametista,Ágata,Ametista,7.808,199.0,47.0,3.0,3.0,Avaliador-4,Avaliador-2,Avaliador-15,,9.0,8.2,7.5,9.2,9.3,9.0,,7.833,5.0,Fase 3 (7º e 8º ano),-2,6.113999999999997,,7.808,Ametista,2022,Fase 3,7° e 8° ano
RA-510,1,C,Masculino,2022,Escola Pública,,,Ametista,7.336,379.0,98.0,6.0,3.0,Avaliador-4,Avaliador-2,Avaliador-15,,8.0,9.3,7.5,7.1,5.8,8.3,,7.056,5.0,Fase 3 (7º e 8º ano),-2,5.948000000000002,,7.336,Ametista,2022,Fase 3,7° e 8° ano
RA-511,1,C,Feminino,2022,Escola Pública,,,Ametista,7.094,458.0,117.0,7.0,3.0,Avaliador-4,Avaliador-2,Avaliador-15,,8.0,10.0,7.5,5.3,2.0,8.5,,7.056,5.0,Fase 2 (5º e 6º ano),-1,5.728,,7.094,Ametista,2022,Fase 2,5° e 6° ano
RA-512,1,C,Feminino,2022,Escola Pública,,,Ametista,7.365,374.0,97.0,5.0,3.0,Avaliador-4,Avaliador-2,Avaliador-15,,9.0,9.3,7.5,6.2,5.3,7.0,,7.722,5.0,Fase 2 (5º e 6º ano),-1,5.705999999999989,,7.365,Ametista,2022,Fase 2,5° e 6° ano
RA-513,1,C,Masculino,2021,Escola Pública,,Topázio,Topázio,8.229,77.0,17.0,2.0,3.0,Avaliador-4,Avaliador-2,Avaliador-15,,9.0,9.6,5.6,8.3,8.2,8.5,,7.778,10.0,Fase 1 (4º ano),0,6.333999999999991,,8.229,Topázio,2022,Fase 1,4° ano
RA-514,1,C,Feminino,2022,Escola Pública,,,Ametista,7.039,476.0,123.0,8.0,3.0,Avaliador-4,Avaliador-2,Avaliador-15,,8.0,9.7,7.5,4.8,2.0,7.5,,5.889,10.0,Fase 1 (4º ano),0,4.111999999999991,,7.039,Ametista,2022,Fase 1,4° ano
RA-515,1,C,Masculino,2022,Escola Pública,,,Ágata,6.582,631.0,154.0,9.0,3.0,Avaliador-4,Avaliador-2,Avaliador-15,,8.0,6.3,7.5,5.8,8.5,3.2,,7.556,5.0,Fase 3 (7º e 8º ano),-2,6.0080000000000044,,6.582,Ágata,2022,Fase 3,7° e 8° ano
RA-516,1,C,Masculino,2019,Rede Decisão,Topázio,Topázio,Topázio,8.903,8.0,2.0,1.0,3.0,Avaliador-4,Avaliador-2,Avaliador-15,,10.0,9.7,7.5,9.9,10.0,9.8,,8.056,10.0,Fase 1 (4º ano),0,6.2180000000000035,,8.903,Topázio,2022,Fase 1,4° ano
RA-517,1,D,Feminino,2017,Escola Pública,Ametista,Ágata,Ametista,7.604,271.0,70.0,8.0,3.0,Avaliador-7,Avaliador-3,Avaliador-15,,6.9,9.5,7.5,7.7,7.8,7.5,,7.833,5.0,Fase 3 (7º e 8º ano),-2,6.573999999999991,,7.604,Ametista,2022,Fase 3,7° e 8° ano
RA-518,1,D,Masculino,2022,Escola Pública,,,Ametista,7.661,251.0,65.0,7.0,3.0,Avaliador-7,Avaliador-3,Avaliador-15,,9.0,9.4,7.5,7.5,6.0,9.0,,7.5,5.0,Fase 2 (5º e 6º ano),-1,6.309999999999993,,7.661,Ametista,2022,Fase 2,5° e 6° ano
RA-519,1,D,Masculino,2022,Escola Pública,,,Ametista,8.0,144.0,36.0,5.0,3.0,Avaliador-7,Avaliador-3,Avaliador-15,,7.4,9.6,7.5,7.5,7.0,8.0,,7.333,10.0,Fase 1 (4º ano),0,6.234000000000002,,8.0,Ametista,2022,Fase 1,4° ano
RA-520,1,D,Feminino,2022,Escola Pública,,,Ametista,7.035,478.0,125.0,10.0,3.0,Avaliador-7,Avaliador-3,Avaliador-15,,10.0,6.8,7.5,6.8,5.0,8.5,,7.278,5.0,Fase 2 (5º e 6º ano),-1,6.0939999999999905,,7.035,Ametista,2022,Fase 2,5° e 6° ano
RA-521,1,D,Masculino,2022,Escola Pública,,,Ametista,7.725,228.0,59.0,6.0,3.0,Avaliador-7,Avaliador-3,Avaliador-15,,9.0,10.0,5.0,6.0,5.0,7.0,,7.5,10.0,Fase 1 (4º ano),0,6.249999999999991,,7.725,Ametista,2022,Fase 1,4° ano
RA-522,1,D,Masculino,2021,Escola Pública,,Topázio,Topázio,8.306,60.0,11.0,1.0,3.0,Avaliador-7,Avaliador-3,Avaliador-15,,9.5,9.1,7.5,7.5,7.0,8.0,,8.167,10.0,Fase 1 (4º ano),0,6.525999999999987,,8.306,Topázio,2022,Fase 1,4° ano
RA-523,1,D,Feminino,2022,Escola Pública,,,Ametista,7.591,278.0,74.0,9.0,3.0,Avaliador-7,Avaliador-3,Avaliador-15,,10.0,9.5,7.5,6.5,5.0,8.0,,7.556,5.0,Fase 2 (5º e 6º ano),-1,6.298000000000004,,7.591,Ametista,2022,Fase 2,5° e 6° ano
RA-524,1,D,Masculino,2019,Escola Pública,Ametista,Ametista,Ágata,6.947,507.0,132.0,11.0,3.0,Avaliador-7,Avaliador-3,Avaliador-15,,0.0,9.4,5.0,9.1,9.0,9.2,,8.056,5.0,Fase 2 (5º e 6º ano),-1,6.357999999999997,,6.947,Ágata,2022,Fase 2,5° e 6° ano
RA-525,1,D,Feminino,2021,Escola Pública,,Ágata,Ametista,8.013,138.0,35.0,4.0,3.0,Avaliador-7,Avaliador-3,Avaliador-15,,9.0,9.3,7.5,8.6,8.3,8.8,,8.167,5.0,Fase 2 (5º e 6º ano),-1,6.495999999999995,,8.013,Topázio,2022,Fase 2,5° e 6° ano
RA-526,1,D,Masculino,2022,Escola Pública,,,Topázio,8.079,123.0,28.0,2.0,3.0,Avaliador-7,Avaliador-3,Avaliador-15,,10.0,9.9,7.5,8.0,7.7,8.3,,8.167,5.0,Fase 3 (7º e 8º ano),-2,6.156000000000006,,8.079,Topázio,2022,Fase 3,7° e 8° ano
RA-527,1,D,Feminino,2022,Escola Pública,,,Ametista,8.025,135.0,33.0,3.0,3.0,Avaliador-7,Avaliador-3,Avaliador-15,,8.5,10.0,7.5,6.5,5.0,8.0,,7.5,10.0,Fase 1 (4º ano),0,6.25,,8.025,Topázio,2022,Fase 1,4° ano
RA-528,1,D,Masculino,2021,Escola Pública,,Ametista,Quartzo,5.335,798.0,183.0,13.0,3.0,Avaliador-7,Avaliador-3,Avaliador-15,,0.0,6.2,7.5,4.0,5.3,2.7,,6.944,5.0,Fase 2 (5º e 6º ano),-1,6.562000000000001,,5.335,Quartzo,2022,Fase 2,5° e 6° ano
RA-529,1,D,Masculino,2020,Escola Pública,Ágata,Ametista,Ágata,6.51,643.0,156.0,12.0,3.0,Avaliador-7,Avaliador-3,Avaliador-15,,8.5,8.9,5.0,5.2,3.3,7.0,,6.556,5.0,Fase 3 (7º e 8º ano),-2,5.287999999999995,,6.51,Ágata,2022,Fase 3,7° e 8° ano
RA-530,1,E,Masculino,2019,Escola Pública,Topázio,Topázio,Topázio,8.338,56.0,9.0,1.0,3.0,Avaliador-7,Avaliador-3,Avaliador-15,,10.0,9.0,7.5,8.9,9.0,8.8,,9.056,5.0,Fase 2 (5º e 6º ano),-1,6.967999999999996,,8.338,Topázio,2022,Fase 2,5° e 6° ano
RA-531,1,E,Masculino,2022,Escola Pública,,,Ametista,8.057,132.0,31.0,2.0,3.0,Avaliador-7,Avaliador-3,Avaliador-15,,9.5,9.8,7.5,7.8,8.7,7.0,,8.167,5.0,Fase 2 (5º e 6º ano),-1,7.035999999999998,,8.057,Topázio,2022,Fase 2,5° e 6° ano
RA-532,1,E,Feminino,2022,Escola Pública,,,Ametista,7.792,203.0,49.0,3.0,3.0,Avaliador-7,Avaliador-3,Avaliador-15,,9.5,9.7,7.5,5.5,4.0,7.0,,7.167,10.0,Fase 1 (4º ano),0,6.185999999999998,,7.792,Ametista,2022,Fase 1,4° ano
RA-533,1,E,Masculino,2022,Escola Pública,,,Ágata,6.962,499.0,130.0,5.0,3.0,Avaliador-7,Avaliador-3,Avaliador-15,,8.5,8.8,5.6,6.0,5.0,7.0,,7.333,5.0,Fase 2 (5º e 6º ano),-1,6.253999999999991,,6.962,Ágata,2022,Fase 2,5° e 6° ano
RA-534,1,E,Feminino,2021,Escola Pública,,Ametista,Ametista,7.131,447.0,114.0,4.0,3.0,Avaliador-7,Avaliador-3,Avaliador-15,,9.0,7.4,7.5,7.1,6.5,7.7,,7.333,5.0,Fase 3 (7º e 8º ano),-2,6.143999999999998,,7.131,Ametista,2022,Fase 3,7° e 8° ano
RA-535,1,F,Feminino,2019,Escola Pública,Topázio,Ametista,Ágata,6.953,504.0,131.0,6.0,2.0,Avaliador-4,Avaliador-2,,,9.0,9.2,7.5,5.1,4.7,5.5,,6.917,5.0,Fase 2 (5º e 6º ano),-1,5.596000000000005,,6.953,Ágata,2022,Fase 2,5° e 6° ano
RA-536,1,F,Feminino,2020,Escola Pública,Topázio,Ametista,Ametista,7.106,454.0,116.0,4.0,2.0,Avaliador-4,Avaliador-2,,,9.5,8.9,5.6,6.0,6.3,5.7,,7.75,5.0,Fase 2 (5º e 6º ano),-1,5.659999999999998,,7.106,Ametista,2022,Fase 2,5° e 6° ano
RA-537,1,F,Masculino,2022,Escola Pública,,,Ágata,6.641,612.0,147.0,7.0,2.0,Avaliador-4,Avaliador-2,,,9.5,9.0,4.4,4.8,2.5,7.0,,7.167,5.0,Fase 2 (5º e 6º ano),-1,5.575999999999999,,6.641,Ágata,2022,Fase 2,5° e 6° ano
RA-538,1,F,Masculino,2022,Escola Pública,,,Ágata,6.309,684.0,164.0,8.0,2.0,Avaliador-4,Avaliador-2,,,8.5,7.5,5.6,6.8,4.5,9.0,,5.583,5.0,Fase 3 (7º e 8º ano),-2,4.223999999999997,,6.309,Ágata,2022,Fase 3,7° e 8° ano
RA-539,1,F,Feminino,2022,Escola Pública,,,Ametista,7.665,249.0,64.0,1.0,2.0,Avaliador-4,Avaliador-2,,,8.5,9.3,6.9,7.5,6.8,8.2,,8.417,5.0,Fase 2 (5º e 6º ano),-1,5.81599999999999,,7.665,Ametista,2022,Fase 2,5° e 6° ano
RA-540,1,F,Feminino,2019,Escola Pública,Topázio,Topázio,Ametista,7.303,390.0,101.0,2.0,2.0,Avaliador-4,Avaliador-2,,,8.5,9.5,5.6,7.0,6.8,7.2,,7.5,5.0,Fase 2 (5º e 6º ano),-1,5.93,,7.303,Ametista,2022,Fase 2,5° e 6° ano
RA-541,1,F,Masculino,2022,Escola Pública,,,Quartzo,5.427,793.0,182.0,10.0,2.0,Avaliador-4,Avaliador-2,,,10.0,7.8,6.9,2.5,0.0,5.0,,5.0,2.5,Fase 4 (9º ano),-3,4.269999999999996,,5.427,Quartzo,2022,Fase 4,9° ano
RA-542,1,F,Feminino,2019,Escola Pública,Ametista,Ágata,Ametista,7.221,419.0,107.0,3.0,2.0,Avaliador-4,Avaliador-2,,,8.0,9.8,6.3,6.5,5.3,7.7,,7.417,5.0,Fase 2 (5º e 6º ano),-1,5.475999999999992,,7.221,Ametista,2022,Fase 2,5° e 6° ano
RA-543,1,F,Feminino,2022,Escola Pública,,,Ametista,7.05,471.0,121.0,5.0,2.0,Avaliador-4,Avaliador-2,,,8.5,9.8,4.4,6.5,5.0,8.0,,7.167,5.0,Fase 2 (5º e 6º ano),-1,5.665999999999993,,7.05,Ametista,2022,Fase 2,5° e 6° ano
RA-544,1,F,Masculino,2022,Escola Pública,,,Ágata,6.307,686.0,165.0,9.0,2.0,Avaliador-4,Avaliador-2,,,9.5,9.7,5.6,3.3,1.0,5.5,,6.0,5.0,Fase 2 (5º e 6º ano),-1,4.970000000000008,,6.307,Ágata,2022,Fase 2,5° e 6° ano
RA-545,1,G,Masculino,2018,Escola Pública,Ametista,Ágata,Ágata,6.723,580.0,142.0,6.0,2.0,Avaliador-4,Avaliador-2,,,9.5,6.6,7.5,5.5,4.3,6.7,,7.5,5.0,Fase 3 (7º e 8º ano),-2,6.029999999999998,,6.723,Ágata,2022,Fase 3,7° e 8° ano
RA-546,1,G,Feminino,2021,Escola Pública,,Quartzo,Ágata,6.77,564.0,138.0,5.0,2.0,Avaliador-4,Avaliador-2,,,9.0,7.9,5.0,5.6,3.3,7.8,,7.917,5.0,Fase 2 (5º e 6º ano),-1,5.865999999999989,,6.77,Ágata,2022,Fase 2,5° e 6° ano
RA-547,1,G,Feminino,2019,Escola Pública,Ágata,Ágata,Ametista,7.745,218.0,56.0,1.0,2.0,Avaliador-4,Avaliador-2,,,9.5,9.7,5.0,7.6,7.3,7.8,,8.833,5.0,Fase 2 (5º e 6º ano),-1,5.683999999999996,,7.745,Ametista,2022,Fase 2,5° e 6° ano
RA-548,1,G,Masculino,2019,Escola Pública,Ametista,Ametista,Ametista,7.292,396.0,104.0,2.0,2.0,Avaliador-4,Avaliador-2,,,8.0,9.1,6.9,7.2,5.7,8.7,,7.583,5.0,Fase 3 (7º e 8º ano),-2,5.253999999999985,,7.292,Ametista,2022,Fase 3,7° e 8° ano
RA-549,1,G,Masculino,2021,Escola Pública,,Ametista,Ágata,6.301,688.0,166.0,9.0,2.0,Avaliador-4,Avaliador-2,,,10.0,7.9,6.9,4.2,2.2,6.2,,6.167,5.0,Fase 2 (5º e 6º ano),-1,4.575999999999993,,6.301,Ágata,2022,Fase 2,5° e 6° ano
RA-550,1,G,Feminino,2022,Escola Pública,,,Ágata,6.026,724.0,172.0,10.0,2.0,Avaliador-4,Avaliador-2,,,9.0,9.0,6.9,1.9,2.0,1.8,,6.25,5.0,Fase 3 (7º e 8º ano),-2,5.059999999999993,,6.026,Quartzo,2022,Fase 3,7° e 8° ano
RA-551,1,G,Feminino,2018,Escola Pública,Ametista,Ametista,Ágata,6.853,539.0,136.0,4.0,2.0,Avaliador-4,Avaliador-2,,,8.5,7.3,6.9,6.6,5.0,8.2,,7.333,5.0,Fase 3 (7º e 8º ano),-2,5.66399999999998,,6.853,Ágata,2022,Fase 3,7° e 8° ano
RA-552,1,G,Masculino,2022,Escola Pública,,,Ágata,6.625,617.0,149.0,7.0,2.0,Avaliador-4,Avaliador-2,,,9.5,8.8,5.0,5.5,6.0,5.0,,7.167,5.0,Fase 2 (5º e 6º ano),-1,3.815999999999997,,6.625,Ágata,2022,Fase 2,5° e 6° ano
RA-553,1,G,Feminino,2019,Escola Pública,Ametista,Ametista,Ágata,6.39,663.0,160.0,8.0,2.0,Avaliador-4,Avaliador-2,,,9.5,6.9,6.9,3.3,1.0,5.7,,8.167,5.0,Fase 2 (5º e 6º ano),-1,5.765999999999991,,6.39,Ágata,2022,Fase 2,5° e 6° ano
RA-554,1,G,Masculino,2017,Escola Pública,Quartzo,Quartzo,Quartzo,5.588,776.0,180.0,12.0,2.0,Avaliador-4,Avaliador-2,,,7.9,6.0,6.9,4.0,1.7,6.3,,5.75,5.0,Fase 3 (7º e 8º ano),-2,4.580000000000002,,5.588,Quartzo,2022,Fase 3,7° e 8° ano
RA-555,1,G,Masculino,2019,Escola Pública,Ametista,Ametista,Quartzo,5.949,732.0,174.0,11.0,2.0,Avaliador-4,Avaliador-2,,,9.5,8.1,5.0,4.4,1.8,7.0,,5.167,5.0,Fase 3 (7º e 8º ano),-2,4.6559999999999935,,5.949,Quartzo,2022,Fase 3,7° e 8° ano
RA-556,1,G,Feminino,2018,Escola Pública,Topázio,Ametista,Ametista,7.181,436.0,111.0,3.0,2.0,Avaliador-4,Avaliador-2,,,9.0,8.8,5.0,6.4,4.8,8.0,,8.25,5.0,Fase 2 (5º e 6º ano),-1,5.909999999999993,,7.181,Ametista,2022,Fase 2,5° e 6° ano
RA-557,1,H,Masculino,2019,Escola Pública,Ametista,Topázio,Topázio,8.334,57.0,10.0,1.0,2.0,Avaliador-4,Avaliador-2,,,10.0,8.4,7.5,9.4,10.0,8.8,,9.333,5.0,Fase 2 (5º e 6º ano),-1,6.573999999999991,,8.334,Topázio,2022,Fase 2,5° e 6° ano
RA-558,1,H,Masculino,2022,Escola Pública,,,Quartzo,5.539,786.0,181.0,8.0,2.0,Avaliador-4,Avaliador-2,,,9.0,8.5,5.0,4.3,0.5,8.0,,4.5,2.5,Fase 4 (9º ano),-3,4.289999999999994,,5.539,Quartzo,2022,Fase 4,9° ano
RA-559,1,H,Masculino,2021,Escola Pública,,Ametista,Ametista,7.634,260.0,67.0,6.0,2.0,Avaliador-4,Avaliador-2,,,9.5,9.2,7.5,7.1,7.2,7.0,,8.083,5.0,Fase 2 (5º e 6º ano),-1,5.574000000000003,,7.634,Ametista,2022,Fase 2,5° e 6° ano
RA-560,1,H,Masculino,2020,Escola Pública,Ágata,Quartzo,Quartzo,4.949,826.0,189.0,11.0,2.0,Avaliador-4,Avaliador-2,,,6.9,7.2,5.0,3.8,3.2,4.3,,3.75,5.0,Fase 2 (5º e 6º ano),-1,3.0899999999999928,,4.949,Quartzo,2022,Fase 2,5° e 6° ano
RA-561,1,H,Masculino,2022,Escola Pública,,,Ametista,7.856,185.0,43.0,3.0,2.0,Avaliador-4,Avaliador-2,,,9.0,9.0,7.5,7.4,9.5,5.3,,8.833,5.0,Fase 2 (5º e 6º ano),-1,6.593999999999989,,7.856,Ametista,2022,Fase 2,5° e 6° ano
RA-562,1,H,Feminino,2021,Escola Pública,,Ametista,Ametista,7.855,186.0,44.0,4.0,2.0,Avaliador-4,Avaliador-2,,,8.0,9.0,7.5,8.0,8.3,7.7,,8.75,5.0,Fase 2 (5º e 6º ano),-1,6.5500000000000025,,7.855,Ametista,2022,Fase 2,5° e 6° ano
RA-563,1,H,Feminino,2020,Escola Pública,Topázio,Ametista,Topázio,8.22,81.0,18.0,2.0,2.0,Avaliador-4,Avaliador-2,,,10.0,9.2,7.5,8.5,9.0,8.0,,8.833,5.0,Fase 2 (5º e 6º ano),-1,6.634000000000002,,8.22,Topázio,2022,Fase 2,5° e 6° ano
RA-564,1,H,Masculino,2019,Escola Pública,Ágata,Quartzo,Quartzo,4.972,822.0,188.0,10.0,2.0,Avaliador-4,Avaliador-2,,,9.5,3.8,5.0,2.3,2.5,2.0,,6.833,5.0,Fase 3 (7º e 8º ano),-2,4.3540000000000045,,4.972,Quartzo,2022,Fase 3,7° e 8° ano
RA-565,1,H,Masculino,2022,Escola Pública,,,Quartzo,5.233,809.0,186.0,9.0,2.0,Avaliador-4,Avaliador-2,,,9.0,4.1,7.5,2.9,4.0,1.8,,5.917,5.0,Fase 3 (7º e 8º ano),-2,4.996,,5.233,Quartzo,2022,Fase 3,7° e 8° ano
RA-566,1,H,Feminino,2022,Escola Pública,,,Ametista,7.729,226.0,58.0,5.0,2.0,Avaliador-4,Avaliador-2,,,9.5,8.4,7.5,8.5,9.5,7.5,,7.917,5.0,Fase 3 (7º e 8º ano),-2,5.655999999999999,,7.729,Ametista,2022,Fase 3,7° e 8° ano
RA-567,1,H,Masculino,2019,Escola Pública,Ametista,Quartzo,Ágata,6.281,691.0,167.0,7.0,2.0,Avaliador-4,Avaliador-2,,,9.5,6.0,7.5,4.8,4.3,5.2,,6.833,5.0,Fase 2 (5º e 6º ano),-1,5.543999999999993,,6.281,Ágata,2022,Fase 2,5° e 6° ano
RA-568,1,J,Masculino,2018,Escola Pública,Ametista,Ametista,Ametista,7.306,385.0,100.0,8.0,3.0,Avaliador-7,Avaliador-3,,,8.0,8.6,6.9,8.3,8.0,8.5,,7.944,2.5,Fase 4 (9º ano),-3,5.9719999999999995,,7.306,Ametista,2022,Fase 4,9° ano
RA-569,1,J,Feminino,2020,Escola Pública,Ametista,Ametista,Ametista,7.074,464.0,118.0,9.0,3.0,Avaliador-7,Avaliador-3,,,9.5,8.7,5.0,6.8,6.3,7.3,,7.333,5.0,Fase 3 (7º e 8º ano),-2,5.5739999999999945,,7.074,Ametista,2022,Fase 3,7° e 8° ano
RA-570,1,J,Feminino,2019,Escola Pública,Topázio,Ágata,Quartzo,5.722,755.0,179.0,17.0,3.0,Avaliador-7,Avaliador-3,,,9.0,7.0,7.5,1.3,0.7,2.0,,6.778,5.0,Fase 2 (5º e 6º ano),-1,5.564000000000009,,5.722,Quartzo,2022,Fase 2,5° e 6° ano
RA-571,1,J,Feminino,2019,Escola Pública,Ametista,Ametista,Ágata,6.589,630.0,153.0,13.0,3.0,Avaliador-7,Avaliador-3,,,8.5,8.8,7.5,3.7,3.3,4.0,,6.944,5.0,Fase 2 (5º e 6º ano),-1,6.002000000000001,,6.589,Ágata,2022,Fase 2,5° e 6° ano
RA-572,1,J,Masculino,2022,Escola Pública,,,Ametista,7.48,322.0,83.0,6.0,3.0,Avaliador-7,Avaliador-3,,,8.5,8.0,7.5,6.8,4.5,9.0,,6.833,10.0,Fase 1 (4º ano),0,5.533999999999999,,7.48,Ametista,2022,Fase 1,4° ano
RA-573,1,J,Masculino,2020,Escola Pública,Ametista,Topázio,Topázio,8.261,70.0,15.0,2.0,3.0,Avaliador-7,Avaliador-3,,,9.5,9.9,7.5,8.2,8.3,8.0,,8.944,5.0,Fase 2 (5º e 6º ano),-1,6.521999999999988,,8.261,Topázio,2022,Fase 2,5° e 6° ano
RA-574,1,J,Masculino,2022,Escola Pública,,,Ágata,6.86,534.0,135.0,11.0,3.0,Avaliador-7,Avaliador-3,,,9.5,7.2,5.0,7.5,5.5,9.5,,6.944,5.0,Fase 2 (5º e 6º ano),-1,5.811999999999999,,6.86,Ágata,2022,Fase 2,5° e 6° ano
RA-575,1,J,Masculino,2019,Escola Pública,Ametista,Ametista,Quartzo,5.889,739.0,175.0,16.0,3.0,Avaliador-7,Avaliador-3,,,8.0,6.1,7.5,2.8,2.7,3.0,,7.0,5.0,Fase 3 (7º e 8º ano),-2,6.589999999999998,,5.889,Quartzo,2022,Fase 3,7° e 8° ano
RA-576,1,J,Feminino,2022,Escola Pública,,,Ametista,7.59,279.0,75.0,4.0,3.0,Avaliador-7,Avaliador-3,,,9.5,9.1,7.5,7.8,7.5,8.0,,7.111,5.0,Fase 2 (5º e 6º ano),-1,5.877999999999997,,7.59,Ametista,2022,Fase 2,5° e 6° ano
RA-577,1,J,Feminino,2022,Escola Pública,,,Ametista,7.862,182.0,41.0,3.0,3.0,Avaliador-7,Avaliador-3,,,9.5,9.3,7.5,9.0,8.3,9.7,,7.111,5.0,Fase 2 (5º e 6º ano),-1,5.7979999999999965,,7.862,Ametista,2022,Fase 2,5° e 6° ano
RA-578,1,J,Masculino,2019,Escola Pública,Ametista,Topázio,Topázio,8.814,11.0,3.0,1.0,3.0,Avaliador-7,Avaliador-3,,,9.5,10.0,8.8,9.5,9.3,9.7,,9.611,5.0,Fase 2 (5º e 6º ano),-1,6.617999999999995,,8.814,Topázio,2022,Fase 2,5° e 6° ano
RA-579,1,J,Feminino,2022,Escola Pública,,,Ágata,6.067,715.0,171.0,15.0,3.0,Avaliador-7,Avaliador-3,,,8.5,5.8,7.5,3.8,0.0,7.5,,7.222,5.0,Fase 2 (5º e 6º ano),-1,6.026000000000007,,6.067,Quartzo,2022,Fase 2,5° e 6° ano
RA-580,1,J,Feminino,2020,Escola Pública,Topázio,Ametista,Ametista,7.525,299.0,78.0,5.0,3.0,Avaliador-7,Avaliador-3,,,8.0,9.6,7.5,7.6,6.3,8.8,,7.167,5.0,Fase 2 (5º e 6º ano),-1,6.016000000000004,,7.525,Ametista,2022,Fase 2,5° e 6° ano
RA-581,1,J,Masculino,2019,Escola Pública,Ametista,Ametista,Ágata,6.464,648.0,157.0,14.0,3.0,Avaliador-7,Avaliador-3,,,7.5,8.9,7.5,5.0,5.3,4.7,,5.889,5.0,Fase 2 (5º e 6º ano),-1,5.061999999999998,,6.464,Ágata,2022,Fase 2,5° e 6° ano
RA-582,1,J,Feminino,2022,Escola Pública,,,Ametista,7.064,466.0,119.0,10.0,3.0,Avaliador-7,Avaliador-3,,,10.0,9.0,7.5,4.9,4.3,5.5,,7.222,5.0,Fase 2 (5º e 6º ano),-1,5.895999999999999,,7.064,Ametista,2022,Fase 2,5° e 6° ano
RA-583,1,J,Feminino,2019,Escola Pública,Ametista,Ametista,Ametista,7.456,333.0,87.0,7.0,3.0,Avaliador-7,Avaliador-3,,,8.5,9.4,7.5,7.1,6.2,8.0,,7.333,5.0,Fase 3 (7º e 8º ano),-2,5.894000000000004,,7.456,Ametista,2022,Fase 3,7° e 8° ano
RA-584,1,J,Feminino,2019,Escola Pública,Topázio,Ametista,Ágata,6.714,585.0,143.0,12.0,3.0,Avaliador-7,Avaliador-3,,,8.0,8.5,7.5,4.6,4.5,4.7,,7.333,5.0,Fase 2 (5º e 6º ano),-1,5.774000000000008,,6.714,Ágata,2022,Fase 2,5° e 6° ano
RA-585,1,K,Feminino,2020,Escola Pública,Ágata,Topázio,Ametista,7.398,362.0,94.0,7.0,3.0,Avaliador-4,Avaliador-2,,,8.5,9.1,7.5,5.0,3.7,6.3,,6.889,10.0,Fase 1 (4º ano),0,6.001999999999992,,7.398,Ametista,2022,Fase 1,4° ano
RA-586,1,K,Feminino,2021,Rede Decisão,,Topázio,Ametista,7.988,146.0,37.0,3.0,3.0,Avaliador-4,Avaliador-2,,,10.0,9.6,5.6,8.2,8.2,8.2,,8.778,5.0,Fase 2 (5º e 6º ano),-1,6.124000000000009,,7.988,Ametista,2022,Fase 2,5° e 6° ano
RA-587,1,K,Masculino,2022,Escola Pública,,,Ágata,6.632,615.0,148.0,10.0,3.0,Avaliador-4,Avaliador-2,,,9.5,9.3,7.5,3.8,1.0,6.5,,6.167,5.0,Fase 2 (5º e 6º ano),-1,5.785999999999998,,6.632,Ágata,2022,Fase 2,5° e 6° ano
RA-588,1,K,Feminino,2021,Rede Decisão,,Topázio,Topázio,8.622,26.0,4.0,2.0,3.0,Avaliador-4,Avaliador-2,,,9.5,10.0,5.6,9.3,9.3,9.2,,8.278,10.0,Fase 1 (4º ano),0,5.9639999999999915,,8.622,Topázio,2022,Fase 1,4° ano
RA-589,1,K,Feminino,2022,Escola Pública,,,Ametista,7.744,219.0,57.0,4.0,3.0,Avaliador-4,Avaliador-2,,,9.5,9.4,7.5,5.8,3.0,8.5,,7.056,10.0,Fase 1 (4º ano),0,5.9279999999999955,,7.744,Ametista,2022,Fase 1,4° ano
RA-590,1,K,Feminino,2020,Escola Pública,Ametista,Ágata,Ametista,7.435,341.0,90.0,6.0,3.0,Avaliador-4,Avaliador-2,,,8.5,8.6,7.5,7.4,5.7,9.2,,7.611,5.0,Fase 2 (5º e 6º ano),-1,6.127999999999991,,7.435,Ametista,2022,Fase 2,5° e 6° ano
RA-591,1,K,Masculino,2021,Escola Pública,,Ametista,Ametista,7.507,305.0,80.0,5.0,3.0,Avaliador-4,Avaliador-2,,,9.5,9.3,7.5,7.1,7.8,6.3,,7.389,5.0,Fase 2 (5º e 6º ano),-1,5.49199999999999,,7.507,Ametista,2022,Fase 2,5° e 6° ano
RA-592,1,K,Feminino,2020,Escola Pública,Ametista,Ametista,Ametista,7.381,368.0,96.0,9.0,3.0,Avaliador-4,Avaliador-2,,,8.0,8.5,5.6,8.4,7.2,9.7,,7.778,5.0,Fase 2 (5º e 6º ano),-1,5.853999999999999,,7.381,Ametista,2022,Fase 2,5° e 6° ano
RA-593,1,K,Feminino,2021,Escola Pública,,Topázio,Ágata,6.254,694.0,168.0,11.0,3.0,Avaliador-4,Avaliador-2,,,7.5,7.4,7.5,4.6,3.0,6.2,,6.278,5.0,Fase 2 (5º e 6º ano),-1,5.983999999999989,,6.254,Ágata,2022,Fase 2,5° e 6° ano
RA-594,1,K,Masculino,2022,Escola Pública,,,Ametista,7.392,364.0,95.0,8.0,3.0,Avaliador-4,Avaliador-2,,,8.0,9.4,7.5,7.8,6.0,9.5,,6.889,5.0,Fase 2 (5º e 6º ano),-1,5.2419999999999956,,7.392,Ametista,2022,Fase 2,5° e 6° ano
RA-595,1,K,Masculino,2018,Escola Pública,Ágata,Ametista,Quartzo,5.18,813.0,187.0,12.0,3.0,Avaliador-4,Avaliador-2,,,8.5,5.5,7.5,1.0,2.0,0.0,,6.0,5.0,Fase 3 (7º e 8º ano),-2,5.799999999999992,,5.18,Quartzo,2022,Fase 3,7° e 8° ano
RA-596,1,K,Feminino,2021,Escola Pública,,Topázio,Topázio,8.971,4.0,1.0,1.0,3.0,Avaliador-4,Avaliador-2,,,9.5,10.0,7.5,9.3,8.8,9.8,,9.0,10.0,Fase 1 (4º ano),0,6.109999999999989,,8.971,Topázio,2022,Fase 1,4° ano
RA-597,1,L,Masculino,2022,Escola Pública,,,Topázio,8.265,67.0,14.0,1.0,3.0,Avaliador-4,Avaliador-2,,,9.0,10.0,7.5,8.0,6.5,9.5,,7.056,10.0,Fase 1 (4º ano),0,6.038000000000006,,8.265,Topázio,2022,Fase 1,4° ano
RA-598,1,L,Feminino,2022,Escola Pública,,,Ágata,6.35,669.0,162.0,13.0,3.0,Avaliador-4,Avaliador-2,,,9.5,7.2,7.5,3.7,4.7,2.7,,6.944,5.0,Fase 2 (5º e 6º ano),-1,5.8119999999999905,,6.35,Ágata,2022,Fase 2,5° e 6° ano
RA-599,1,L,Masculino,2022,Escola Pública,,,Topázio,8.2,85.0,19.0,2.0,3.0,Avaliador-4,Avaliador-2,,,9.5,9.2,7.5,9.1,8.3,9.8,,8.556,5.0,Fase 2 (5º e 6º ano),-1,6.287999999999991,,8.2,Topázio,2022,Fase 2,5° e 6° ano
RA-600,1,L,Feminino,2021,Escola Pública,,Ametista,Ágata,7.011,483.0,126.0,10.0,3.0,Avaliador-4,Avaliador-2,,,8.5,8.4,7.5,3.9,2.8,5.0,,6.833,10.0,Fase 1 (4º ano),0,5.843999999999996,,7.011,Ametista,2022,Fase 1,4° ano
RA-601,1,L,Masculino,2021,Escola Pública,,Topázio,Ametista,7.713,231.0,60.0,7.0,3.0,Avaliador-4,Avaliador-2,,,9.0,9.7,7.5,5.7,5.3,6.0,,7.167,10.0,ALFA  (2º e 3º ano),1,5.495999999999999,,7.713,Ametista,2022,ALFA,2° e 3° ano
RA-602,1,L,Masculino,2019,Escola Pública,Ametista,Ametista,Ametista,8.041,134.0,32.0,4.0,3.0,Avaliador-4,Avaliador-2,,,10.0,9.7,7.5,8.6,8.3,8.8,,7.667,5.0,Fase 2 (5º e 6º ano),-1,5.975999999999999,,8.041,Topázio,2022,Fase 2,5° e 6° ano
RA-603,1,L,Feminino,2022,Escola Pública,,,Ametista,7.78,209.0,52.0,6.0,3.0,Avaliador-4,Avaliador-2,,,9.0,9.5,7.5,7.5,6.7,8.3,,8.0,5.0,Fase 2 (5º e 6º ano),-1,6.299999999999999,,7.78,Ametista,2022,Fase 2,5° e 6° ano
RA-604,1,L,Feminino,2021,Escola Pública,,Ametista,Ametista,8.018,136.0,34.0,5.0,3.0,Avaliador-4,Avaliador-2,,,9.0,9.0,7.5,8.8,8.0,9.7,,8.333,5.0,Fase 2 (5º e 6º ano),-1,6.414,,8.018,Topázio,2022,Fase 2,5° e 6° ano
RA-605,1,L,Feminino,2021,Escola Pública,,Ametista,Ametista,7.276,406.0,106.0,8.0,3.0,Avaliador-4,Avaliador-2,,,6.9,9.3,6.9,7.1,6.2,8.0,,7.556,5.0,Fase 3 (7º e 8º ano),-2,6.047999999999991,,7.276,Ametista,2022,Fase 3,7° e 8° ano
RA-606,1,L,Masculino,2022,Escola Pública,,,Ágata,6.127,704.0,169.0,14.0,3.0,Avaliador-4,Avaliador-2,,,9.5,9.0,7.5,1.8,2.0,1.5,,6.111,5.0,Fase 2 (5º e 6º ano),-1,5.447999999999995,,6.127,Ágata,2022,Fase 2,5° e 6° ano
RA-607,1,L,Masculino,2022,Escola Pública,,,Ágata,6.44,652.0,158.0,12.0,3.0,Avaliador-4,Avaliador-2,,,6.8,8.1,7.5,4.0,3.0,5.0,,7.444,5.0,Fase 2 (5º e 6º ano),-1,6.012000000000004,,6.44,Ágata,2022,Fase 2,5° e 6° ano
RA-608,1,L,Masculino,2022,Escola Pública,,,Ametista,7.216,422.0,108.0,9.0,3.0,Avaliador-4,Avaliador-2,,,7.8,9.6,7.5,6.3,3.0,9.5,,7.222,5.0,Fase 2 (5º e 6º ano),-1,5.616000000000003,,7.216,Ametista,2022,Fase 2,5° e 6° ano
RA-609,1,L,Masculino,2019,Escola Pública,Ametista,Ágata,Ágata,6.794,557.0,137.0,11.0,3.0,Avaliador-4,Avaliador-2,,,8.5,7.6,7.5,6.0,6.5,5.5,,7.056,5.0,Fase 2 (5º e 6º ano),-1,5.627999999999993,,6.794,Ágata,2022,Fase 2,5° e 6° ano
RA-610,1,L,Feminino,2022,Escola Pública,,,Topázio,8.18,91.0,21.0,3.0,3.0,Avaliador-4,Avaliador-2,,,9.0,9.6,7.5,6.5,6.0,7.0,,8.5,10.0,Fase 1 (4º ano),0,6.099999999999994,,8.18,Topázio,2022,Fase 1,4° ano
RA-611,1,M,Masculino,2021,Escola Pública,,Ametista,Ametista,7.756,214.0,54.0,4.0,3.0,Avaliador-7,Avaliador-3,,,9.5,7.6,7.5,9.5,10.0,9.0,,7.556,5.0,Fase 3 (7º e 8º ano),-2,6.248000000000005,,7.756,Ametista,2022,Fase 3,7° e 8° ano
RA-612,1,M,Feminino,2021,Escola Pública,,Topázio,Ametista,7.594,273.0,71.0,6.0,3.0,Avaliador-7,Avaliador-3,,,9.0,9.2,7.5,7.9,9.7,6.2,,7.167,5.0,Fase 2 (5º e 6º ano),-1,5.906000000000002,,7.594,Ametista,2022,Fase 2,5° e 6° ano
RA-613,1,M,Masculino,2020,Escola Pública,Ametista,Ametista,Topázio,8.121,108.0,23.0,2.0,3.0,Avaliador-7,Avaliador-3,,,9.0,9.2,7.5,9.2,9.2,9.2,,8.556,5.0,Fase 3 (7º e 8º ano),-2,5.798000000000005,,8.121,Topázio,2022,Fase 3,7° e 8° ano
RA-614,1,M,Masculino,2021,Escola Pública,,Topázio,Topázio,8.339,55.0,8.0,1.0,3.0,Avaliador-7,Avaliador-3,,,9.5,9.7,7.5,9.6,9.8,9.3,,8.278,5.0,Fase 3 (7º e 8º ano),-2,6.234000000000002,,8.339,Topázio,2022,Fase 3,7° e 8° ano
RA-615,1,M,Feminino,2020,Escola Pública,Topázio,Topázio,Topázio,8.086,120.0,27.0,3.0,3.0,Avaliador-7,Avaliador-3,,,9.5,9.7,7.5,7.3,7.8,6.7,,6.889,10.0,Fase 1 (4º ano),0,6.082000000000001,,8.086,Topázio,2022,Fase 1,4° ano
RA-616,1,M,Masculino,2019,Escola Pública,Ágata,Ametista,Ametista,7.303,391.0,102.0,8.0,3.0,Avaliador-7,Avaliador-3,,,7.4,7.4,7.5,8.8,9.2,8.5,,7.278,5.0,Fase 3 (7º e 8º ano),-2,6.173999999999991,,7.303,Ametista,2022,Fase 3,7° e 8° ano
RA-617,1,M,Feminino,2021,Escola Pública,,Ametista,Ametista,7.107,453.0,115.0,10.0,3.0,Avaliador-7,Avaliador-3,,,8.5,8.9,7.5,6.3,4.5,8.0,,6.778,5.0,Fase 2 (5º e 6º ano),-1,6.113999999999997,,7.107,Ametista,2022,Fase 2,5° e 6° ano
RA-618,1,M,Masculino,2020,Escola Pública,Ametista,Ametista,Ametista,7.18,438.0,112.0,9.0,3.0,Avaliador-7,Avaliador-3,,,8.9,8.3,7.5,6.7,6.8,6.5,,7.333,5.0,Fase 3 (7º e 8º ano),-2,5.733999999999995,,7.18,Ametista,2022,Fase 3,7° e 8° ano
RA-619,1,M,Feminino,2021,Escola Pública,,Ametista,Ametista,7.693,236.0,62.0,5.0,3.0,Avaliador-7,Avaliador-3,,,9.5,8.0,7.5,9.0,9.2,8.8,,7.333,5.0,Fase 2 (5º e 6º ano),-1,6.264000000000003,,7.693,Ametista,2022,Fase 2,5° e 6° ano
RA-620,1,M,Masculino,2021,Escola Pública,,Ametista,Ágata,6.018,726.0,173.0,11.0,3.0,Avaliador-7,Avaliador-3,,,0.0,7.5,7.5,6.8,8.5,5.0,,6.833,5.0,Fase 3 (7º e 8º ano),-2,5.413999999999994,,6.018,Quartzo,2022,Fase 3,7° e 8° ano
RA-621,1,M,Masculino,2020,Escola Pública,Topázio,Topázio,Ametista,7.448,337.0,89.0,7.0,3.0,Avaliador-7,Avaliador-3,,,9.5,7.7,7.5,7.5,6.8,8.2,,8.222,5.0,Fase 2 (5º e 6º ano),-1,5.636000000000001,,7.448,Ametista,2022,Fase 2,5° e 6° ano
RA-622,1,N,Feminino,2019,Escola Pública,Quartzo,Quartzo,Quartzo,4.934,828.0,190.0,10.0,3.0,Avaliador-7,Avaliador-3,,,3.5,3.8,7.5,3.8,4.8,2.7,,6.0,5.0,Fase 3 (7º e 8º ano),-2,6.139999999999999,,4.934,Quartzo,2022,Fase 3,7° e 8° ano
RA-623,1,N,Masculino,2022,Escola Pública,,,Ametista,7.524,300.0,79.0,4.0,3.0,Avaliador-7,Avaliador-3,,,7.5,9.0,7.5,8.3,9.3,7.2,,7.389,5.0,Fase 3 (7º e 8º ano),-2,5.861999999999998,,7.524,Ametista,2022,Fase 3,7° e 8° ano
RA-624,1,N,Masculino,2022,Escola Pública,,,Ametista,7.425,346.0,91.0,6.0,3.0,Avaliador-7,Avaliador-3,,,9.0,8.9,7.5,6.8,8.0,5.5,,7.722,5.0,Fase 2 (5º e 6º ano),-1,5.905999999999985,,7.425,Ametista,2022,Fase 2,5° e 6° ano
RA-625,1,N,Masculino,2022,Escola Pública,,,Ametista,7.483,319.0,82.0,5.0,3.0,Avaliador-7,Avaliador-3,,,8.0,9.2,7.5,7.8,8.5,7.0,,7.333,5.0,Fase 2 (5º e 6º ano),-1,5.663999999999989,,7.483,Ametista,2022,Fase 2,5° e 6° ano
RA-626,1,N,Masculino,2021,Escola Pública,,Ágata,Quartzo,5.818,748.0,178.0,9.0,3.0,Avaliador-7,Avaliador-3,,,7.4,7.6,7.5,1.3,2.5,0.0,,7.278,5.0,Fase 2 (5º e 6º ano),-1,5.923999999999996,,5.818,Quartzo,2022,Fase 2,5° e 6° ano
RA-627,1,N,Feminino,2022,Escola Pública,,,Ágata,6.621,619.0,150.0,8.0,3.0,Avaliador-7,Avaliador-3,,,7.0,6.7,7.5,6.5,6.2,6.8,,7.0,5.0,Fase 2 (5º e 6º ano),-1,6.310000000000002,,6.621,Ágata,2022,Fase 2,5° e 6° ano
RA-628,1,N,Masculino,2022,Escola Pública,,,Ametista,7.577,282.0,76.0,3.0,3.0,Avaliador-7,Avaliador-3,,,9.5,7.6,7.5,9.2,9.3,9.0,,7.333,5.0,Fase 2 (5º e 6º ano),-1,5.503999999999998,,7.577,Ametista,2022,Fase 2,5° e 6° ano
RA-629,1,N,Masculino,2022,Escola Pública,,,Topázio,8.11,112.0,24.0,1.0,3.0,Avaliador-7,Avaliador-3,,,9.0,10.0,7.5,7.0,5.0,9.0,,7.278,10.0,Fase 1 (4º ano),0,6.043999999999983,,8.11,Topázio,2022,Fase 1,4° ano
RA-630,1,N,Masculino,2022,Escola Pública,,,Topázio,8.064,127.0,30.0,2.0,3.0,Avaliador-7,Avaliador-3,,,9.5,9.2,7.5,7.3,6.5,8.0,,7.278,10.0,Fase 1 (4º ano),0,6.083999999999996,,8.064,Topázio,2022,Fase 1,4° ano
RA-631,1,N,Masculino,2022,Escola Pública,,,Ágata,6.928,515.0,133.0,7.0,3.0,Avaliador-7,Avaliador-3,,,8.5,6.8,7.5,7.0,7.3,6.7,,7.222,5.0,Fase 3 (7º e 8º ano),-2,6.235999999999997,,6.928,Ágata,2022,Fase 3,7° e 8° ano
RA-632,1,P,Feminino,2022,Escola Pública,,,Ágata,6.996,489.0,129.0,9.0,3.0,Avaliador-4,Avaliador-2,,,8.5,9.3,6.9,6.3,5.5,7.2,,6.722,5.0,Fase 2 (5º e 6º ano),-1,4.9159999999999915,,6.996,Ágata,2022,Fase 2,5° e 6° ano
RA-633,1,P,Feminino,2020,Escola Pública,Ametista,Ágata,Ametista,7.476,325.0,84.0,5.0,3.0,Avaliador-4,Avaliador-2,,,7.3,8.9,7.5,7.7,6.8,8.5,,7.833,5.0,Fase 2 (5º e 6º ano),-1,6.0939999999999905,,7.476,Ametista,2022,Fase 2,5° e 6° ano
RA-634,1,P,Feminino,2022,Escola Pública,,,Ametista,7.619,267.0,69.0,4.0,3.0,Avaliador-4,Avaliador-2,,,9.5,9.4,7.5,6.5,8.0,5.0,,8.222,5.0,Fase 2 (5º e 6º ano),-1,5.945999999999998,,7.619,Ametista,2022,Fase 2,5° e 6° ano
RA-635,1,P,Masculino,2022,Escola Pública,,,Quartzo,5.313,802.0,184.0,14.0,3.0,Avaliador-4,Avaliador-2,,,10.0,4.9,6.9,1.5,0.5,2.5,,6.444,5.0,Fase 2 (5º e 6º ano),-1,5.541999999999989,,5.313,Quartzo,2022,Fase 2,5° e 6° ano
RA-636,1,P,Masculino,2022,Escola Pública,,,Ametista,7.189,434.0,110.0,6.0,3.0,Avaliador-4,Avaliador-2,,,8.5,8.0,6.9,7.3,7.3,7.3,,7.389,5.0,Fase 2 (5º e 6º ano),-1,6.111999999999993,,7.189,Ametista,2022,Fase 2,5° e 6° ano
RA-637,1,P,Feminino,2021,Escola Pública,,Topázio,Ametista,7.039,477.0,124.0,8.0,3.0,Avaliador-4,Avaliador-2,,,8.5,9.0,7.5,5.8,4.8,6.8,,7.0,5.0,Fase 2 (5º e 6º ano),-1,5.7899999999999885,,7.039,Ametista,2022,Fase 2,5° e 6° ano
RA-638,1,P,Feminino,2020,Escola Pública,Topázio,Ametista,Ametista,7.059,467.0,120.0,7.0,3.0,Avaliador-4,Avaliador-2,,,8.5,9.3,7.5,3.9,2.0,5.8,,6.278,10.0,Fase 1 (4º ano),0,5.633999999999997,,7.059,Ametista,2022,Fase 1,4° ano
RA-639,1,P,Feminino,2021,Escola Pública,,Ametista,Ágata,6.613,622.0,151.0,12.0,3.0,Avaliador-4,Avaliador-2,,,8.5,7.4,7.5,5.5,3.2,7.8,,6.611,5.0,Fase 2 (5º e 6º ano),-1,6.108000000000002,,6.613,Ágata,2022,Fase 2,5° e 6° ano
RA-640,1,P,Feminino,2022,Escola Pública,,,Ágata,6.73,577.0,141.0,11.0,3.0,Avaliador-4,Avaliador-2,,,9.0,8.4,7.5,4.8,2.5,7.0,,6.778,5.0,Fase 2 (5º e 6º ano),-1,5.844000000000005,,6.73,Ágata,2022,Fase 2,5° e 6° ano
RA-641,1,P,Feminino,2022,Escola Pública,,,Ametista,7.776,210.0,53.0,2.0,3.0,Avaliador-4,Avaliador-2,,,9.0,9.3,7.5,6.5,4.5,8.5,,6.778,10.0,Fase 1 (4º ano),0,6.103999999999994,,7.776,Ametista,2022,Fase 1,4° ano
RA-642,1,P,Feminino,2021,Escola Pública,,Topázio,Ametista,7.75,216.0,55.0,3.0,3.0,Avaliador-4,Avaliador-2,,,10.0,9.7,6.9,7.3,7.0,7.7,,7.778,5.0,Fase 2 (5º e 6º ano),-1,6.043999999999992,,7.75,Ametista,2022,Fase 2,5° e 6° ano
RA-643,1,P,Masculino,2022,Escola Pública,,,Ágata,6.763,565.0,139.0,10.0,3.0,Avaliador-4,Avaliador-2,,,9.0,8.0,7.5,6.2,6.3,6.0,,6.722,5.0,Fase 2 (5º e 6º ano),-1,4.285999999999994,,6.763,Ágata,2022,Fase 2,5° e 6° ano
RA-644,1,P,Feminino,2021,Escola Pública,,Ametista,Ametista,7.83,195.0,45.0,1.0,3.0,Avaliador-4,Avaliador-2,,,9.5,8.0,7.5,8.8,9.7,8.0,,8.278,5.0,Fase 2 (5º e 6º ano),-1,6.143999999999998,,7.83,Ametista,2022,Fase 2,5° e 6° ano
RA-645,1,P,Feminino,2022,Escola Pública,,,Ágata,6.086,711.0,170.0,13.0,3.0,Avaliador-4,Avaliador-2,,,8.5,8.1,7.5,2.0,4.0,0.0,,6.833,5.0,Fase 2 (5º e 6º ano),-1,5.9940000000000015,,6.086,Quartzo,2022,Fase 2,5° e 6° ano
RA-646,1,R,Masculino,2019,Escola Pública,Ametista,Ametista,Topázio,8.181,90.0,20.0,1.0,3.0,Avaliador-7,Avaliador-3,,,8.5,9.8,8.1,8.4,8.8,8.0,,8.389,5.0,Fase 3 (7º e 8º ano),-2,7.031999999999989,,8.181,Topázio,2022,Fase 3,7° e 8° ano
RA-647,1,R,Masculino,2022,Escola Pública,,,Ágata,6.606,624.0,152.0,12.0,3.0,Avaliador-7,Avaliador-3,,,9.5,8.6,7.5,3.3,1.5,5.2,,7.278,5.0,Fase 2 (5º e 6º ano),-1,5.7039999999999935,,6.606,Ágata,2022,Fase 2,5° e 6° ano
RA-648,1,R,Masculino,2019,Escola Pública,Ametista,Ametista,Ágata,6.736,574.0,140.0,10.0,3.0,Avaliador-7,Avaliador-3,,,9.0,7.5,6.9,5.3,5.0,5.5,,7.5,5.0,Fase 3 (7º e 8º ano),-2,5.859999999999994,,6.736,Ágata,2022,Fase 3,7° e 8° ano
RA-649,1,R,Feminino,2019,Escola Pública,Ágata,Ametista,Ametista,7.302,393.0,103.0,8.0,3.0,Avaliador-7,Avaliador-3,,,8.5,8.9,5.6,7.4,6.3,8.5,,7.611,5.0,Fase 3 (7º e 8º ano),-2,6.09799999999999,,7.302,Ametista,2022,Fase 3,7° e 8° ano
RA-650,1,R,Feminino,2021,Escola Pública,,Ametista,Ágata,7.004,486.0,127.0,9.0,3.0,Avaliador-7,Avaliador-3,,,6.9,8.7,5.6,6.9,5.5,8.3,,7.5,5.0,Fase 2 (5º e 6º ano),-1,6.3399999999999945,,7.004,Ametista,2022,Fase 2,5° e 6° ano
RA-651,1,R,Feminino,2022,Escola Pública,,,Ametista,7.866,180.0,40.0,5.0,3.0,Avaliador-7,Avaliador-3,,,8.5,9.3,7.5,7.8,7.7,7.8,,8.333,5.0,Fase 2 (5º e 6º ano),-1,6.793999999999993,,7.866,Ametista,2022,Fase 2,5° e 6° ano
RA-652,1,R,Feminino,2022,Escola Pública,,,Topázio,8.151,98.0,22.0,2.0,3.0,Avaliador-7,Avaliador-3,,,8.0,9.6,7.5,7.8,7.0,8.5,,7.5,10.0,Fase 1 (4º ano),0,6.2099999999999955,,8.151,Topázio,2022,Fase 1,4° ano
RA-653,1,R,Feminino,2022,Escola Pública,,,Topázio,8.101,115.0,25.0,3.0,3.0,Avaliador-7,Avaliador-3,,,9.5,9.6,7.5,9.3,9.5,9.0,,7.5,5.0,Fase 2 (5º e 6º ano),-1,6.210000000000004,,8.101,Topázio,2022,Fase 2,5° e 6° ano
RA-654,1,R,Feminino,2022,Escola Pública,,,Ametista,7.308,384.0,99.0,7.0,3.0,Avaliador-7,Avaliador-3,,,8.5,8.6,7.5,6.8,5.5,8.0,,7.556,5.0,Fase 3 (7º e 8º ano),-2,6.167999999999996,,7.308,Ametista,2022,Fase 3,7° e 8° ano
RA-655,1,R,Feminino,2019,Escola Pública,Ametista,Ametista,Ametista,7.785,206.0,50.0,6.0,3.0,Avaliador-7,Avaliador-3,,,7.5,9.2,7.5,8.3,8.3,8.2,,8.389,5.0,Fase 3 (7º e 8º ano),-2,6.072000000000006,,7.785,Ametista,2022,Fase 3,7° e 8° ano
RA-656,1,R,Feminino,2020,Escola Pública,Topázio,Ametista,Ágata,6.652,606.0,146.0,11.0,3.0,Avaliador-7,Avaliador-3,,,7.4,7.5,5.6,6.3,5.0,7.5,,7.5,5.0,Fase 2 (5º e 6º ano),-1,5.920000000000005,,6.652,Ágata,2022,Fase 2,5° e 6° ano
RA-657,1,R,Feminino,2021,Escola Pública,,Ametista,Topázio,8.093,117.0,26.0,4.0,3.0,Avaliador-7,Avaliador-3,,,9.5,9.8,7.5,9.0,9.0,9.0,,7.5,5.0,Fase 3 (7º e 8º ano),-2,6.33,,8.093,Topázio,2022,Fase 3,7° e 8° ano
RA-658,1,U,Feminino,2022,Escola Pública,,,Ametista,7.407,357.0,93.0,7.0,2.0,Avaliador-5,Avaliador-2,,,10.0,9.3,7.5,5.6,4.7,6.5,,7.917,5.0,Fase 2 (5º e 6º ano),-1,5.935999999999995,,7.407,Ametista,2022,Fase 2,5° e 6° ano
RA-659,1,U,Feminino,2022,Escola Pública,,,Ametista,7.783,208.0,51.0,3.0,2.0,Avaliador-5,Avaliador-2,,,8.0,7.8,7.5,9.3,9.5,9.0,,8.333,5.0,Fase 2 (5º e 6º ano),-1,6.463999999999999,,7.783,Ametista,2022,Fase 2,5° e 6° ano
RA-660,1,U,Feminino,2021,Escola Pública,,Topázio,Topázio,8.363,50.0,7.0,1.0,2.0,Avaliador-5,Avaliador-2,,,9.5,9.0,7.5,6.9,5.8,8.0,,9.083,10.0,Fase 1 (4º ano),0,6.663999999999994,,8.363,Topázio,2022,Fase 1,4° ano
RA-661,1,U,Masculino,2022,Escola Pública,,,Ametista,7.593,274.0,72.0,4.0,2.0,Avaliador-5,Avaliador-2,,,9.0,8.3,7.5,7.8,8.3,7.3,,7.917,5.0,Fase 2 (5º e 6º ano),-1,6.395999999999997,,7.593,Ametista,2022,Fase 2,5° e 6° ano
RA-662,1,U,Feminino,2022,Escola Pública,,,Ametista,7.044,473.0,122.0,9.0,2.0,Avaliador-5,Avaliador-2,,,9.0,8.8,7.5,6.8,5.7,7.8,,6.083,5.0,Fase 2 (5º e 6º ano),-1,5.573999999999986,,7.044,Ametista,2022,Fase 2,5° e 6° ano
RA-663,1,U,Masculino,2022,Escola Pública,,,Ágata,6.376,665.0,161.0,11.0,2.0,Avaliador-5,Avaliador-2,,,6.9,8.7,7.5,5.8,5.0,6.5,,5.25,5.0,Fase 2 (5º e 6º ano),-1,4.8600000000000065,,6.376,Ágata,2022,Fase 2,5° e 6° ano
RA-664,1,U,Feminino,2022,Escola Pública,,,Ametista,7.277,405.0,105.0,8.0,2.0,Avaliador-5,Avaliador-2,,,9.5,8.8,7.5,6.3,5.0,7.5,,7.167,5.0,Fase 2 (5º e 6º ano),-1,6.235999999999997,,7.277,Ametista,2022,Fase 2,5° e 6° ano
RA-665,1,U,Feminino,2022,Escola Pública,,,Ágata,6.996,488.0,128.0,10.0,2.0,Avaliador-5,Avaliador-2,,,9.0,7.4,7.5,6.8,6.5,7.0,,7.25,5.0,Fase 2 (5º e 6º ano),-1,5.5600000000000005,,6.996,Ágata,2022,Fase 2,5° e 6° ano
RA-666,1,U,Masculino,2022,Escola Pública,,,Ametista,7.929,160.0,39.0,2.0,2.0,Avaliador-5,Avaliador-2,,,9.5,9.1,7.5,7.8,8.0,7.5,,8.833,5.0,Fase 2 (5º e 6º ano),-1,5.823999999999998,,7.929,Ametista,2022,Fase 2,5° e 6° ano
RA-667,1,U,Masculino,2021,Escola Pública,,Ametista,Quartzo,5.844,747.0,177.0,12.0,2.0,Avaliador-5,Avaliador-2,,,8.5,5.6,7.5,4.5,3.7,5.3,,5.833,5.0,Fase 2 (5º e 6º ano),-1,5.574000000000012,,5.844,Quartzo,2022,Fase 2,5° e 6° ano
RA-668,1,U,Masculino,2022,Escola Pública,,,Quartzo,4.365,845.0,192.0,13.0,2.0,Avaliador-5,Avaliador-2,,,6.9,3.3,7.5,2.8,2.8,2.8,,3.75,5.0,Fase 2 (5º e 6º ano),-1,4.550000000000001,,4.365,Quartzo,2022,Fase 2,5° e 6° ano
RA-669,1,U,Masculino,2022,Escola Pública,,,Ametista,7.475,326.0,85.0,5.0,2.0,Avaliador-5,Avaliador-2,,,9.0,9.7,7.5,6.0,5.0,7.0,,7.833,5.0,Fase 2 (5º e 6º ano),-1,6.183999999999994,,7.475,Ametista,2022,Fase 2,5° e 6° ano
RA-670,1,U,Feminino,2022,Escola Pública,,,Ametista,7.451,335.0,88.0,6.0,2.0,Avaliador-5,Avaliador-2,,,8.0,8.8,7.5,6.9,6.5,7.3,,8.167,5.0,Fase 2 (5º e 6º ano),-1,6.275999999999993,,7.451,Ametista,2022,Fase 2,5° e 6° ano
RA-671,0,A,Masculino,2021,Escola Pública,,Ametista,Ametista,7.617,269.0,75.0,4.0,2.0,Avaliador-11,Avaliador-3,,,8.5,8.2,8.1,8.8,8.8,8.8,,7.417,5.0,Fase 1 (4º ano),-1,5.735999999999999,,7.617,Ametista,2022,Fase 1,4° ano
RA-672,0,A,Feminino,2021,Escola Pública,,Ametista,Ametista,7.48,323.0,96.0,6.0,2.0,Avaliador-11,Avaliador-3,,,8.5,8.5,8.1,8.8,8.5,9.1,,6.75,5.0,Fase 1 (4º ano),-1,5.099999999999998,,7.48,Ametista,2022,Fase 1,4° ano
RA-673,0,A,Feminino,2022,Escola Pública,,,Topázio,8.65,21.0,2.0,1.0,2.0,Avaliador-11,Avaliador-3,,,8.5,9.2,8.1,9.2,9.4,8.9,,8.583,10.0,ALFA  (2º e 3º ano),0,5.934000000000008,,8.65,Topázio,2022,ALFA,2° e 3° ano
RA-674,0,A,Masculino,2022,Escola Pública,,,Ametista,7.862,181.0,50.0,3.0,2.0,Avaliador-11,Avaliador-3,,,9.5,8.7,8.1,8.0,8.9,7.0,,6.333,10.0,ALFA  (2º e 3º ano),0,4.954000000000001,,7.862,Ametista,2022,ALFA,2° e 3° ano
RA-675,0,A,Masculino,2022,Escola Pública,,,Ametista,7.576,284.0,79.0,5.0,2.0,Avaliador-11,Avaliador-3,,,10.0,6.6,8.1,7.4,8.8,5.9,,7.083,10.0,ALFA  (2º e 3º ano),0,5.493999999999986,,7.576,Ametista,2022,ALFA,2° e 3° ano
RA-676,0,A,Masculino,2021,Escola Pública,,Topázio,Ametista,7.911,165.0,44.0,2.0,2.0,Avaliador-11,Avaliador-3,,,8.5,8.6,8.1,9.3,9.5,9.1,,8.167,5.0,Fase 1 (4º ano),-1,5.375999999999994,,7.911,Ametista,2022,Fase 1,4° ano
RA-677,0,B,Feminino,2021,Escola Pública,,Ametista,Topázio,8.358,52.0,13.0,1.0,2.0,Avaliador-13,Avaliador-3,,,10.0,9.4,7.5,7.3,7.7,6.8,,8.583,10.0,ALFA  (2º e 3º ano),0,5.51400000000001,,8.358,Topázio,2022,ALFA,2° e 3° ano
RA-678,0,B,Masculino,2022,Escola Pública,,,Ametista,8.0,143.0,40.0,2.0,2.0,Avaliador-13,Avaliador-3,,,9.0,10.0,6.9,7.3,7.5,7.0,,9.5,5.0,Fase 1 (4º ano),-1,5.499999999999989,,8.0,Ametista,2022,Fase 1,4° ano
RA-679,0,B,Masculino,2020,Escola Pública,Ametista,Ametista,Ametista,7.172,441.0,129.0,6.0,2.0,Avaliador-13,Avaliador-3,,,9.0,8.2,7.5,6.3,6.7,5.8,,7.833,5.0,Fase 2 (5º e 6º ano),-2,5.553999999999997,,7.172,Ametista,2022,Fase 2,5° e 6° ano
RA-680,0,B,Feminino,2019,Escola Pública,Ametista,Ametista,Ametista,7.518,302.0,85.0,4.0,2.0,Avaliador-13,Avaliador-3,,,9.5,8.8,7.5,7.4,8.0,6.8,,7.75,5.0,Fase 2 (5º e 6º ano),-2,5.279999999999996,,7.518,Ametista,2022,Fase 2,5° e 6° ano
RA-681,0,B,Masculino,2022,Escola Pública,,,Ametista,7.204,427.0,128.0,5.0,2.0,Avaliador-13,Avaliador-3,,,8.5,8.5,6.9,6.5,6.5,6.5,,8.0,5.0,Fase 2 (5º e 6º ano),-2,5.639999999999992,,7.204,Ametista,2022,Fase 2,5° e 6° ano
RA-682,0,B,Masculino,2022,Escola Pública,,,Ametista,7.625,262.0,74.0,3.0,2.0,Avaliador-13,Avaliador-3,,,9.5,9.1,7.5,7.0,7.0,7.0,,8.083,5.0,Fase 2 (5º e 6º ano),-2,5.884,,7.625,Ametista,2022,Fase 2,5° e 6° ano
RA-683,0,C,Masculino,2022,Escola Pública,,,Ágata,6.011,728.0,180.0,3.0,2.0,Avaliador-11,Avaliador-3,,,7.9,5.0,7.5,4.0,8.0,0.0,,8.083,5.0,Fase 2 (5º e 6º ano),-2,5.544000000000002,,6.011,Quartzo,2022,Fase 2,5° e 6° ano
RA-684,0,C,Masculino,2022,Escola Pública,,,Topázio,8.26,72.0,19.0,1.0,2.0,Avaliador-11,Avaliador-3,,,9.5,7.5,8.1,9.3,9.0,9.6,,7.917,10.0,ALFA  (2º e 3º ano),0,5.5659999999999865,,8.26,Topázio,2022,ALFA,2° e 3° ano
RA-685,0,C,Masculino,2022,Escola Pública,,,Ágata,6.864,533.0,152.0,2.0,2.0,Avaliador-11,Avaliador-3,,,9.0,6.2,5.0,8.0,8.0,8.0,,7.833,5.0,Fase 1 (4º ano),-1,5.5739999999999945,,6.864,Ágata,2022,Fase 1,4° ano
RA-686,0,D,Feminino,2022,Escola Pública,,,Ametista,7.729,227.0,62.0,5.0,2.0,Avaliador-13,Avaliador-3,,,7.5,8.6,8.1,8.8,9.2,8.5,,8.083,5.0,Fase 1 (4º ano),-1,5.723999999999991,,7.729,Ametista,2022,Fase 1,4° ano
RA-687,0,D,Masculino,2022,Escola Pública,,,Ametista,7.703,233.0,63.0,6.0,2.0,Avaliador-13,Avaliador-3,,,8.5,9.0,8.1,8.3,9.0,7.5,,8.0,5.0,Fase 1 (4º ano),-1,4.8299999999999965,,7.703,Ametista,2022,Fase 1,4° ano
RA-688,0,D,Masculino,2022,Escola Pública,,,Ametista,7.771,212.0,56.0,4.0,2.0,Avaliador-13,Avaliador-3,,,8.5,9.7,7.5,7.9,8.0,7.8,,7.917,5.0,Fase 1 (4º ano),-1,5.6760000000000055,,7.771,Ametista,2022,Fase 1,4° ano
RA-689,0,D,Feminino,2022,Escola Pública,,,Ágata,6.433,655.0,172.0,9.0,2.0,Avaliador-13,Avaliador-3,,,7.4,7.9,5.6,5.8,6.0,5.5,,6.667,5.0,Fase 1 (4º ano),-1,5.5959999999999965,,6.433,Ágata,2022,Fase 1,4° ano
RA-690,0,D,Feminino,2022,Escola Pública,,,Ametista,7.541,294.0,83.0,8.0,2.0,Avaliador-13,Avaliador-3,,,9.5,9.5,7.5,7.0,7.2,6.8,,7.417,5.0,Fase 1 (4º ano),-1,5.576000000000008,,7.541,Ametista,2022,Fase 1,4° ano
RA-691,0,D,Feminino,2022,Escola Pública,,,Topázio,8.68,16.0,1.0,1.0,2.0,Avaliador-13,Avaliador-3,,,10.0,9.2,8.1,9.4,9.6,9.3,,7.917,10.0,ALFA  (2º e 3º ano),0,5.666000000000011,,8.68,Topázio,2022,ALFA,2° e 3° ano
RA-692,0,D,Feminino,2021,Escola Pública,,Ametista,Ametista,7.569,285.0,80.0,7.0,2.0,Avaliador-13,Avaliador-3,,,9.5,8.9,8.1,6.9,7.0,6.8,,7.917,5.0,Fase 1 (4º ano),-1,5.655999999999999,,7.569,Ametista,2022,Fase 1,4° ano
RA-693,0,D,Feminino,2022,Escola Pública,,,Ametista,7.944,158.0,43.0,3.0,2.0,Avaliador-13,Avaliador-3,,,9.5,9.8,8.1,5.7,5.0,6.3,,7.667,10.0,ALFA  (2º e 3º ano),0,5.505999999999984,,7.944,Ametista,2022,ALFA,2° e 3° ano
RA-694,0,D,Masculino,2022,Escola Pública,,,Topázio,8.378,49.0,11.0,2.0,2.0,Avaliador-13,Avaliador-3,,,10.0,9.0,8.1,8.1,8.2,8.0,,7.917,10.0,ALFA  (2º e 3º ano),0,5.6459999999999955,,8.378,Topázio,2022,ALFA,2° e 3° ano
RA-695,0,E,Feminino,2021,Escola Pública,,Ágata,Quartzo,4.28,849.0,189.0,5.0,2.0,Avaliador-13,Avaliador-2,,,9.0,3.1,7.5,2.5,2.2,2.8,,2.5,10.0,ALFA  (2º e 3º ano),0,0.10000000000000675,,4.28,Quartzo,2022,ALFA,2° e 3° ano
RA-696,0,E,Feminino,2021,Escola Pública,,Ametista,Ametista,7.441,338.0,98.0,2.0,2.0,Avaliador-13,Avaliador-2,,,8.5,9.0,7.5,6.6,6.5,6.7,,8.167,5.0,Fase 1 (4º ano),-1,5.875999999999992,,7.441,Ametista,2022,Fase 1,4° ano
RA-697,0,E,Masculino,2021,Escola Pública,,Ametista,Ametista,7.675,246.0,67.0,1.0,2.0,Avaliador-13,Avaliador-2,,,7.0,9.3,7.5,8.4,8.8,8.0,,8.083,5.0,Fase 2 (5º e 6º ano),-2,5.683999999999987,,7.675,Ametista,2022,Fase 2,5° e 6° ano
RA-698,0,E,Masculino,2021,Escola Pública,,Ametista,Ametista,7.44,339.0,99.0,3.0,2.0,Avaliador-13,Avaliador-2,,,9.0,9.8,2.5,8.1,8.0,8.2,,8.083,5.0,Fase 1 (4º ano),-1,5.933999999999999,,7.44,Ametista,2022,Fase 1,4° ano
RA-699,0,E,Masculino,2022,Escola Pública,,,Ágata,6.658,603.0,165.0,4.0,2.0,Avaliador-13,Avaliador-2,,,5.2,9.2,7.5,7.1,7.5,6.7,,6.0,5.0,Fase 1 (4º ano),-1,4.280000000000008,,6.658,Ágata,2022,Fase 1,4° ano
RA-700,0,F,Feminino,2022,Escola Pública,,,Ametista,7.738,224.0,60.0,2.0,2.0,Avaliador-11,Avaliador-3,,,9.0,8.7,7.5,9.2,9.2,9.2,,7.083,5.0,Fase 1 (4º ano),-1,5.9140000000000015,,7.738,Ametista,2022,Fase 1,4° ano
RA-701,0,F,Masculino,2021,Escola Pública,,Ametista,Ametista,7.755,215.0,57.0,1.0,2.0,Avaliador-11,Avaliador-3,,,9.0,9.3,7.5,8.7,8.7,8.7,,7.417,5.0,Fase 2 (5º e 6º ano),-2,5.215999999999985,,7.755,Ametista,2022,Fase 2,5° e 6° ano
RA-702,0,F,Feminino,2022,Escola Pública,,,Ametista,7.387,366.0,110.0,5.0,2.0,Avaliador-11,Avaliador-3,,,10.0,8.6,5.0,6.8,7.0,6.7,,7.0,10.0,ALFA  (2º e 3º ano),0,4.069999999999991,,7.387,Ametista,2022,ALFA,2° e 3° ano
RA-703,0,F,Masculino,2021,Escola Pública,,Quartzo,Ágata,6.099,710.0,177.0,9.0,2.0,Avaliador-11,Avaliador-3,,,7.5,7.4,5.0,5.1,5.3,4.8,,6.833,5.0,Fase 2 (5º e 6º ano),-2,4.824000000000002,,6.099,Quartzo,2022,Fase 2,5° e 6° ano
RA-704,0,F,Masculino,2022,Escola Pública,,,Ágata,6.741,572.0,160.0,7.0,2.0,Avaliador-11,Avaliador-3,,,9.0,8.6,5.0,7.2,7.7,6.6,,6.583,5.0,Fase 2 (5º e 6º ano),-2,3.6439999999999895,,6.741,Ágata,2022,Fase 2,5° e 6° ano
RA-705,0,F,Masculino,2022,Escola Pública,,,Ágata,6.634,614.0,168.0,8.0,2.0,Avaliador-11,Avaliador-3,,,9.5,6.2,7.5,7.1,7.0,7.2,,6.333,5.0,Fase 2 (5º e 6º ano),-2,5.073999999999996,,6.634,Ágata,2022,Fase 2,5° e 6° ano
RA-706,0,F,Feminino,2021,Escola Pública,,Ágata,Ametista,7.659,252.0,69.0,4.0,2.0,Avaliador-11,Avaliador-3,,,9.5,6.7,7.5,9.1,9.1,9.1,,8.417,5.0,Fase 2 (5º e 6º ano),-2,6.155999999999997,,7.659,Ametista,2022,Fase 2,5° e 6° ano
RA-707,0,F,Feminino,2020,Escola Pública,Ametista,Ágata,Ametista,7.679,241.0,64.0,3.0,2.0,Avaliador-11,Avaliador-3,,,10.0,8.1,6.9,8.5,8.8,8.2,,8.083,5.0,Fase 2 (5º e 6º ano),-2,5.523999999999996,,7.679,Ametista,2022,Fase 2,5° e 6° ano
RA-708,0,F,Masculino,2022,Escola Pública,,Topázio,Ametista,7.282,400.0,117.0,6.0,2.0,Avaliador-11,Avaliador-3,,,8.0,8.4,7.5,7.3,7.1,7.6,,7.583,5.0,Fase 1 (4º ano),-1,5.7539999999999925,,7.282,Ametista,2022,Fase 1,4° ano
RA-709,0,F,Feminino,2022,Escola Pública,,,Quartzo,5.313,801.0,186.0,10.0,2.0,Avaliador-11,Avaliador-3,,,9.5,3.5,7.5,2.3,2.3,2.3,,7.083,5.0,Fase 2 (5º e 6º ano),-2,5.363999999999995,,5.313,Quartzo,2022,Fase 2,5° e 6° ano
RA-710,0,G,Masculino,2020,Escola Pública,Ametista,Ametista,Ametista,7.285,398.0,116.0,5.0,2.0,Avaliador-13,Avaliador-3,,,9.5,8.9,5.0,6.9,7.0,6.8,,8.0,5.0,Fase 2 (5º e 6º ano),-2,5.749999999999993,,7.285,Ametista,2022,Fase 2,5° e 6° ano
RA-711,0,G,Masculino,2022,Escola Pública,,,Ágata,6.04,721.0,178.0,11.0,2.0,Avaliador-13,Avaliador-3,,,9.0,7.9,6.3,3.5,4.0,3.0,,6.0,5.0,Fase 1 (4º ano),-1,5.299999999999994,,6.04,Quartzo,2022,Fase 1,4° ano
RA-712,0,G,Masculino,2019,Escola Pública,Quartzo,Quartzo,Ágata,6.026,725.0,179.0,12.0,2.0,Avaliador-13,Avaliador-3,,,8.0,5.1,5.0,8.0,8.7,7.3,,5.833,5.0,Fase 2 (5º e 6º ano),-2,4.394,,6.026,Quartzo,2022,Fase 2,5° e 6° ano
RA-713,0,G,Masculino,2021,Escola Pública,,Ametista,Ametista,7.42,348.0,102.0,3.0,2.0,Avaliador-13,Avaliador-3,,,10.0,8.7,7.5,7.8,8.0,7.7,,7.25,5.0,Fase 1 (4º ano),-1,4.199999999999999,,7.42,Ametista,2022,Fase 1,4° ano
RA-714,0,G,Masculino,2019,Escola Pública,Ágata,Ametista,Ágata,6.953,503.0,144.0,6.0,2.0,Avaliador-13,Avaliador-3,,,9.0,6.9,5.6,8.0,8.5,7.5,,7.25,5.0,Fase 2 (5º e 6º ano),-2,5.629999999999997,,6.953,Ágata,2022,Fase 2,5° e 6° ano
RA-715,0,G,Feminino,2022,Escola Pública,,,Ágata,6.656,604.0,166.0,9.0,2.0,Avaliador-13,Avaliador-3,,,8.5,8.7,4.4,4.9,4.8,5.0,,7.917,5.0,Fase 1 (4º ano),-1,5.625999999999989,,6.656,Ágata,2022,Fase 1,4° ano
RA-716,0,G,Masculino,2022,Escola Pública,,,Ágata,6.525,641.0,171.0,10.0,2.0,Avaliador-13,Avaliador-3,,,8.9,8.1,7.5,6.7,7.3,6.0,,5.417,5.0,Fase 1 (4º ano),-1,3.4160000000000057,,6.525,Ágata,2022,Fase 1,4° ano
RA-717,0,G,Feminino,2021,Escola Pública,,Ametista,Ágata,6.832,545.0,155.0,7.0,2.0,Avaliador-13,Avaliador-3,,,9.0,7.3,7.5,5.4,5.0,5.8,,7.917,5.0,Fase 2 (5º e 6º ano),-2,5.586000000000002,,6.832,Ágata,2022,Fase 2,5° e 6° ano
RA-718,0,G,Feminino,2022,Escola Pública,,,Topázio,8.093,118.0,33.0,1.0,2.0,Avaliador-13,Avaliador-3,,,8.0,8.9,6.3,9.2,9.2,9.2,,7.417,10.0,ALFA  (2º e 3º ano),0,5.5959999999999965,,8.093,Topázio,2022,ALFA,2° e 3° ano
RA-719,0,G,Feminino,2021,Escola Pública,,Quartzo,Quartzo,5.552,783.0,185.0,13.0,2.0,Avaliador-13,Avaliador-3,,,9.0,4.6,7.5,4.2,5.0,3.3,,6.083,5.0,Fase 2 (5º e 6º ano),-2,4.253999999999998,,5.552,Quartzo,2022,Fase 2,5° e 6° ano
RA-720,0,G,Feminino,2021,Escola Pública,,Ametista,Ágata,6.731,575.0,161.0,8.0,2.0,Avaliador-13,Avaliador-3,,,8.0,5.9,7.5,7.6,7.3,7.8,,7.083,5.0,Fase 1 (4º ano),-1,5.644,,6.731,Ágata,2022,Fase 1,4° ano
RA-721,0,G,Feminino,2021,Escola Pública,,Topázio,Ametista,7.973,149.0,41.0,2.0,2.0,Avaliador-13,Avaliador-3,,,9.5,8.1,7.5,7.6,8.2,7.0,,7.917,10.0,ALFA  (2º e 3º ano),0,5.49599999999999,,7.973,Ametista,2022,ALFA,2° e 3° ano
RA-722,0,G,Feminino,2021,Escola Pública,,Topázio,Ametista,7.41,355.0,106.0,4.0,2.0,Avaliador-13,Avaliador-3,,,10.0,8.1,4.4,8.1,7.8,8.3,,8.333,5.0,Fase 1 (4º ano),-1,5.633999999999997,,7.41,Ametista,2022,Fase 1,4° ano
RA-723,0,H,Feminino,2022,Escola Pública,,,Ametista,7.426,345.0,101.0,4.0,2.0,Avaliador-11,Avaliador-3,,,10.0,6.6,8.1,5.5,5.3,5.7,,8.167,10.0,ALFA  (2º e 3º ano),0,5.625999999999998,,7.426,Ametista,2022,ALFA,2° e 3° ano
RA-724,0,H,Feminino,2022,Escola Pública,,,Ágata,6.931,512.0,146.0,6.0,2.0,Avaliador-11,Avaliador-3,,,9.5,5.9,5.6,5.6,2.9,8.3,,8.0,10.0,ALFA  (2º e 3º ano),0,5.209999999999999,,6.931,Ágata,2022,ALFA,2° e 3° ano
RA-725,0,H,Masculino,2022,Escola Pública,,,Ágata,6.33,675.0,175.0,7.0,2.0,Avaliador-11,Avaliador-3,,,8.0,5.9,8.1,5.0,4.0,6.0,,5.5,10.0,ALFA  (2º e 3º ano),0,4.399999999999995,,6.33,Ágata,2022,ALFA,2° e 3° ano
RA-726,0,H,Feminino,2022,Escola Pública,,,Ágata,6.985,492.0,140.0,5.0,2.0,Avaliador-11,Avaliador-3,,,10.0,7.5,7.5,4.4,5.8,3.0,,6.583,10.0,ALFA  (2º e 3º ano),0,5.384000000000002,,6.985,Ágata,2022,ALFA,2° e 3° ano
RA-727,0,H,Masculino,2022,Escola Pública,,,Ametista,7.736,225.0,61.0,3.0,2.0,Avaliador-11,Avaliador-3,,,9.0,7.7,8.1,8.4,9.3,7.4,,6.75,10.0,ALFA  (2º e 3º ano),0,4.559999999999986,,7.736,Ametista,2022,ALFA,2° e 3° ano
RA-728,0,H,Feminino,2022,Escola Pública,,,Topázio,8.244,74.0,20.0,1.0,2.0,Avaliador-11,Avaliador-3,,,9.5,7.3,8.1,9.1,9.3,8.9,,8.167,10.0,ALFA  (2º e 3º ano),0,5.705999999999989,,8.244,Topázio,2022,ALFA,2° e 3° ano
RA-729,0,H,Feminino,2022,Escola Pública,,,Topázio,8.155,96.0,26.0,2.0,2.0,Avaliador-11,Avaliador-3,,,10.0,8.7,8.1,8.1,8.5,7.8,,7.25,10.0,ALFA  (2º e 3º ano),0,5.3499999999999925,,8.155,Topázio,2022,ALFA,2° e 3° ano
RA-730,0,I,Feminino,2021,Escola Pública,,Ametista,Ametista,7.902,169.0,46.0,1.0,2.0,Avaliador-13,Avaliador-3,,,10.0,8.2,8.8,8.3,8.7,8.0,,8.25,5.0,Fase 2 (5º e 6º ano),-2,5.720000000000001,,7.902,Ametista,2022,Fase 2,5° e 6° ano
RA-731,0,I,Feminino,2019,Escola Pública,Ametista,Ágata,Ametista,7.151,443.0,130.0,3.0,2.0,Avaliador-13,Avaliador-3,,,9.0,8.5,6.9,7.3,7.3,7.2,,7.083,5.0,Fase 2 (5º e 6º ano),-2,4.8439999999999905,,7.151,Ametista,2022,Fase 2,5° e 6° ano
RA-732,0,I,Masculino,2022,Escola Pública,,,Ametista,7.347,377.0,113.0,2.0,2.0,Avaliador-13,Avaliador-3,,,9.0,7.9,8.8,7.2,7.5,6.8,,7.5,5.0,Fase 1 (4º ano),-1,5.469999999999997,,7.347,Ametista,2022,Fase 1,4° ano
RA-733,0,J,Feminino,2022,Escola Pública,,,Ágata,6.684,594.0,163.0,13.0,2.0,Avaliador-13,Avaliador-3,,,9.5,8.5,5.6,5.1,6.0,4.2,,6.917,5.0,Fase 1 (4º ano),-1,5.706000000000007,,6.684,Ágata,2022,Fase 1,4° ano
RA-734,0,J,Feminino,2022,Escola Pública,,,Ágata,6.952,505.0,145.0,9.0,2.0,Avaliador-13,Avaliador-3,,,9.5,7.2,5.6,7.3,8.0,6.5,,7.417,5.0,Fase 2 (5º e 6º ano),-2,5.586000000000002,,6.952,Ágata,2022,Fase 2,5° e 6° ano
RA-735,0,J,Feminino,2021,Escola Pública,,Ametista,Ametista,7.485,316.0,92.0,4.0,2.0,Avaliador-13,Avaliador-3,,,9.0,9.0,5.6,7.3,7.8,6.7,,8.583,5.0,Fase 2 (5º e 6º ano),-2,5.484,,7.485,Ametista,2022,Fase 2,5° e 6° ano
RA-736,0,J,Masculino,2022,Escola Pública,,,Ágata,6.707,589.0,162.0,12.0,2.0,Avaliador-13,Avaliador-3,,,9.0,8.5,5.6,5.4,4.7,6.2,,7.0,5.0,Fase 2 (5º e 6º ano),-2,5.669999999999993,,6.707,Ágata,2022,Fase 2,5° e 6° ano
RA-737,0,J,Feminino,2022,Escola Pública,,,Ametista,8.058,131.0,37.0,1.0,2.0,Avaliador-13,Avaliador-3,,,9.5,9.2,5.6,9.0,8.5,9.5,,9.167,5.0,Fase 1 (4º ano),-1,5.746000000000002,,8.058,Topázio,2022,Fase 1,4° ano
RA-738,0,J,Feminino,2022,Escola Pública,,,Ametista,7.227,417.0,124.0,6.0,2.0,Avaliador-13,Avaliador-3,,,8.5,8.1,5.6,5.7,7.7,3.7,,7.5,10.0,ALFA  (2º e 3º ano),0,5.570000000000004,,7.227,Ametista,2022,ALFA,2° e 3° ano
RA-739,0,J,Masculino,2022,Escola Pública,,,Ágata,6.82,549.0,156.0,11.0,2.0,Avaliador-13,Avaliador-3,,,6.4,7.3,5.6,5.9,6.0,5.8,,7.083,10.0,ALFA  (2º e 3º ano),0,5.634000000000006,,6.82,Ágata,2022,ALFA,2° e 3° ano
RA-740,0,J,Feminino,2022,Escola Pública,,,Ametista,7.218,420.0,125.0,7.0,2.0,Avaliador-13,Avaliador-3,,,8.5,9.0,5.6,7.2,7.3,7.0,,7.5,5.0,Fase 1 (4º ano),-1,5.680000000000005,,7.218,Ametista,2022,Fase 1,4° ano
RA-741,0,J,Feminino,2022,Escola Pública,,,Ágata,6.896,526.0,150.0,10.0,2.0,Avaliador-13,Avaliador-3,,,9.5,8.4,5.6,6.3,7.3,5.2,,7.417,5.0,Fase 2 (5º e 6º ano),-2,4.625999999999992,,6.896,Ágata,2022,Fase 2,5° e 6° ano
RA-742,0,J,Feminino,2022,Escola Pública,,,Ametista,7.097,456.0,132.0,8.0,2.0,Avaliador-13,Avaliador-3,,,8.5,8.7,5.0,7.3,8.3,6.2,,7.5,5.0,Fase 1 (4º ano),-1,5.469999999999997,,7.097,Ametista,2022,Fase 1,4° ano
RA-743,0,J,Feminino,2022,Escola Pública,,,Ágata,6.672,597.0,164.0,14.0,2.0,Avaliador-13,Avaliador-3,,,10.0,7.9,5.6,4.8,4.8,4.8,,7.5,5.0,Fase 1 (4º ano),-1,5.720000000000001,,6.672,Ágata,2022,Fase 1,4° ano
RA-744,0,J,Feminino,2022,Escola Pública,,,Ametista,7.742,220.0,58.0,2.0,2.0,Avaliador-13,Avaliador-3,,,9.5,9.7,5.6,6.2,6.0,6.3,,7.5,10.0,ALFA  (2º e 3º ano),0,5.520000000000005,,7.742,Ametista,2022,ALFA,2° e 3° ano
RA-745,0,J,Masculino,2021,Rede Decisão,,Topázio,Ametista,7.382,367.0,111.0,5.0,2.0,Avaliador-13,Avaliador-3,,,9.0,8.5,5.6,8.1,8.5,7.7,,7.75,5.0,Fase 1 (4º ano),-1,5.519999999999996,,7.382,Ametista,2022,Fase 1,4° ano
RA-746,0,J,Masculino,2022,Escola Pública,,,Ametista,7.656,253.0,70.0,3.0,2.0,Avaliador-13,Avaliador-3,,,8.0,9.1,5.6,7.2,7.7,6.7,,7.417,10.0,ALFA  (2º e 3º ano),0,5.525999999999991,,7.656,Ametista,2022,ALFA,2° e 3° ano
RA-747,0,K,Feminino,2022,Escola Pública,,,Ametista,7.676,245.0,66.0,6.0,2.0,Avaliador-11,Avaliador-3,,,10.0,7.6,7.5,8.8,8.2,9.4,,7.917,5.0,Fase 2 (5º e 6º ano),-2,5.625999999999998,,7.676,Ametista,2022,Fase 2,5° e 6° ano
RA-748,0,K,Masculino,2022,Escola Pública,,,Topázio,8.084,122.0,34.0,5.0,2.0,Avaliador-11,Avaliador-3,,,10.0,9.0,7.5,9.1,9.6,8.6,,8.25,5.0,Fase 1 (4º ano),-1,5.639999999999992,,8.084,Topázio,2022,Fase 1,4° ano
RA-749,0,K,Masculino,2022,Escola Pública,,,Ametista,7.484,318.0,94.0,7.0,2.0,Avaliador-11,Avaliador-3,,,9.5,7.7,7.5,8.8,9.5,8.1,,7.25,5.0,Fase 1 (4º ano),-1,5.339999999999998,,7.484,Ametista,2022,Fase 1,4° ano
RA-750,0,K,Masculino,2019,Escola Pública,Ágata,Ágata,Ágata,6.344,670.0,173.0,10.0,2.0,Avaliador-11,Avaliador-3,,,9.5,8.9,4.4,6.8,7.1,6.4,,5.167,5.0,Fase 2 (5º e 6º ano),-2,2.8059999999999885,,6.344,Ágata,2022,Fase 2,5° e 6° ano
RA-751,0,K,Masculino,2022,Escola Pública,,,Quartzo,5.246,808.0,187.0,11.0,2.0,Avaliador-11,Avaliador-3,,,8.5,5.8,7.5,3.8,2.7,4.9,,6.167,5.0,Fase 2 (5º e 6º ano),-2,0.0,,5.246,Quartzo,2022,Fase 2,5° e 6° ano
RA-752,0,K,Feminino,2022,Escola Pública,,,Topázio,8.197,86.0,22.0,4.0,2.0,Avaliador-11,Avaliador-3,,,10.0,9.0,7.5,9.5,9.6,9.4,,8.417,5.0,Fase 2 (5º e 6º ano),-2,5.635999999999992,,8.197,Topázio,2022,Fase 2,5° e 6° ano
RA-753,0,K,Feminino,2022,Escola Pública,,,Topázio,8.481,37.0,8.0,2.0,2.0,Avaliador-11,Avaliador-3,,,9.5,8.6,7.5,9.1,9.4,8.8,,8.417,10.0,ALFA  (2º e 3º ano),0,5.575999999999999,,8.481,Topázio,2022,ALFA,2° e 3° ano
RA-754,0,K,Masculino,2022,Escola Pública,,,Ágata,6.602,626.0,169.0,9.0,2.0,Avaliador-11,Avaliador-3,,,10.0,5.8,4.4,7.9,7.8,8.1,,6.917,5.0,Fase 1 (4º ano),-1,5.3859999999999975,,6.602,Ágata,2022,Fase 1,4° ano
RA-755,0,K,Masculino,2022,Escola Pública,,,Topázio,8.566,29.0,4.0,1.0,2.0,Avaliador-11,Avaliador-3,,,9.5,9.2,6.9,9.5,9.8,9.3,,8.083,10.0,ALFA  (2º e 3º ano),0,5.693999999999999,,8.566,Topázio,2022,ALFA,2° e 3° ano
RA-756,0,K,Masculino,2022,Escola Pública,,,Ágata,6.976,495.0,142.0,8.0,2.0,Avaliador-11,Avaliador-3,,,10.0,7.9,7.5,5.7,5.6,5.8,,7.25,5.0,Fase 1 (4º ano),-1,5.559999999999992,,6.976,Ágata,2022,Fase 1,4° ano
RA-757,0,K,Feminino,2022,Escola Pública,,,Topázio,8.26,71.0,18.0,3.0,2.0,Avaliador-11,Avaliador-3,,,9.5,9.3,7.5,9.7,9.9,9.6,,8.5,5.0,Fase 1 (4º ano),-1,5.599999999999987,,8.26,Topázio,2022,Fase 1,4° ano
RA-758,0,L,Masculino,2022,Escola Pública,,,Ametista,7.911,166.0,45.0,5.0,2.0,Avaliador-13,Avaliador-3,,,9.0,9.1,7.5,8.1,8.0,8.2,,8.333,5.0,Fase 1 (4º ano),-1,6.54399999999999,,7.911,Ametista,2022,Fase 1,4° ano
RA-759,0,L,Feminino,2021,Escola Pública,,Ágata,Ametista,7.563,288.0,81.0,7.0,2.0,Avaliador-13,Avaliador-3,,,9.0,8.6,7.5,7.5,8.3,6.7,,7.833,5.0,Fase 2 (5º e 6º ano),-2,6.263999999999994,,7.563,Ametista,2022,Fase 2,5° e 6° ano
RA-760,0,L,Masculino,2021,Escola Pública,,Ametista,Topázio,8.172,94.0,25.0,2.0,2.0,Avaliador-13,Avaliador-3,,,9.0,9.2,7.5,8.8,9.3,8.2,,8.917,5.0,Fase 2 (5º e 6º ano),-2,6.386000000000003,,8.172,Topázio,2022,Fase 2,5° e 6° ano
RA-761,0,L,Masculino,2022,Escola Pública,,,Topázio,8.06,130.0,36.0,3.0,2.0,Avaliador-13,Avaliador-3,,,10.0,9.4,7.5,8.2,8.8,7.5,,8.25,5.0,Fase 1 (4º ano),-1,6.400000000000006,,8.06,Topázio,2022,Fase 1,4° ano
RA-762,0,L,Masculino,2022,Escola Pública,,,Ametista,7.28,402.0,118.0,10.0,2.0,Avaliador-13,Avaliador-3,,,10.0,9.7,7.5,6.7,7.3,6.0,,7.083,2.5,Fase 3 (7º e 8º ano),-3,5.834000000000001,,7.28,Ametista,2022,Fase 3,7° e 8° ano
RA-763,0,L,Feminino,2021,Escola Pública,,Ágata,Ametista,7.402,361.0,109.0,9.0,2.0,Avaliador-13,Avaliador-3,,,9.5,9.7,7.5,6.5,6.3,6.7,,7.167,5.0,Fase 2 (5º e 6º ano),-2,5.286,,7.402,Ametista,2022,Fase 2,5° e 6° ano
RA-764,0,L,Masculino,2022,Escola Pública,,,Ametista,8.004,141.0,38.0,4.0,2.0,Avaliador-13,Avaliador-3,,,9.0,8.8,7.5,7.5,7.2,7.8,,7.667,10.0,ALFA  (2º e 3º ano),0,5.605999999999991,,8.004,Topázio,2022,ALFA,2° e 3° ano
RA-765,0,L,Masculino,2022,Escola Pública,,,Ágata,6.902,523.0,149.0,11.0,2.0,Avaliador-13,Avaliador-3,,,8.5,9.3,7.5,4.3,5.0,3.7,,7.417,5.0,Fase 1 (4º ano),-1,5.986000000000002,,6.902,Ágata,2022,Fase 1,4° ano
RA-766,0,L,Feminino,2020,Escola Pública,Ametista,Ametista,Topázio,8.185,88.0,23.0,1.0,2.0,Avaliador-13,Avaliador-3,,,10.0,9.5,7.5,8.7,8.5,8.8,,8.333,5.0,Fase 2 (5º e 6º ano),-2,6.284000000000001,,8.185,Topázio,2022,Fase 2,5° e 6° ano
RA-767,0,L,Masculino,2021,Escola Pública,,Ametista,Ametista,7.511,304.0,87.0,8.0,2.0,Avaliador-13,Avaliador-3,,,9.5,9.0,7.5,7.0,7.3,6.7,,7.583,5.0,Fase 2 (5º e 6º ano),-2,5.943999999999994,,7.511,Ametista,2022,Fase 2,5° e 6° ano
RA-768,0,L,Feminino,2021,Escola Pública,,Ametista,Ametista,7.646,255.0,71.0,6.0,2.0,Avaliador-13,Avaliador-3,,,9.0,10.0,7.5,7.1,7.0,7.2,,7.583,5.0,Fase 2 (5º e 6º ano),-2,5.593999999999992,,7.646,Ametista,2022,Fase 2,5° e 6° ano
RA-769,0,M,Feminino,2022,Escola Pública,,,Ametista,7.598,272.0,76.0,3.0,2.0,Avaliador-11,Avaliador-3,,,10.0,7.5,7.5,7.9,9.6,6.2,,8.5,5.0,Fase 1 (4º ano),-1,5.679999999999996,,7.598,Ametista,2022,Fase 1,4° ano
RA-770,0,M,Masculino,2022,Escola Pública,,,Topázio,8.143,101.0,28.0,1.0,2.0,Avaliador-11,Avaliador-3,,,9.5,8.9,7.5,8.3,8.5,8.1,,7.333,10.0,ALFA  (2º e 3º ano),0,5.364000000000004,,8.143,Topázio,2022,ALFA,2° e 3° ano
RA-771,0,M,Feminino,2022,Escola Pública,,,Ametista,7.873,179.0,49.0,2.0,2.0,Avaliador-11,Avaliador-3,,,10.0,8.3,7.5,7.0,7.2,6.9,,7.5,10.0,ALFA  (2º e 3º ano),0,5.629999999999997,,7.873,Ametista,2022,ALFA,2° e 3° ano
RA-772,0,M,Masculino,2021,Escola Pública,,Quartzo,Ágata,6.994,490.0,139.0,5.0,2.0,Avaliador-11,Avaliador-3,,,9.0,5.4,7.5,9.2,9.3,9.2,,7.25,5.0,Fase 2 (5º e 6º ano),-2,4.739999999999993,,6.994,Ágata,2022,Fase 2,5° e 6° ano
RA-773,0,M,Feminino,2022,Escola Pública,,,Ágata,6.922,520.0,147.0,6.0,2.0,Avaliador-11,Avaliador-3,,,10.0,6.8,5.0,8.1,9.3,6.8,,7.083,5.0,Fase 1 (4º ano),-1,5.253999999999994,,6.922,Ágata,2022,Fase 1,4° ano
RA-774,0,M,Feminino,2022,Escola Pública,,,Ametista,7.587,280.0,78.0,4.0,2.0,Avaliador-11,Avaliador-3,,,10.0,7.8,7.5,6.1,7.8,4.4,,7.417,10.0,ALFA  (2º e 3º ano),0,5.736000000000008,,7.587,Ametista,2022,ALFA,2° e 3° ano
RA-775,0,N,Masculino,2021,Escola Pública,,Ágata,Quartzo,5.79,751.0,182.0,7.0,2.0,Avaliador-13,Avaliador-3,,,7.9,5.7,4.4,5.7,5.5,5.8,,6.417,5.0,Fase 2 (5º e 6º ano),-2,4.96599999999999,,5.79,Quartzo,2022,Fase 2,5° e 6° ano
RA-776,0,N,Feminino,2022,Escola Pública,,,Quartzo,3.898,856.0,190.0,9.0,2.0,Avaliador-13,Avaliador-3,,,0.0,4.3,4.4,1.7,0.0,3.3,,6.333,5.0,Fase 1 (4º ano),-1,4.914000000000001,,3.898,Quartzo,2022,Fase 1,4° ano
RA-777,0,N,Masculino,2022,Escola Pública,,,Ametista,7.096,457.0,133.0,4.0,2.0,Avaliador-13,Avaliador-3,,,8.0,7.7,7.5,5.3,6.5,4.0,,7.0,10.0,ALFA  (2º e 3º ano),0,5.459999999999994,,7.096,Ametista,2022,ALFA,2° e 3° ano
RA-778,0,N,Feminino,2021,Escola Pública,,Topázio,Ametista,7.432,342.0,100.0,3.0,2.0,Avaliador-13,Avaliador-3,,,10.0,6.7,7.5,7.1,6.0,8.2,,8.833,5.0,Fase 1 (4º ano),-1,6.554000000000002,,7.432,Ametista,2022,Fase 1,4° ano
RA-779,0,N,Masculino,2022,Escola Pública,,,Quartzo,5.702,760.0,183.0,8.0,2.0,Avaliador-13,Avaliador-3,,,9.5,5.0,7.5,2.6,2.2,3.0,,7.083,5.0,Fase 2 (5º e 6º ano),-2,5.653999999999995,,5.702,Quartzo,2022,Fase 2,5° e 6° ano
RA-780,0,N,Feminino,2022,Escola Pública,,,Ágata,6.955,502.0,143.0,6.0,2.0,Avaliador-13,Avaliador-3,,,8.0,7.6,7.5,6.9,6.3,7.5,,7.167,5.0,Fase 1 (4º ano),-1,5.716000000000001,,6.955,Ágata,2022,Fase 1,4° ano
RA-781,0,N,Feminino,2021,Escola Pública,,Topázio,Ametista,7.786,205.0,54.0,1.0,2.0,Avaliador-13,Avaliador-3,,,10.0,8.9,7.5,8.3,8.0,8.5,,7.75,5.0,Fase 1 (4º ano),-1,5.459999999999994,,7.786,Ametista,2022,Fase 1,4° ano
RA-782,0,N,Masculino,2022,Escola Pública,,,Ametista,7.485,317.0,93.0,2.0,2.0,Avaliador-13,Avaliador-3,,,9.5,8.4,7.5,6.0,5.7,6.3,,7.0,10.0,ALFA  (2º e 3º ano),0,5.049999999999999,,7.485,Ametista,2022,ALFA,2° e 3° ano
RA-783,0,N,Masculino,2021,Escola Pública,,Ametista,Ágata,6.996,487.0,138.0,5.0,2.0,Avaliador-13,Avaliador-3,,,9.5,5.8,7.5,6.0,4.7,7.3,,6.917,10.0,ALFA  (2º e 3º ano),0,5.526,,6.996,Ágata,2022,ALFA,2° e 3° ano
RA-784,0,O,Masculino,2022,Escola Pública,,,Topázio,8.34,54.0,14.0,1.0,2.0,Avaliador-13,Avaliador-3,,,9.5,10.0,7.5,8.2,7.8,8.5,,9.25,5.0,Fase 1 (4º ano),-1,6.5000000000000036,,8.34,Topázio,2022,Fase 1,4° ano
RA-785,0,O,Feminino,2022,Escola Pública,,,Ametista,7.642,256.0,72.0,4.0,2.0,Avaliador-13,Avaliador-3,,,9.0,8.6,7.5,8.4,8.8,8.0,,7.667,5.0,Fase 1 (4º ano),-1,5.585999999999993,,7.642,Ametista,2022,Fase 1,4° ano
RA-786,0,O,Masculino,2019,Escola Pública,Quartzo,Quartzo,Ágata,7.004,485.0,137.0,11.0,2.0,Avaliador-13,Avaliador-3,,,9.0,9.5,5.6,6.1,6.3,5.8,,7.167,5.0,Fase 2 (5º e 6º ano),-2,4.905999999999997,,7.004,Ametista,2022,Fase 2,5° e 6° ano
RA-787,0,O,Masculino,2022,Escola Pública,,,Ametista,7.205,426.0,127.0,9.0,2.0,Avaliador-13,Avaliador-3,,,8.5,9.5,7.5,3.4,4.2,2.7,,7.25,10.0,ALFA  (2º e 3º ano),0,5.750000000000002,,7.205,Ametista,2022,ALFA,2° e 3° ano
RA-788,0,O,Masculino,2021,Rede Decisão,,Topázio,Topázio,8.264,68.0,17.0,2.0,2.0,Avaliador-13,Avaliador-3,,,10.0,9.3,5.6,8.0,7.8,8.2,,8.667,10.0,ALFA  (2º e 3º ano),0,5.105999999999984,,8.264,Topázio,2022,ALFA,2° e 3° ano
RA-789,0,O,Feminino,2022,Escola Pública,,,Ametista,7.405,359.0,108.0,7.0,2.0,Avaliador-13,Avaliador-3,,,9.0,9.4,7.5,4.2,3.7,4.7,,7.417,10.0,ALFA  (2º e 3º ano),0,5.5159999999999965,,7.405,Ametista,2022,ALFA,2° e 3° ano
RA-790,0,O,Feminino,2022,Escola Pública,,,Ametista,7.504,307.0,89.0,6.0,2.0,Avaliador-13,Avaliador-3,,,9.0,8.9,7.5,7.8,8.5,7.2,,7.417,5.0,Fase 2 (5º e 6º ano),-2,5.305999999999997,,7.504,Ametista,2022,Fase 2,5° e 6° ano
RA-791,0,O,Feminino,2022,Escola Pública,,,Ametista,7.507,306.0,88.0,5.0,2.0,Avaliador-13,Avaliador-3,,,9.5,8.7,7.5,6.5,6.3,6.7,,8.5,5.0,Fase 2 (5º e 6º ano),-2,5.669999999999993,,7.507,Ametista,2022,Fase 2,5° e 6° ano
RA-792,0,O,Feminino,2022,Escola Pública,,,Ágata,7.025,480.0,136.0,10.0,2.0,Avaliador-13,Avaliador-3,,,9.5,8.0,7.5,6.2,6.5,5.8,,7.167,5.0,Fase 1 (4º ano),-1,5.516000000000005,,7.025,Ametista,2022,Fase 1,4° ano
RA-793,0,O,Masculino,2022,Escola Pública,,,Ágata,6.894,527.0,151.0,12.0,2.0,Avaliador-13,Avaliador-3,,,9.5,7.6,7.5,6.0,6.0,6.0,,7.333,5.0,Fase 2 (5º e 6º ano),-2,5.074000000000005,,6.894,Ágata,2022,Fase 2,5° e 6° ano
RA-794,0,O,Feminino,2022,Escola Pública,,,Ametista,7.335,381.0,114.0,8.0,2.0,Avaliador-13,Avaliador-3,,,9.5,8.9,7.5,4.1,3.7,4.5,,7.333,10.0,ALFA  (2º e 3º ano),0,5.683999999999996,,7.335,Ametista,2022,ALFA,2° e 3° ano
RA-795,0,O,Feminino,2022,Escola Pública,,,Topázio,8.064,126.0,35.0,3.0,2.0,Avaliador-13,Avaliador-3,,,9.0,9.7,7.5,7.3,8.0,6.5,,7.333,10.0,ALFA  (2º e 3º ano),0,5.473999999999997,,8.064,Topázio,2022,ALFA,2° e 3° ano
RA-796,0,Q,Feminino,2022,Escola Pública,,,Ametista,7.232,416.0,123.0,3.0,2.0,Avaliador-13,Avaliador-3,,,9.5,9.3,7.5,5.4,5.8,5.0,,7.667,5.0,Fase 2 (5º e 6º ano),-2,5.585999999999993,,7.232,Ametista,2022,Fase 2,5° e 6° ano
RA-797,0,Q,Masculino,2021,Escola Pública,,Ágata,Ametista,7.217,421.0,126.0,4.0,2.0,Avaliador-13,Avaliador-3,,,9.0,8.5,7.5,7.3,8.2,6.5,,7.5,5.0,Fase 2 (5º e 6º ano),-2,4.069999999999991,,7.217,Ametista,2022,Fase 2,5° e 6° ano
RA-798,0,Q,Masculino,2022,Escola Pública,,,Ametista,7.049,472.0,135.0,5.0,2.0,Avaliador-13,Avaliador-3,,,8.0,8.3,7.5,6.3,7.0,5.7,,7.667,5.0,Fase 2 (5º e 6º ano),-2,5.456000000000003,,7.049,Ametista,2022,Fase 2,5° e 6° ano
RA-799,0,Q,Feminino,2022,Escola Pública,,,Ametista,7.676,244.0,65.0,2.0,2.0,Avaliador-13,Avaliador-3,,,8.0,9.6,7.5,7.8,8.5,7.2,,7.917,5.0,Fase 2 (5º e 6º ano),-2,5.625999999999998,,7.676,Ametista,2022,Fase 2,5° e 6° ano
RA-800,0,Q,Masculino,2022,Escola Pública,,,Ágata,6.818,551.0,157.0,8.0,2.0,Avaliador-13,Avaliador-3,,,8.0,5.4,7.5,6.1,6.3,5.8,,7.5,10.0,ALFA  (2º e 3º ano),0,4.68,,6.818,Ágata,2022,ALFA,2° e 3° ano
RA-801,0,Q,Masculino,2022,Escola Pública,,,Ágata,6.644,611.0,167.0,9.0,2.0,Avaliador-13,Avaliador-3,,,7.0,6.6,7.5,6.8,7.2,6.3,,7.5,5.0,Fase 1 (4º ano),-1,5.1399999999999935,,6.644,Ágata,2022,Fase 1,4° ano
RA-802,0,Q,Masculino,2021,Escola Pública,,Ametista,Ametista,7.831,193.0,51.0,1.0,2.0,Avaliador-13,Avaliador-3,,,9.0,9.0,7.5,8.3,9.0,7.5,,8.333,5.0,Fase 1 (4º ano),-1,5.544000000000002,,7.831,Ametista,2022,Fase 1,4° ano
RA-803,0,Q,Feminino,2022,Escola Pública,,,Ágata,6.98,494.0,141.0,6.0,2.0,Avaliador-13,Avaliador-3,,,10.0,7.2,7.5,6.3,6.5,6.0,,7.417,5.0,Fase 2 (5º e 6º ano),-2,5.4659999999999975,,6.98,Ágata,2022,Fase 2,5° e 6° ano
RA-804,0,Q,Masculino,2022,Escola Pública,,,Ágata,6.848,540.0,153.0,7.0,2.0,Avaliador-13,Avaliador-3,,,10.0,8.4,6.3,4.8,5.5,4.0,,7.667,5.0,Fase 2 (5º e 6º ano),-2,5.445999999999991,,6.848,Ágata,2022,Fase 2,5° e 6° ano
RA-805,0,R,Masculino,2021,Escola Pública,,Ametista,Topázio,8.279,65.0,16.0,2.0,2.0,Avaliador-11,Avaliador-3,,,9.5,9.0,7.5,8.8,8.7,8.9,,7.333,10.0,ALFA  (2º e 3º ano),0,5.523999999999987,,8.279,Topázio,2022,ALFA,2° e 3° ano
RA-806,0,R,Masculino,2022,Escola Pública,,,Ametista,7.561,290.0,82.0,5.0,2.0,Avaliador-11,Avaliador-3,,,9.5,7.3,7.5,6.6,5.0,8.2,,7.917,10.0,ALFA  (2º e 3º ano),0,4.975999999999994,,7.561,Ametista,2022,ALFA,2° e 3° ano
RA-807,0,R,Masculino,2022,Escola Pública,,,Topázio,8.121,109.0,31.0,3.0,2.0,Avaliador-11,Avaliador-3,,,9.5,8.7,6.3,9.0,9.5,8.6,,7.5,10.0,ALFA  (2º e 3º ano),0,5.010000000000003,,8.121,Topázio,2022,ALFA,2° e 3° ano
RA-808,0,R,Masculino,2022,Escola Pública,,,Topázio,8.361,51.0,12.0,1.0,2.0,Avaliador-11,Avaliador-3,,,10.0,9.1,6.3,9.3,9.7,8.8,,8.0,10.0,ALFA  (2º e 3º ano),0,4.510000000000005,,8.361,Topázio,2022,ALFA,2° e 3° ano
RA-809,0,R,Masculino,2022,Escola Pública,,,Ametista,7.259,410.0,120.0,7.0,2.0,Avaliador-11,Avaliador-3,,,10.0,6.6,6.3,6.3,5.5,7.1,,7.417,10.0,ALFA  (2º e 3º ano),0,5.655999999999999,,7.259,Ametista,2022,ALFA,2° e 3° ano
RA-810,0,R,Masculino,2021,Escola Pública,,Ametista,Ametista,7.887,175.0,47.0,4.0,2.0,Avaliador-11,Avaliador-3,,,8.5,9.1,5.0,9.6,9.7,9.5,,7.25,10.0,ALFA  (2º e 3º ano),0,3.4699999999999953,,7.887,Ametista,2022,ALFA,2° e 3° ano
RA-811,0,R,Feminino,2021,Escola Pública,,Ágata,Ágata,6.575,635.0,170.0,8.0,2.0,Avaliador-11,Avaliador-3,,,8.9,5.7,5.6,7.3,8.9,5.7,,7.667,5.0,Fase 1 (4º ano),-1,4.916,,6.575,Ágata,2022,Fase 1,4° ano
RA-812,0,R,Masculino,2022,Escola Pública,,,Ametista,7.497,313.0,90.0,6.0,2.0,Avaliador-11,Avaliador-3,,,9.0,8.1,5.6,7.4,8.3,6.6,,7.333,10.0,ALFA  (2º e 3º ano),0,4.703999999999997,,7.497,Ametista,2022,ALFA,2° e 3° ano
RA-813,0,S,Masculino,2022,Escola Pública,,,Ametista,7.093,459.0,134.0,6.0,2.0,Avaliador-13,Avaliador-3,,,9.5,6.5,6.9,6.0,6.7,5.3,,7.417,10.0,ALFA  (2º e 3º ano),0,4.695999999999998,,7.093,Ametista,2022,ALFA,2° e 3° ano
RA-814,0,S,Masculino,2022,Escola Pública,,,Ametista,7.592,275.0,77.0,4.0,2.0,Avaliador-13,Avaliador-3,,,8.9,9.0,6.9,7.5,7.8,7.2,,8.417,5.0,Fase 1 (4º ano),-1,5.286,,7.592,Ametista,2022,Fase 1,4° ano
RA-815,0,S,Masculino,2022,Escola Pública,,,Ágata,6.81,552.0,158.0,7.0,2.0,Avaliador-13,Avaliador-3,,,10.0,7.9,5.6,6.5,7.7,5.3,,7.0,5.0,Fase 1 (4º ano),-1,4.6999999999999975,,6.81,Ágata,2022,Fase 1,4° ano
RA-816,0,S,Feminino,2022,Escola Pública,,,Topázio,8.513,32.0,6.0,1.0,2.0,Avaliador-13,Avaliador-3,,,10.0,9.3,7.5,9.6,9.5,9.7,,9.417,5.0,Fase 1 (4º ano),-1,5.995999999999997,,8.513,Topázio,2022,Fase 1,4° ano
RA-817,0,S,Feminino,2022,Escola Pública,,,Ametista,7.819,197.0,52.0,2.0,2.0,Avaliador-13,Avaliador-3,,,10.0,8.7,6.3,7.1,7.7,6.5,,7.417,10.0,ALFA  (2º e 3º ano),0,5.455999999999994,,7.819,Ametista,2022,ALFA,2° e 3° ano
RA-818,0,S,Masculino,2022,Escola Pública,,,Ametista,7.483,320.0,95.0,5.0,2.0,Avaliador-13,Avaliador-3,,,9.5,7.3,7.5,6.2,6.5,5.8,,7.5,10.0,ALFA  (2º e 3º ano),0,5.829999999999993,,7.483,Ametista,2022,ALFA,2° e 3° ano
RA-819,0,S,Masculino,2022,Escola Pública,,,Ametista,7.741,223.0,59.0,3.0,2.0,Avaliador-13,Avaliador-3,,,10.0,7.9,7.5,7.3,8.0,6.5,,7.333,10.0,ALFA  (2º e 3º ano),0,4.8439999999999905,,7.741,Ametista,2022,ALFA,2° e 3° ano
RA-820,0,T,Masculino,2022,Escola Pública,,,Ametista,7.417,349.0,103.0,1.0,2.0,Avaliador-13,Avaliador-3,,,9.5,10.0,6.9,6.0,7.7,4.3,,7.583,5.0,Fase 1 (4º ano),-1,5.603999999999987,,7.417,Ametista,2022,Fase 1,4° ano
RA-821,0,T,Masculino,2022,Escola Pública,,,Ágata,6.342,671.0,174.0,5.0,2.0,Avaliador-13,Avaliador-3,,,9.0,7.0,7.5,4.6,5.2,4.0,,6.917,5.0,Fase 2 (5º e 6º ano),-2,4.88599999999999,,6.342,Ágata,2022,Fase 2,5° e 6° ano
RA-822,0,T,Masculino,2022,Escola Pública,,,Ágata,6.922,521.0,148.0,3.0,2.0,Avaliador-13,Avaliador-3,,,8.0,8.4,7.5,6.1,6.5,5.7,,7.083,5.0,Fase 2 (5º e 6º ano),-2,5.553999999999997,,6.922,Ágata,2022,Fase 2,5° e 6° ano
RA-823,0,T,Feminino,2021,Escola Pública,,Ágata,Quartzo,5.989,729.0,181.0,6.0,2.0,Avaliador-13,Avaliador-3,,,10.0,6.0,7.5,2.8,4.0,1.7,,7.167,5.0,Fase 2 (5º e 6º ano),-2,5.456000000000003,,5.989,Quartzo,2022,Fase 2,5° e 6° ano
RA-824,0,T,Masculino,2022,Escola Pública,,,Ágata,6.799,555.0,159.0,4.0,2.0,Avaliador-13,Avaliador-3,,,10.0,4.4,6.9,6.0,7.0,5.0,,7.333,10.0,ALFA  (2º e 3º ano),0,5.6239999999999934,,6.799,Ágata,2022,ALFA,2° e 3° ano
RA-825,0,T,Feminino,2021,Escola Pública,,Topázio,Ametista,7.25,412.0,121.0,2.0,2.0,Avaliador-13,Avaliador-3,,,7.5,8.2,6.9,7.6,8.3,6.8,,7.917,5.0,Fase 1 (4º ano),-1,5.665999999999993,,7.25,Ametista,2022,Fase 1,4° ano
RA-826,0,U,Masculino,2022,Escola Pública,,,Ametista,7.776,211.0,55.0,5.0,2.0,Avaliador-13,Avaliador-3,,,9.5,9.6,7.5,5.4,4.3,6.5,,7.5,10.0,ALFA  (2º e 3º ano),0,5.759999999999996,,7.776,Ametista,2022,ALFA,2° e 3° ano
RA-827,0,U,Feminino,2022,Escola Pública,,,Ametista,7.412,352.0,104.0,6.0,2.0,Avaliador-13,Avaliador-3,,,9.5,7.0,7.5,7.6,7.7,7.5,,8.667,5.0,Fase 2 (5º e 6º ano),-2,5.585999999999993,,7.412,Ametista,2022,Fase 2,5° e 6° ano
RA-828,0,U,Feminino,2022,Escola Pública,,,Ametista,7.139,444.0,131.0,9.0,2.0,Avaliador-13,Avaliador-3,,,9.5,7.1,7.5,6.9,7.3,6.5,,7.833,5.0,Fase 1 (4º ano),-1,5.724,,7.139,Ametista,2022,Fase 1,4° ano
RA-829,0,U,Feminino,2022,Escola Pública,,,Ametista,8.003,142.0,39.0,3.0,2.0,Avaliador-13,Avaliador-3,,,9.0,8.6,7.5,7.8,8.2,7.5,,7.5,10.0,ALFA  (2º e 3º ano),0,5.729999999999995,,8.003,Topázio,2022,ALFA,2° e 3° ano
RA-830,0,U,Feminino,2022,Escola Pública,,,Ametista,7.234,414.0,122.0,8.0,2.0,Avaliador-13,Avaliador-3,,,10.0,8.6,7.5,6.0,5.8,6.2,,7.5,5.0,Fase 1 (4º ano),-1,5.640000000000001,,7.234,Ametista,2022,Fase 1,4° ano
RA-831,0,U,Masculino,2022,Escola Pública,,,Ametista,7.41,356.0,107.0,7.0,2.0,Avaliador-13,Avaliador-3,,,9.5,9.2,7.5,7.2,7.3,7.0,,7.167,5.0,Fase 1 (4º ano),-1,4.965999999999999,,7.41,Ametista,2022,Fase 1,4° ano
RA-832,0,U,Masculino,2022,Escola Pública,,,Topázio,8.179,92.0,24.0,1.0,2.0,Avaliador-13,Avaliador-3,,,10.0,9.2,7.5,8.8,8.8,8.8,,8.833,5.0,Fase 1 (4º ano),-1,5.624000000000002,,8.179,Topázio,2022,Fase 1,4° ano
RA-833,0,U,Masculino,2022,Escola Pública,,,Ametista,7.791,204.0,53.0,4.0,2.0,Avaliador-13,Avaliador-3,,,10.0,9.5,7.5,7.8,8.2,7.5,,7.583,5.0,Fase 1 (4º ano),-1,5.644,,7.791,Ametista,2022,Fase 1,4° ano
RA-834,0,U,Masculino,2022,Escola Pública,,,Topázio,8.136,105.0,30.0,2.0,2.0,Avaliador-13,Avaliador-3,,,9.0,9.0,7.5,9.0,9.2,8.8,,9.083,5.0,Fase 1 (4º ano),-1,5.69399999999999,,8.136,Topázio,2022,Fase 1,4° ano
RA-835,0,V,Masculino,2022,Escola Pública,,,Ametista,7.263,408.0,119.0,6.0,2.0,Avaliador-11,Avaliador-3,,,6.9,7.3,7.5,7.5,7.6,7.3,,6.667,10.0,ALFA  (2º e 3º ano),0,5.295999999999994,,7.263,Ametista,2022,ALFA,2° e 3° ano
RA-836,0,V,Masculino,2022,Escola Pública,,,Ametista,7.665,250.0,68.0,3.0,2.0,Avaliador-11,Avaliador-3,,,8.5,8.3,7.5,9.2,9.0,9.3,,7.583,5.0,Fase 1 (4º ano),-1,5.484,,7.665,Ametista,2022,Fase 1,4° ano
RA-837,0,V,Masculino,2022,Escola Pública,,,Topázio,8.207,83.0,21.0,1.0,2.0,Avaliador-11,Avaliador-3,,,8.5,9.0,7.5,8.8,9.2,8.3,,7.5,10.0,ALFA  (2º e 3º ano),0,5.470000000000006,,8.207,Topázio,2022,ALFA,2° e 3° ano
RA-838,0,V,Masculino,2022,Escola Pública,,,Ametista,7.461,330.0,97.0,4.0,2.0,Avaliador-11,Avaliador-3,,,10.0,7.4,7.5,6.3,6.6,5.9,,9.417,5.0,Fase 1 (4º ano),-1,5.876000000000001,,7.461,Ametista,2022,Fase 1,4° ano
RA-839,0,V,Feminino,2022,Escola Pública,,,Quartzo,5.198,811.0,188.0,7.0,2.0,Avaliador-11,Avaliador-3,,,0.0,5.1,7.5,5.4,5.8,5.0,,6.583,5.0,Fase 1 (4º ano),-1,5.3139999999999965,,5.198,Quartzo,2022,Fase 1,4° ano
RA-840,0,V,Masculino,2022,Escola Pública,,,Ametista,7.875,178.0,48.0,2.0,2.0,Avaliador-11,Avaliador-3,,,9.0,8.2,7.5,7.8,9.6,5.9,,7.5,10.0,ALFA  (2º e 3º ano),0,5.249999999999995,,7.875,Ametista,2022,ALFA,2° e 3° ano
RA-841,0,V,Masculino,2022,Escola Pública,,,Ametista,7.3,395.0,115.0,5.0,2.0,Avaliador-11,Avaliador-3,,,8.5,8.5,7.5,7.2,8.6,5.8,,7.5,5.0,Fase 2 (5º e 6º ano),-2,5.599999999999996,,7.3,Ametista,2022,Fase 2,5° e 6° ano
RA-842,0,Y,Feminino,2022,Escola Pública,,,Ametista,7.952,154.0,42.0,3.0,2.0,Avaliador-11,Avaliador-3,,,7.5,8.3,7.5,9.1,9.1,9.1,,8.25,10.0,ALFA  (2º e 3º ano),0,3.2199999999999918,,7.952,Ametista,2022,ALFA,2° e 3° ano
RA-843,0,Y,Feminino,2022,Escola Pública,,,Topázio,8.538,30.0,5.0,1.0,2.0,Avaliador-11,Avaliador-3,,,8.5,9.0,7.5,9.2,9.8,8.5,,8.417,10.0,ALFA  (2º e 3º ano),0,6.146000000000003,,8.538,Topázio,2022,ALFA,2° e 3° ano
RA-844,0,Y,Masculino,2022,Escola Pública,,,Ágata,6.253,695.0,176.0,10.0,2.0,Avaliador-11,Avaliador-3,,,0.0,5.0,8.1,5.9,6.0,5.8,,8.333,10.0,ALFA  (2º e 3º ano),0,5.964,,6.253,Ágata,2022,ALFA,2° e 3° ano
RA-845,0,Y,Feminino,2022,Escola Pública,,,Topázio,8.491,35.0,7.0,2.0,2.0,Avaliador-11,Avaliador-3,,,10.0,8.8,7.5,8.7,9.1,8.3,,8.417,10.0,ALFA  (2º e 3º ano),0,5.575999999999999,,8.491,Topázio,2022,ALFA,2° e 3° ano
RA-846,0,Y,Feminino,2022,Escola Pública,,,Ametista,7.412,353.0,105.0,7.0,2.0,Avaliador-11,Avaliador-3,,,9.0,7.2,7.5,5.9,7.7,4.0,,7.917,10.0,ALFA  (2º e 3º ano),0,5.585999999999993,,7.412,Ametista,2022,ALFA,2° e 3° ano
RA-847,0,Y,Masculino,2022,Escola Pública,,,Ágata,6.839,543.0,154.0,9.0,2.0,Avaliador-11,Avaliador-3,,,7.9,8.2,4.4,7.7,7.8,7.6,,7.417,5.0,Fase 1 (4º ano),-1,4.456000000000007,,6.839,Ágata,2022,Fase 1,4° ano
RA-848,0,Y,Masculino,2022,Escola Pública,,,Ametista,7.488,315.0,91.0,6.0,2.0,Avaliador-11,Avaliador-3,,,9.5,7.0,7.5,9.0,9.8,8.1,,7.833,5.0,Fase 1 (4º ano),-1,5.213999999999999,,7.488,Ametista,2022,Fase 1,4° ano
RA-849,0,Y,Masculino,2022,Escola Pública,,,Ametista,7.369,371.0,112.0,8.0,2.0,Avaliador-11,Avaliador-3,,,8.5,8.3,7.5,9.1,9.8,8.3,,7.417,5.0,Fase 1 (4º ano),-1,3.056000000000001,,7.369,Ametista,2022,Fase 1,4° ano
RA-850,0,Y,Masculino,2022,Escola Pública,,,Ametista,7.641,258.0,73.0,4.0,2.0,Avaliador-11,Avaliador-3,,,10.0,7.3,7.5,8.5,8.1,8.8,,7.167,10.0,ALFA  (2º e 3º ano),0,2.976000000000001,,7.641,Ametista,2022,ALFA,2° e 3° ano
RA-851,0,Y,Masculino,2022,Escola Pública,,,Ametista,7.515,303.0,86.0,5.0,2.0,Avaliador-11,Avaliador-3,,,9.0,7.9,7.5,8.3,7.9,8.7,,6.583,10.0,ALFA  (2º e 3º ano),0,3.083999999999989,,7.515,Ametista,2022,ALFA,2° e 3° ano
RA-852,0,Z,Feminino,2022,Escola Pública,,,Quartzo,5.666,767.0,184.0,9.0,2.0,Avaliador-11,Avaliador-3,,,9.0,6.8,5.0,2.1,2.5,1.8,,5.5,10.0,ALFA  (2º e 3º ano),0,3.86000000000001,,5.666,Quartzo,2022,ALFA,2° e 3° ano
RA-853,0,Z,Feminino,2022,Escola Pública,,,Topázio,8.616,28.0,3.0,1.0,2.0,Avaliador-11,Avaliador-3,,,10.0,9.6,7.5,8.5,8.8,8.2,,8.5,10.0,ALFA  (2º e 3º ano),0,5.459999999999994,,8.616,Topázio,2022,ALFA,2° e 3° ano
RA-854,0,Z,Feminino,2022,Escola Pública,,,Topázio,8.098,116.0,32.0,7.0,2.0,Avaliador-11,Avaliador-3,,,8.0,9.0,7.5,9.3,9.5,9.0,,7.167,10.0,ALFA  (2º e 3º ano),0,4.54600000000001,,8.098,Topázio,2022,ALFA,2° e 3° ano
RA-855,0,Z,Feminino,2022,Escola Pública,,,Topázio,8.453,41.0,9.0,2.0,2.0,Avaliador-11,Avaliador-3,,,10.0,9.6,7.5,9.7,9.7,9.6,,9.0,5.0,Fase 1 (4º ano),-1,5.4300000000000015,,8.453,Topázio,2022,Fase 1,4° ano
RA-856,0,Z,Masculino,2022,Escola Pública,,,Topázio,8.398,48.0,10.0,3.0,2.0,Avaliador-11,Avaliador-3,,,10.0,9.1,7.5,8.4,8.5,8.2,,8.0,10.0,ALFA  (2º e 3º ano),0,5.48,,8.398,Topázio,2022,ALFA,2° e 3° ano
RA-857,0,Z,Feminino,2022,Escola Pública,,,Topázio,8.154,97.0,27.0,5.0,2.0,Avaliador-11,Avaliador-3,,,8.5,8.9,7.5,9.5,9.6,9.3,,9.083,5.0,Fase 1 (4º ano),-1,5.573999999999986,,8.154,Topázio,2022,Fase 1,4° ano
RA-858,0,Z,Masculino,2022,Escola Pública,,,Ametista,7.523,301.0,84.0,8.0,2.0,Avaliador-11,Avaliador-3,,,10.0,7.1,5.6,7.7,8.4,6.9,,7.333,10.0,ALFA  (2º e 3º ano),0,5.364000000000004,,7.523,Ametista,2022,ALFA,2° e 3° ano
RA-859,0,Z,Feminino,2022,Escola Pública,,,Topázio,8.325,58.0,15.0,4.0,2.0,Avaliador-11,Avaliador-3,,,8.5,8.7,7.5,8.9,9.4,8.4,,8.25,10.0,ALFA  (2º e 3º ano),0,5.549999999999979,,8.325,Topázio,2022,ALFA,2° e 3° ano
RA-860,0,Z,Masculino,2022,Escola Pública,,,Topázio,8.136,104.0,29.0,6.0,2.0,Avaliador-11,Avaliador-3,,,9.5,8.5,7.5,8.1,8.9,7.2,,7.75,10.0,ALFA  (2º e 3º ano),0,5.6599999999999895,,8.136,Topázio,2022,ALFA,2° e 3° ano
RA-861,ALFA,ALFA A - G0/G1,Feminino,2023,Pública,,,,,,,,2.0,Avaliador-11,Avaliador-2,,,9.5,10.0,8.13,9.6,9.8,9.4,,8.92,10.0,ALFA (1° e 2° ano),0,8.4375,,9.31095,Topázio,2023,ALFA,1° e 2° ano
RA-862,ALFA,ALFA A - G0/G1,Masculino,2023,Pública,,,,,,,,2.0,Avaliador-11,Avaliador-2,,,8.5,9.1,8.14,8.9,8.5,9.2,,8.585,5.0,Fase 1 (3° e 4° ano),-1,7.5,,8.2212,Topázio,2023,Fase 1,3° e 4° ano
RA-863,ALFA,ALFA A - G0/G1,Masculino,2023,Pública,,,,,,,,2.0,Avaliador-11,Avaliador-2,,,0.0,7.6,3.14,6.3,7.0,5.5,,6.26,10.0,ALFA (1° e 2° ano),0,5.9375,,5.92975,Quartzo,2023,ALFA,1° e 2° ano
RA-864,ALFA,ALFA A - G0/G1,Feminino,2023,Pública,,,,,,,,2.0,Avaliador-11,Avaliador-2,,,0.0,7.6,8.14,6.3,7.0,5.5,,8.5,10.0,ALFA (1° e 2° ano),0,7.5,,7.034,Ametista,2023,ALFA,1° e 2° ano
RA-865,ALFA,ALFA A - G0/G1,Masculino,2023,Pública,,,,,,,,2.0,Avaliador-11,Avaliador-2,,,8.5,8.7,7.52,7.4,7.3,7.5,,7.915,10.0,ALFA (1° e 2° ano),0,7.5,,8.1552,Topázio,2023,ALFA,1° e 2° ano
RA-866,ALFA,ALFA A - G0/G1,Feminino,2023,Pública,,,,,,,,2.0,Avaliador-11,Avaliador-2,,,0.0,8.3,8.76,8.6,8.2,8.9,,8.415,10.0,ALFA (1° e 2° ano),0,7.5,,7.679,Ametista,2023,ALFA,1° e 2° ano
RA-867,ALFA,ALFA A - G0/G1,Masculino,2023,Pública,,,,,,,,2.0,Avaliador-11,Avaliador-2,,,9.0,8.6,8.76,8.9,8.7,9.0,,8.415,10.0,ALFA (1° e 2° ano),0,7.5,,8.6992,Topázio,2023,ALFA,1° e 2° ano
RA-868,ALFA,ALFA A - G0/G1,Masculino,2023,Pública,,,,,,,,2.0,Avaliador-11,Avaliador-2,,,10.0,9.5,8.76,7.1,7.8,6.3,,8.67,10.0,ALFA (1° e 2° ano),0,7.1875,,8.63895,Topázio,2023,ALFA,1° e 2° ano
RA-869,ALFA,ALFA A - G0/G1,Feminino,2023,Pública,,,,,,,,2.0,Avaliador-11,Avaliador-2,,,9.0,10.0,8.76,9.6,9.8,9.4,,8.75,10.0,ALFA (1° e 2° ano),0,8.125,,9.2587,Topázio,2023,ALFA,1° e 2° ano
RA-870,ALFA,ALFA A - G0/G1,Feminino,2023,Pública,,,,,,,,2.0,Avaliador-11,Avaliador-2,,,0.0,8.5,8.76,1.5,2.0,1.0,,5.165,5.0,Fase 1 (3° e 4° ano),-1,5.0,,4.909,Quartzo,2023,Fase 1,3° e 4° ano
RA-871,ALFA,ALFA B - G2/G3,Masculino,2023,Pública,,,,,,,,2.0,Avaliador-13,Avaliador-3,,,9.0,9.5,3.76,6.9,6.8,7.0,,6.84,5.0,Fase 1 (3° e 4° ano),-1,4.375,,6.8617,Ágata,2023,Fase 1,3° e 4° ano
RA-872,ALFA,ALFA B - G2/G3,Feminino,2023,Pública,,,,,,,,2.0,Avaliador-13,Avaliador-3,,,0.0,6.7,2.52,4.3,5.5,3.0,,8.5,5.0,Fase 2 (5° e 6° ano),-2,6.25,,5.267,Quartzo,2023,Fase 2,5° e 6° ano
RA-873,ALFA,ALFA B - G2/G3,Feminino,2023,Pública,,,,,,,,2.0,Avaliador-13,Avaliador-3,,,8.5,9.7,7.52,7.0,7.2,6.8,,8.67,5.0,Fase 2 (5° e 6° ano),-2,6.25,,7.8012,Ametista,2023,Fase 2,5° e 6° ano
RA-874,ALFA,ALFA B - G2/G3,Masculino,2023,Pública,,,,,,,,2.0,Avaliador-13,Avaliador-3,,,0.0,8.2,7.52,4.8,6.3,3.3,,6.67,5.0,Fase 1 (3° e 4° ano),-1,6.25,,5.811,Quartzo,2023,Fase 1,3° e 4° ano
RA-875,ALFA,ALFA B - G2/G3,Masculino,2023,Pública,,,,,,,,2.0,Avaliador-13,Avaliador-3,,,9.5,9.5,7.52,7.3,7.0,7.5,,9.845,5.0,Fase 1 (3° e 4° ano),-1,7.5,,8.2712,Topázio,2023,Fase 1,3° e 4° ano
RA-876,ALFA,ALFA B - G2/G3,Masculino,2023,Pública,,,,,,,,2.0,Avaliador-13,Avaliador-3,,,10.0,9.4,7.52,7.5,7.3,7.7,,8.835,10.0,ALFA (1° e 2° ano),0,7.5,,8.6492,Topázio,2023,ALFA,1° e 2° ano
RA-877,ALFA,ALFA B - G2/G3,Masculino,2023,Pública,,,,,,,,2.0,Avaliador-13,Avaliador-3,,,9.5,9.5,7.52,6.9,7.5,6.2,,7.5,5.0,Fase 1 (3° e 4° ano),-1,5.0,,7.4722,Ametista,2023,Fase 1,3° e 4° ano
RA-878,ALFA,ALFA B - G2/G3,Masculino,2023,Pública,,,,,,,,2.0,Avaliador-13,Avaliador-3,,,0.0,9.5,2.52,8.1,8.0,8.2,,7.34,5.0,Fase 2 (5° e 6° ano),-2,5.0,,6.24,Ágata,2023,Fase 2,5° e 6° ano
RA-879,ALFA,ALFA B - G2/G3,Feminino,2023,Pública,,,,,,,,2.0,Avaliador-13,Avaliador-3,,,0.0,9.8,2.52,8.2,8.2,8.2,,8.915,5.0,Fase 1 (3° e 4° ano),-1,6.875,,6.8225,Ágata,2023,Fase 1,3° e 4° ano
RA-880,ALFA,ALFA B - G2/G3,Feminino,2023,Pública,,,,,,,,2.0,Avaliador-13,Avaliador-3,,,0.0,9.4,2.52,6.3,6.3,6.2,,8.585,10.0,ALFA (1° e 2° ano),0,6.25,,6.724,Ágata,2023,ALFA,1° e 2° ano
RA-881,ALFA,ALFA B - G2/G3,Masculino,2023,Pública,,,,,,,,2.0,Avaliador-13,Avaliador-3,,,10.0,8.9,7.52,7.3,7.5,7.0,,6.25,10.0,ALFA (1° e 2° ano),0,5.0,,7.7322,Ametista,2023,ALFA,1° e 2° ano
RA-882,ALFA,ALFA C - G0/G1,Feminino,2023,Pública,,,,,,,,2.0,Avaliador-11,Avaliador-3,,,9.0,8.6,2.52,4.7,4.8,4.5,,4.16,10.0,ALFA (1° e 2° ano),0,3.75,,6.0092,Quartzo,2023,ALFA,1° e 2° ano
RA-883,ALFA,ALFA C - G0/G1,Feminino,2023,Pública,,,,,,,,2.0,Avaliador-11,Avaliador-3,,,9.5,9.7,6.89,8.4,8.0,8.7,,8.17,10.0,ALFA (1° e 2° ano),0,6.25,,8.5082,Topázio,2023,ALFA,1° e 2° ano
RA-884,ALFA,ALFA C - G0/G1,Feminino,2023,Pública,,,,,,,,2.0,Avaliador-11,Avaliador-3,,,9.0,9.7,4.39,8.8,8.4,9.2,,8.66,10.0,ALFA (1° e 2° ano),0,6.875,,8.4587,Topázio,2023,ALFA,1° e 2° ano
RA-885,ALFA,ALFA C - G0/G1,Masculino,2023,Pública,,,,,,,,2.0,Avaliador-11,Avaliador-3,,,9.0,9.8,7.52,8.7,8.5,8.8,,8.665,10.0,ALFA (1° e 2° ano),0,7.5,,8.8252,Topázio,2023,ALFA,1° e 2° ano
RA-886,ALFA,ALFA C - G0/G1,Feminino,2023,Pública,,,,,,,,2.0,Avaliador-11,Avaliador-3,,,8.5,9.4,7.52,8.1,7.6,8.5,,9.0,10.0,ALFA (1° e 2° ano),0,7.5,,8.6422,Topázio,2023,ALFA,1° e 2° ano
RA-887,ALFA,ALFA C - G0/G1,Masculino,2023,Pública,,,,,,,,2.0,Avaliador-11,Avaliador-3,,,8.9,8.9,7.52,8.4,7.8,9.0,,9.09,10.0,ALFA (1° e 2° ano),0,7.5,,8.6718,Topázio,2023,ALFA,1° e 2° ano
RA-888,ALFA,ALFA C - G0/G1,Masculino,2023,Pública,,,,,,,,2.0,Avaliador-11,Avaliador-3,,,9.0,10.0,7.52,8.8,8.2,9.3,,8.83,10.0,ALFA (1° e 2° ano),0,7.5,,8.9182,Topázio,2023,ALFA,1° e 2° ano
RA-889,ALFA,ALFA C - G0/G1,Masculino,2023,Pública,,,,,,,,2.0,Avaliador-11,Avaliador-3,,,8.5,9.5,6.89,9.1,8.7,9.5,,9.0,10.0,ALFA (1° e 2° ano),0,7.5,,8.8092,Topázio,2023,ALFA,1° e 2° ano
RA-890,ALFA,ALFA C - G0/G1,Masculino,2023,Pública,,,,,,,,2.0,Avaliador-11,Avaliador-3,,,0.0,9.1,2.52,8.3,8.0,8.6,,8.16,10.0,ALFA (1° e 2° ano),0,6.25,,6.989,Ágata,2023,ALFA,1° e 2° ano
RA-891,ALFA,ALFA C - G0/G1,Feminino,2023,Pública,,,,,,,,2.0,Avaliador-11,Avaliador-3,,,9.5,9.5,6.89,7.5,6.2,8.8,,7.995,5.0,Fase 1 (3° e 4° ano),-1,7.5,,7.8882,Ametista,2023,Fase 1,3° e 4° ano
RA-684,ALFA,ALFA D - G2/G3,Masculino,2022,Privada,,,Topázio,8.26,,,,2.0,Avaliador-13,Avaliador-3,,,9.0,8.1,7.52,6.5,8.3,4.7,,5.84,10.0,ALFA (1° e 2° ano),0,6.875,,7.4277,Ametista,2023,ALFA,1° e 2° ano
RA-892,ALFA,ALFA D - G2/G3,Masculino,2023,Pública,,,,,,,,2.0,Avaliador-13,Avaliador-3,,,8.0,9.6,6.89,8.3,8.5,8.0,,10.01,10.0,ALFA (1° e 2° ano),0,7.5,,8.8112,Topázio,2023,ALFA,1° e 2° ano
RA-857,ALFA,ALFA D - G2/G3,Feminino,2022,Pública,,,Topázio,8.154,,,,2.0,Avaliador-13,Avaliador-3,,,8.5,9.0,7.52,8.5,8.7,8.2,,9.01,5.0,Fase 1 (3° e 4° ano),-1,7.5,,8.1442,Topázio,2023,Fase 1,3° e 4° ano
RA-893,ALFA,ALFA D - G2/G3,Masculino,2023,Pública,,,,,,,,2.0,Avaliador-13,Avaliador-3,,,9.5,10.0,7.52,9.3,9.5,9.0,,10.01,5.0,Fase 1 (3° e 4° ano),-1,7.5,,8.8042,Topázio,2023,Fase 1,3° e 4° ano
RA-894,ALFA,ALFA D - G2/G3,Feminino,2023,Pública,,,,,,,,2.0,Avaliador-13,Avaliador-3,,,9.5,9.9,7.52,9.4,9.3,9.5,,10.01,5.0,Fase 1 (3° e 4° ano),-1,7.5,,8.8142,Topázio,2023,Fase 1,3° e 4° ano
RA-690,ALFA,ALFA D - G2/G3,Feminino,2022,Pública,,,Ametista,7.541,,,,2.0,Avaliador-13,Avaliador-3,,,9.0,9.8,6.89,9.1,9.3,8.8,,10.01,5.0,Fase 2 (5° e 6° ano),-2,7.5,,8.6112,Topázio,2023,Fase 2,5° e 6° ano
RA-895,ALFA,ALFA D - G2/G3,Feminino,2023,Pública,,,,,,,,2.0,Avaliador-13,Avaliador-3,,,9.5,9.5,7.52,6.8,6.8,6.7,,9.5,10.0,ALFA (1° e 2° ano),0,6.875,,8.5397,Topázio,2023,ALFA,1° e 2° ano
RA-896,ALFA,ALFA D - G2/G3,Masculino,2023,Pública,,,,,,,,2.0,Avaliador-13,Avaliador-3,,,9.5,10.0,6.89,8.5,9.0,8.0,,10.01,10.0,ALFA (1° e 2° ano),0,7.5,,9.0912,Topázio,2023,ALFA,1° e 2° ano
RA-693,ALFA,ALFA D - G2/G3,Feminino,2022,Pública,,,Ametista,7.944,,,,2.0,Avaliador-13,Avaliador-3,,,10.0,9.4,6.89,8.5,8.2,8.7,,10.01,10.0,ALFA (1° e 2° ano),0,7.5,,9.0112,Topázio,2023,ALFA,1° e 2° ano
RA-675,ALFA,ALFA D - G2/G3,Masculino,2022,Pública,,,Ametista,7.576,,,,2.0,Avaliador-13,Avaliador-3,,,10.0,8.0,7.52,8.3,8.5,8.0,,8.34,10.0,ALFA (1° e 2° ano),0,6.875,,8.3577,Topázio,2023,ALFA,1° e 2° ano
RA-850,ALFA,ALFA D - G2/G3,Masculino,2022,Pública,,,Ametista,7.641,,,,2.0,Avaliador-13,Avaliador-3,,,0.0,7.9,6.26,7.3,6.8,7.7,,6.265,5.0,Fase 1 (3° e 4° ano),-1,6.5625,,6.06525,Quartzo,2023,Fase 1,3° e 4° ano
RA-897,ALFA,ALFA D - G2/G3,Masculino,2023,Pública,,,,,,,,2.0,Avaliador-13,Avaliador-3,,,0.0,8.1,7.52,6.5,7.2,5.7,,3.32,5.0,Fase 1 (3° e 4° ano),-1,6.5625,,5.48225,Quartzo,2023,Fase 1,3° e 4° ano
RA-842,ALFA,ALFA E - G2/G3,Feminino,2022,Pública,,,Ametista,7.952,,,,2.0,Avaliador-13,Avaliador-3,,,9.0,8.5,3.77,7.9,8.2,7.5,,8.01,5.0,Fase 1 (3° e 4° ano),-1,5.625,,7.2117,Ametista,2023,Fase 1,3° e 4° ano
RA-898,ALFA,ALFA E - G2/G3,Masculino,2023,Pública,,,,,,,,2.0,Avaliador-13,Avaliador-3,,,9.0,9.8,3.77,9.4,9.7,9.0,,10.01,5.0,Fase 1 (3° e 4° ano),-1,8.125,,8.4217,Topázio,2023,Fase 1,3° e 4° ano
RA-899,ALFA,ALFA E - G2/G3,Masculino,2023,Pública,,,,,,,,2.0,Avaliador-13,Avaliador-3,,,10.0,9.8,3.77,9.5,9.3,9.6,,9.34,10.0,ALFA (1° e 2° ano),0,7.5,,8.8452,Topázio,2023,ALFA,1° e 2° ano
RA-900,ALFA,ALFA E - G2/G3,Feminino,2023,Pública,,,,,,,,2.0,Avaliador-13,Avaliador-3,,,9.0,9.8,9.38,7.8,8.0,7.5,,8.67,10.0,ALFA (1° e 2° ano),0,8.125,,8.8947,Topázio,2023,ALFA,1° e 2° ano
RA-846,ALFA,ALFA E - G2/G3,Feminino,2022,Pública,,,Ametista,7.412,,,,2.0,Avaliador-13,Avaliador-3,,,9.5,8.2,3.77,6.0,6.3,5.7,,8.67,10.0,ALFA (1° e 2° ano),0,5.625,,7.4637,Ametista,2023,ALFA,1° e 2° ano
RA-901,ALFA,ALFA E - G2/G3,Masculino,2023,Pública,,,,,,,,2.0,Avaliador-13,Avaliador-3,,,8.5,8.7,3.77,7.5,7.7,7.3,,8.595,5.0,Fase 2 (5° e 6° ano),-2,6.25,,7.3112,Ametista,2023,Fase 2,5° e 6° ano
RA-743,ALFA,ALFA E - G2/G3,Feminino,2022,Pública,,,Ágata,6.672,,,,2.0,Avaliador-13,Avaliador-3,,,0.0,9.1,3.77,7.1,7.3,6.8,,9.01,5.0,Fase 2 (5° e 6° ano),-2,7.5,,6.659,Ágata,2023,Fase 2,5° e 6° ano
RA-681,ALFA,ALFA E - G2/G3,Masculino,2022,Pública,,,Ametista,7.204,,,,2.0,Avaliador-13,Avaliador-3,,,0.0,7.8,3.77,8.3,8.8,7.8,,8.18,5.0,Fase 2 (5° e 6° ano),-2,5.625,,6.2955,Ágata,2023,Fase 2,5° e 6° ano
RA-902,ALFA,ALFA E - G2/G3,Masculino,2023,Pública,,,,,,,,2.0,Avaliador-13,Avaliador-3,,,10.0,9.3,2.52,3.9,4.5,3.3,,6.5,2.5,Fase 3 (7° e 8° ano),-3,5.3125,,5.97345,Quartzo,2023,Fase 3,7° e 8° ano
RA-903,ALFA,ALFA E - G2/G3,Feminino,2023,Pública,,,,,,,,2.0,Avaliador-13,Avaliador-3,,,10.0,9.6,5.02,7.8,7.7,7.8,,9.01,10.0,ALFA (1° e 2° ano),0,7.5,,8.5242,Topázio,2023,ALFA,1° e 2° ano
RA-851,ALFA,ALFA E - G2/G3,Masculino,2022,Pública,,,Ametista,7.515,,,,2.0,Avaliador-13,Avaliador-3,,,8.4,7.5,2.52,6.6,6.8,6.3,,6.01,5.0,Fase 1 (3° e 4° ano),-1,5.625,,6.1683,Ágata,2023,Fase 1,3° e 4° ano
RA-847,ALFA,ALFA E - G2/G3,Masculino,2022,Pública,,,Ágata,6.839,,,,2.0,Avaliador-13,Avaliador-3,,,7.9,9.1,2.52,7.6,7.5,7.6,,5.84,5.0,Fase 2 (5° e 6° ano),-2,5.0,,6.5418,Ágata,2023,Fase 2,5° e 6° ano
RA-904,ALFA,ALFA F - G0/G1,Feminino,2023,Pública,,,,,,,,2.0,Avaliador-11,Avaliador-2,,,9.0,9.3,7.52,6.4,6.0,6.8,,7.836666667,10.0,ALFA (1° e 2° ano),0,7.8125,,8.140783333,Topázio,2023,ALFA,1° e 2° ano
RA-858,ALFA,ALFA F - G0/G1,Masculino,2022,Pública,,,Ametista,7.523,,,,2.0,Avaliador-11,Avaliador-2,,,0.0,8.1,3.77,9.3,9.3,9.2,,7.946666667,10.0,ALFA (1° e 2° ano),0,8.125,,7.248833333,Ametista,2023,ALFA,1° e 2° ano
RA-905,ALFA,ALFA F - G0/G1,Masculino,2023,Pública,,,,,,,,2.0,Avaliador-11,Avaliador-2,,,9.5,9.4,7.52,8.3,7.5,9.0,,7.056666667,5.0,Fase 1 (3° e 4° ano),-1,6.875,,7.831033333,Ametista,2023,Fase 1,3° e 4° ano
RA-702,ALFA,ALFA F - G0/G1,Feminino,2022,Pública,,,Ametista,7.387,,,,2.0,Avaliador-11,Avaliador-2,,,10.0,10.0,5.63,9.3,9.3,9.3,,7.833333333,5.0,Fase 1 (3° e 4° ano),-1,7.5,,8.239866667,Topázio,2023,Fase 1,3° e 4° ano
RA-725,ALFA,ALFA F - G0/G1,Masculino,2022,Pública,,,Ágata,6.33,,,,2.0,Avaliador-11,Avaliador-2,,,9.5,9.0,7.52,8.4,8.1,8.7,,8.113333333,5.0,Fase 1 (3° e 4° ano),-1,8.125,,8.117366667,Topázio,2023,Fase 1,3° e 4° ano
RA-906,ALFA,ALFA F - G0/G1,Masculino,2023,Pública,,,,,,,,2.0,Avaliador-11,Avaliador-2,,,7.5,9.2,7.52,8.6,7.7,9.4,,6.95,10.0,ALFA (1° e 2° ano),0,7.5,,8.1922,Topázio,2023,ALFA,1° e 2° ano
RA-907,ALFA,ALFA F - G0/G1,Feminino,2023,Privada,,,,,,,,2.0,Avaliador-11,Avaliador-2,,,9.5,9.6,7.52,9.3,9.2,9.4,,8.336666667,10.0,ALFA (1° e 2° ano),0,8.125,,8.962033333,Topázio,2023,ALFA,1° e 2° ano
RA-908,ALFA,ALFA F - G0/G1,Feminino,2023,Pública,,,,,,,,2.0,Avaliador-11,Avaliador-2,,,9.0,9.0,7.52,7.9,6.7,9.0,,8.223333333,10.0,ALFA (1° e 2° ano),0,8.125,,8.479366667,Topázio,2023,ALFA,1° e 2° ano
RA-909,ALFA,ALFA F - G0/G1,Feminino,2023,Pública,,,,,,,,2.0,Avaliador-11,Avaliador-2,,,10.0,9.9,7.52,9.2,9.1,9.2,,8.056666667,5.0,Fase 2 (5° e 6° ano),-2,8.125,,8.486033333,Topázio,2023,Fase 2,5° e 6° ano
RA-708,ALFA,ALFA F - G0/G1,Masculino,2022,Pública,,Topázio,Ametista,7.282,,,,2.0,Avaliador-11,Avaliador-2,,,0.0,9.8,7.52,9.2,8.8,9.5,,8.28,5.0,Fase 1 (3° e 4° ano),-1,8.125,,7.5105,Ametista,2023,Fase 1,3° e 4° ano
RA-910,ALFA,ALFA F - G0/G1,Masculino,2023,Pública,,,,,,,,2.0,Avaliador-11,Avaliador-2,,,0.0,8.8,7.52,8.9,8.8,9.0,,8.17,10.0,ALFA (1° e 2° ano),0,8.75,,7.801,Ametista,2023,ALFA,1° e 2° ano
RA-671,ALFA,ALFA G - G2/G3,Masculino,2021,Pública,,Ametista,Ametista,7.617,,,,2.0,Avaliador-13,Avaliador-3,,,7.9,8.3,3.14,7.8,8.0,7.5,,5.68,5.0,Fase 2 (5° e 6° ano),-2,5.625,,6.5143,Ágata,2023,Fase 2,5° e 6° ano
RA-836,ALFA,ALFA G - G2/G3,Masculino,2022,Pública,,,Ametista,7.665,,,,2.0,Avaliador-13,Avaliador-3,,,9.5,9.6,6.27,6.7,6.7,6.7,,8.085,5.0,Fase 2 (5° e 6° ano),-2,6.875,,7.6417,Ametista,2023,Fase 2,5° e 6° ano
RA-911,ALFA,ALFA G - G2/G3,Masculino,2023,Pública,,,,,,,,2.0,Avaliador-13,Avaliador-3,,,9.0,6.7,2.52,3.4,3.7,3.0,,7.01,5.0,Fase 2 (5° e 6° ano),-2,5.3125,,5.59545,Quartzo,2023,Fase 2,5° e 6° ano
RA-860,ALFA,ALFA G - G2/G3,Masculino,2022,Pública,,,Topázio,8.136,,,,2.0,Avaliador-13,Avaliador-3,,,7.0,9.8,6.89,7.4,7.2,7.5,,8.34,10.0,ALFA (1° e 2° ano),0,7.5,,8.2372,Topázio,2023,ALFA,1° e 2° ano
RA-727,ALFA,ALFA G - G2/G3,Masculino,2022,Pública,,,Ametista,7.736,,,,2.0,Avaliador-13,Avaliador-3,,,9.5,8.8,2.52,8.0,8.3,7.7,,9.34,5.0,Fase 1 (3° e 4° ano),-1,7.5,,7.6802,Ametista,2023,Fase 1,3° e 4° ano
RA-739,ALFA,ALFA G - G2/G3,Masculino,2022,Pública,,,Ágata,6.82,,,,2.0,Avaliador-13,Avaliador-3,,,9.0,8.3,7.52,7.6,7.3,7.8,,8.25,5.0,Fase 1 (3° e 4° ano),-1,6.25,,7.5972,Ametista,2023,Fase 1,3° e 4° ano
RA-740,ALFA,ALFA G - G2/G3,Feminino,2022,Privada,,,Ametista,7.218,,,,2.0,Avaliador-13,Avaliador-3,,,0.0,8.7,7.52,9.1,9.0,9.2,,8.925,5.0,Fase 2 (5° e 6° ano),-2,6.875,,7.2845,Ametista,2023,Fase 2,5° e 6° ano
RA-912,ALFA,ALFA G - G2/G3,Feminino,2023,Pública,,,,,,,,2.0,Avaliador-13,Avaliador-3,,,7.0,9.4,7.52,6.3,6.2,6.3,,7.175,5.0,Fase 1 (3° e 4° ano),-1,5.625,,7.0797,Ametista,2023,Fase 1,3° e 4° ano
RA-706,ALFA,ALFA G - G2/G3,Feminino,2021,Pública,,Ágata,Ametista,7.659,,,,2.0,Avaliador-13,Avaliador-3,,,9.0,7.8,4.39,7.3,6.7,7.8,,8.08,5.0,Fase 2 (5° e 6° ano),-2,6.875,,7.1527,Ametista,2023,Fase 2,5° e 6° ano
RA-840,ALFA,ALFA G - G2/G3,Masculino,2022,Pública,,,Ametista,7.875,,,,2.0,Avaliador-13,Avaliador-3,,,9.5,9.0,4.38,8.2,8.3,8.0,,8.59,5.0,Fase 1 (3° e 4° ano),-1,7.5,,7.7862,Ametista,2023,Fase 1,3° e 4° ano
RA-841,ALFA,ALFA G - G2/G3,Masculino,2022,Pública,,,Ametista,7.3,,,,2.0,Avaliador-13,Avaliador-3,,,0.0,7.2,7.52,6.9,6.7,7.0,,9.84,5.0,Fase 2 (5° e 6° ano),-2,7.5,,6.78,Ágata,2023,Fase 2,5° e 6° ano
RA-709,ALFA,ALFA G - G2/G3,Feminino,2022,Pública,,,Quartzo,5.313,,,,2.0,Avaliador-13,Avaliador-3,,,10.0,7.9,7.52,4.9,5.5,4.3,,6.59,5.0,Fase 2 (5° e 6° ano),-2,5.625,,6.6927,Ágata,2023,Fase 2,5° e 6° ano
RA-913,ALFA,ALFA H - G0/G1,Feminino,2023,Pública,,,,,,,,2.0,Avaliador-11,Avaliador-3,,,8.0,8.5,6.89,7.9,9.5,6.3,,9.245,5.0,Fase 2 (5° e 6° ano),-2,6.25,,7.7432,Ametista,2023,Fase 2,5° e 6° ano
RA-726,ALFA,ALFA H - G0/G1,Feminino,2022,Pública,,,Ágata,6.985,,,,2.0,Avaliador-11,Avaliador-3,,,10.0,6.1,7.52,6.0,6.2,5.8,,8.17,10.0,ALFA (1° e 2° ano),0,5.625,,7.3687,Ametista,2023,ALFA,1° e 2° ano
RA-914,ALFA,ALFA H - G0/G1,Feminino,2023,Pública,,,,,,,,2.0,Avaliador-11,Avaliador-3,,,10.0,9.2,7.52,8.7,9.0,8.4,,8.67,10.0,ALFA (1° e 2° ano),0,6.25,,8.6912,Topázio,2023,ALFA,1° e 2° ano
RA-915,ALFA,ALFA H - G0/G1,Feminino,2023,Pública,,,,,,,,2.0,Avaliador-11,Avaliador-3,,,10.0,8.4,7.52,8.4,8.1,8.7,,8.67,10.0,ALFA (1° e 2° ano),0,7.5,,8.5962,Topázio,2023,ALFA,1° e 2° ano
RA-916,ALFA,ALFA H - G0/G1,Feminino,2023,Pública,,,,,,,,2.0,Avaliador-11,Avaliador-3,,,9.5,9.7,2.52,6.6,7.7,5.5,,9.005,5.0,Fase 1 (3° e 4° ano),-1,6.25,,7.3882,Ametista,2023,Fase 1,3° e 4° ano
RA-917,ALFA,ALFA H - G0/G1,Feminino,2023,Pública,,,,,,,,2.0,Avaliador-11,Avaliador-3,,,0.0,7.2,2.52,7.0,5.3,8.7,,6.35,10.0,ALFA (1° e 2° ano),0,6.25,,5.987,Quartzo,2023,ALFA,1° e 2° ano
RA-918,ALFA,ALFA H - G0/G1,Feminino,2023,Pública,,,,,,,,2.0,Avaliador-11,Avaliador-3,,,10.0,8.7,2.52,7.7,7.1,8.3,,7.01,10.0,ALFA (1° e 2° ano),0,5.625,,7.4967,Ametista,2023,ALFA,1° e 2° ano
RA-919,ALFA,ALFA H - G0/G1,Masculino,2023,Pública,,,,,,,,2.0,Avaliador-11,Avaliador-3,,,0.0,8.4,7.52,5.3,5.5,5.0,,8.09,5.0,Fase 1 (3° e 4° ano),-1,6.25,,6.225,Ágata,2023,Fase 1,3° e 4° ano
RA-920,ALFA,ALFA H - G0/G1,Feminino,2023,Pública,,,,,,,,2.0,Avaliador-11,Avaliador-3,,,9.0,6.3,7.52,6.1,6.0,6.2,,6.35,10.0,ALFA (1° e 2° ano),0,5.625,,6.9647,Ágata,2023,ALFA,1° e 2° ano
RA-921,ALFA,ALFA I - G2/G3,Feminino,2023,Pública,,,,,,,,2.0,Avaliador-13,Avaliador-3,,,9.0,9.7,7.52,6.3,6.5,6.0,,6.68,10.0,ALFA (1° e 2° ano),0,5.625,,7.7407,Ametista,2023,ALFA,1° e 2° ano
RA-922,ALFA,ALFA I - G2/G3,Feminino,2023,Pública,,,,,,,,2.0,Avaliador-13,Avaliador-3,,,8.5,9.7,3.14,8.4,8.5,8.2,,10.01,10.0,ALFA (1° e 2° ano),0,7.5,,8.5262,Topázio,2023,ALFA,1° e 2° ano
RA-715,ALFA,ALFA I - G2/G3,Feminino,2022,Pública,,,Ágata,6.656,,,,2.0,Avaliador-13,Avaliador-3,,,0.0,9.5,3.14,5.4,4.5,6.3,,7.675,5.0,Fase 2 (5° e 6° ano),-2,5.625,,5.8915,Quartzo,2023,Fase 2,5° e 6° ano
RA-822,ALFA,ALFA I - G2/G3,Masculino,2022,Pública,,,Ágata,6.922,,,,2.0,Avaliador-13,Avaliador-3,,,8.5,8.4,2.52,7.1,8.0,6.2,,5.925,5.0,Fase 2 (5° e 6° ano),-2,5.625,,6.4497,Ágata,2023,Fase 2,5° e 6° ano
RA-923,ALFA,ALFA I - G2/G3,Feminino,2023,Pública,,,,,,,,2.0,Avaliador-13,Avaliador-3,,,9.5,9.9,7.52,7.3,7.5,7.0,,10.01,10.0,ALFA (1° e 2° ano),0,7.5,,8.8842,Topázio,2023,ALFA,1° e 2° ano
RA-742,ALFA,ALFA I - G2/G3,Feminino,2022,Pública,,,Ametista,7.097,,,,2.0,Avaliador-13,Avaliador-3,,,0.0,7.6,7.52,7.5,6.2,8.8,,10.01,5.0,Fase 2 (5° e 6° ano),-2,7.5,,7.024,Ametista,2023,Fase 2,5° e 6° ano
RA-924,ALFA,ALFA I - G2/G3,Masculino,2023,Pública,,,,,,,,2.0,Avaliador-13,Avaliador-3,,,9.0,5.6,7.52,5.0,5.0,5.0,,5.93,10.0,ALFA (1° e 2° ano),0,5.625,,6.5207,Ágata,2023,ALFA,1° e 2° ano
RA-925,ALFA,ALFA I - G2/G3,Masculino,2023,Pública,,,,,,,,2.0,Avaliador-13,Avaliador-3,,,9.0,8.9,7.52,5.4,5.2,5.5,,5.595,10.0,ALFA (1° e 2° ano),0,5.625,,7.1837,Ametista,2023,ALFA,1° e 2° ano
RA-853,ALFA,ALFA J - G2/G3,Feminino,2022,Pública,,,Topázio,8.616,,,,2.0,Avaliador-13,Avaliador-3,,,10.0,9.5,3.77,7.4,7.2,7.5,,9.84,5.0,Fase 1 (3° e 4° ano),-1,6.25,,7.8402,Ametista,2023,Fase 1,3° e 4° ano
RA-854,ALFA,ALFA J - G2/G3,Feminino,2022,Pública,,,Topázio,8.098,,,,2.0,Avaliador-13,Avaliador-3,,,0.0,9.5,3.77,6.0,7.5,4.5,,8.01,10.0,ALFA (1° e 2° ano),0,5.625,,6.6415,Ágata,2023,ALFA,1° e 2° ano
RA-700,ALFA,ALFA J - G2/G3,Feminino,2022,Pública,,,Ametista,7.738,,,,2.0,Avaliador-13,Avaliador-3,,,9.5,9.7,7.52,7.8,7.5,8.0,,9.84,5.0,Fase 1 (3° e 4° ano),-1,6.25,,8.2852,Topázio,2023,Fase 1,3° e 4° ano
RA-701,ALFA,ALFA J - G2/G3,Masculino,2021,Pública,,Ametista,Ametista,7.755,,,,2.0,Avaliador-13,Avaliador-3,,,9.5,9.9,3.77,7.2,7.3,7.0,,7.68,5.0,Fase 2 (5° e 6° ano),-2,6.25,,7.3982,Ametista,2023,Fase 2,5° e 6° ano
RA-856,ALFA,ALFA J - G2/G3,Masculino,2022,Pública,,,Topázio,8.398,,,,2.0,Avaliador-13,Avaliador-3,,,0.0,9.6,7.52,7.3,7.5,7.0,,8.255,10.0,ALFA (1° e 2° ano),0,5.625,,7.3355,Ametista,2023,ALFA,1° e 2° ano
RA-672,ALFA,ALFA J - G2/G3,Feminino,2021,Pública,,Ametista,Ametista,7.48,,,,2.0,Avaliador-13,Avaliador-3,,,7.9,9.5,2.52,6.4,6.0,6.7,,6.43,5.0,Fase 2 (5° e 6° ano),-2,5.625,,6.5623,Ágata,2023,Fase 2,5° e 6° ano
RA-859,ALFA,ALFA J - G2/G3,Feminino,2022,Pública,,,Topázio,8.325,,,,2.0,Avaliador-13,Avaliador-3,,,8.0,9.2,7.52,7.3,6.8,7.8,,10.01,10.0,ALFA (1° e 2° ano),0,7.5,,8.6042,Topázio,2023,ALFA,1° e 2° ano
RA-704,ALFA,ALFA J - G2/G3,Masculino,2022,Pública,,,Ágata,6.741,,,,2.0,Avaliador-13,Avaliador-3,,,10.0,9.9,3.14,6.1,6.5,5.7,,6.265,5.0,Fase 2 (5° e 6° ano),-2,5.625,,6.8297,Ágata,2023,Fase 2,5° e 6° ano
RA-741,ALFA,ALFA J - G2/G3,Feminino,2022,Pública,,,Ágata,6.896,,,,2.0,Avaliador-13,Avaliador-3,,,9.5,6.9,4.39,5.1,4.2,6.0,,7.095,5.0,Fase 2 (5° e 6° ano),-2,5.625,,6.2707,Ágata,2023,Fase 2,5° e 6° ano
RA-719,ALFA,ALFA J - G2/G3,Masculino,2021,Pública,,Quartzo,Quartzo,5.552,,,,2.0,Avaliador-13,Avaliador-3,,,9.5,5.3,7.52,5.9,7.0,4.7,,7.095,5.0,Fase 2 (5° e 6° ano),-2,5.625,,6.4137,Ágata,2023,Fase 2,5° e 6° ano
RA-926,ALFA,ALFA J - G2/G3,Feminino,2023,Pública,,,,,,,,2.0,Avaliador-13,Avaliador-3,,,9.0,10.0,3.77,6.8,6.5,7.0,,9.51,5.0,Fase 1 (3° e 4° ano),-1,7.5,,7.7792,Ametista,2023,Fase 1,3° e 4° ano
RA-927,ALFA,ALFA J - G2/G3,Feminino,2023,Pública,,,,,,,,2.0,Avaliador-13,Avaliador-3,,,9.0,9.7,3.77,6.4,7.0,5.8,,9.255,5.0,Fase 1 (3° e 4° ano),-1,7.5,,7.5982,Ametista,2023,Fase 1,3° e 4° ano
RA-928,ALFA,ALFA K - G0/G1,Feminino,2023,Pública,,,,,,,,2.0,Avaliador-11,Avaliador-3,,,8.5,10.0,7.52,9.8,9.8,9.8,,9.67,10.0,ALFA (1° e 2° ano),0,8.75,,9.3712,Topázio,2023,ALFA,1° e 2° ano
RA-929,ALFA,ALFA K - G0/G1,Feminino,2023,Pública,,,,,,,,2.0,Avaliador-11,Avaliador-3,,,8.5,9.8,7.52,8.8,8.7,8.9,,9.67,10.0,ALFA (1° e 2° ano),0,8.75,,9.1312,Topázio,2023,ALFA,1° e 2° ano
RA-930,ALFA,ALFA K - G0/G1,Masculino,2023,Pública,,,,,,,,2.0,Avaliador-11,Avaliador-3,,,9.0,8.8,7.52,9.0,8.7,9.3,,9.0,10.0,ALFA (1° e 2° ano),0,8.75,,8.8872,Topázio,2023,ALFA,1° e 2° ano
RA-931,ALFA,ALFA K - G0/G1,Masculino,2023,Pública,,,,,,,,2.0,Avaliador-11,Avaliador-3,,,8.5,8.2,2.52,7.8,7.0,8.5,,7.6,10.0,ALFA (1° e 2° ano),0,5.625,,7.3747,Ametista,2023,ALFA,1° e 2° ano
RA-932,ALFA,ALFA K - G0/G1,Feminino,2023,Pública,,,,,,,,2.0,Avaliador-11,Avaliador-3,,,9.5,7.9,7.52,7.5,6.5,8.4,,9.0,10.0,ALFA (1° e 2° ano),0,8.125,,8.3847,Topázio,2023,ALFA,1° e 2° ano
RA-933,ALFA,ALFA K - G0/G1,Feminino,2023,Pública,,,,,,,,2.0,Avaliador-11,Avaliador-3,,,9.0,8.4,7.52,7.7,8.0,7.3,,9.67,10.0,ALFA (1° e 2° ano),0,8.75,,8.6712,Topázio,2023,ALFA,1° e 2° ano
RA-934,ALFA,ALFA K - G0/G1,Feminino,2023,Pública,,,,,,,,2.0,Avaliador-11,Avaliador-3,,,9.0,9.6,7.52,8.7,8.3,9.0,,9.67,10.0,ALFA (1° e 2° ano),0,9.375,,9.1737,Topázio,2023,ALFA,1° e 2° ano
RA-935,ALFA,ALFA K - G0/G1,Masculino,2023,Pública,,,,,,,,2.0,Avaliador-11,Avaliador-3,,,0.0,9.8,7.52,9.4,9.2,9.5,,9.67,5.0,Fase 1 (3° e 4° ano),-1,9.375,,7.9535,Ametista,2023,Fase 1,3° e 4° ano
RA-936,ALFA,ALFA K - G0/G1,Feminino,2023,Pública,,,,,,,,2.0,Avaliador-11,Avaliador-3,,,9.0,10.0,7.52,6.5,5.0,8.0,,8.915,10.0,ALFA (1° e 2° ano),0,8.125,,8.5477,Topázio,2023,ALFA,1° e 2° ano
RA-937,ALFA,ALFA K - G0/G1,Feminino,2023,Pública,,,,,,,,2.0,Avaliador-11,Avaliador-3,,,9.5,9.6,7.52,9.2,9.0,9.3,,9.67,10.0,ALFA (1° e 2° ano),0,9.375,,9.3237,Topázio,2023,ALFA,1° e 2° ano
RA-756,ALFA,ALFA K - G0/G1,Masculino,2022,Pública,,,Ágata,6.976,,,,2.0,Avaliador-11,Avaliador-3,,,10.0,8.7,7.52,6.1,5.4,6.8,,6.59,5.0,Fase 2 (5° e 6° ano),-2,5.625,,7.0927,Ametista,2023,Fase 2,5° e 6° ano
RA-938,ALFA,ALFA K - G0/G1,Masculino,2023,Pública,,,,,,,,2.0,Avaliador-11,Avaliador-3,,,8.5,8.4,7.52,4.2,0.0,8.3,,7.5,5.0,Fase 1 (3° e 4° ano),-1,6.25,,6.7372,Ágata,2023,Fase 1,3° e 4° ano
RA-939,ALFA,ALFA L - G2/G3,Feminino,2023,Pública,,,,,,,,2.0,Avaliador-13,Avaliador-3,,,9.0,10.0,7.52,5.4,5.0,5.7,,10.01,5.0,Fase 2 (5° e 6° ano),-2,7.5,,7.9742,Ametista,2023,Fase 2,5° e 6° ano
RA-789,ALFA,ALFA L - G2/G3,Feminino,2022,Pública,,,Ametista,7.405,,,,2.0,Avaliador-13,Avaliador-3,,,0.0,9.5,7.52,7.9,8.5,7.2,,10.01,10.0,ALFA (1° e 2° ano),0,7.5,,7.974,Ametista,2023,ALFA,1° e 2° ano
RA-792,ALFA,ALFA L - G2/G3,Feminino,2022,Pública,,,Ágata,7.025,,,,2.0,Avaliador-13,Avaliador-3,,,9.0,7.7,7.52,7.2,6.8,7.5,,9.085,5.0,Fase 2 (5° e 6° ano),-2,6.875,,7.6267,Ametista,2023,Fase 2,5° e 6° ano
RA-940,ALFA,ALFA L - G2/G3,Masculino,2023,Pública,,,,,,,,2.0,Avaliador-13,Avaliador-3,,,9.0,8.4,2.52,6.3,6.8,5.7,,7.02,5.0,Fase 2 (5° e 6° ano),-2,6.25,,6.6112,Ágata,2023,Fase 2,5° e 6° ano
RA-941,ALFA,ALFA L - G2/G3,Feminino,2023,Pública,,,,,,,,2.0,Avaliador-13,Avaliador-3,,,8.0,10.0,7.52,5.0,5.0,5.0,,8.175,10.0,ALFA (1° e 2° ano),0,5.0,,7.6872,Ametista,2023,ALFA,1° e 2° ano
RA-942,ALFA,ALFA L - G2/G3,Feminino,2023,Pública,,,,,,,,2.0,Avaliador-13,Avaliador-3,,,9.5,8.9,2.52,7.1,7.3,6.8,,7.0,5.0,Fase 2 (5° e 6° ano),-2,5.625,,6.8547,Ágata,2023,Fase 2,5° e 6° ano
RA-943,ALFA,ALFA L - G2/G3,Feminino,2023,Pública,,,,,,,,2.0,Avaliador-13,Avaliador-3,,,9.5,9.4,7.52,8.0,8.0,8.0,,9.925,10.0,ALFA (1° e 2° ano),0,7.5,,8.9172,Topázio,2023,ALFA,1° e 2° ano
RA-782,ALFA,ALFA L - G2/G3,Masculino,2022,Pública,,,Ametista,7.485,,,,2.0,Avaliador-13,Avaliador-3,,,8.5,9.8,2.52,7.5,8.3,6.7,,9.345,5.0,Fase 1 (3° e 4° ano),-1,7.5,,7.6812,Ametista,2023,Fase 1,3° e 4° ano
RA-768,ALFA,ALFA L - G2/G3,Feminino,2021,Pública,,Ametista,Ametista,7.646,,,,2.0,Avaliador-13,Avaliador-3,,,10.0,9.1,7.52,7.9,8.0,7.8,,10.01,5.0,Fase 2 (5° e 6° ano),-2,7.5,,8.4042,Topázio,2023,Fase 2,5° e 6° ano
RA-794,ALFA,ALFA L - G2/G3,Feminino,2022,Pública,,,Ametista,7.335,,,,2.0,Avaliador-13,Avaliador-3,,,9.0,9.2,7.52,6.2,5.2,7.2,,10.01,5.0,Fase 1 (3° e 4° ano),-1,7.5,,7.9842,Ametista,2023,Fase 1,3° e 4° ano
RA-795,ALFA,ALFA L - G2/G3,Feminino,2022,Pública,,,Topázio,8.064,,,,2.0,Avaliador-13,Avaliador-3,,,9.0,9.6,7.52,8.2,8.7,7.7,,10.01,5.0,Fase 1 (3° e 4° ano),-1,7.5,,8.4642,Topázio,2023,Fase 1,3° e 4° ano
RA-944,ALFA,ALFA M - G0/G1,Feminino,2023,Pública,,,,,,,,2.0,Avaliador-11,Avaliador-3,,,9.0,7.6,7.52,7.5,9.2,5.8,,6.67,5.0,Fase 1 (3° e 4° ano),-1,5.625,,7.0687,Ametista,2023,Fase 1,3° e 4° ano
RA-945,ALFA,ALFA M - G0/G1,Masculino,2023,Pública,,,,,,,,2.0,Avaliador-11,Avaliador-3,,,8.5,9.2,7.52,7.9,8.0,7.8,,6.84,10.0,ALFA (1° e 2° ano),0,6.875,,8.0777,Topázio,2023,ALFA,1° e 2° ano
RA-946,ALFA,ALFA M - G0/G1,Masculino,2023,Pública,,,,,,,,2.0,Avaliador-11,Avaliador-3,,,9.5,9.4,7.52,9.3,9.0,9.5,,7.0,10.0,ALFA (1° e 2° ano),0,7.5,,8.5822,Topázio,2023,ALFA,1° e 2° ano
RA-754,ALFA,ALFA M - G0/G1,Masculino,2022,Pública,,,Ágata,6.602,,,,2.0,Avaliador-11,Avaliador-3,,,9.5,6.1,2.52,5.6,5.7,5.4,,6.67,5.0,Fase 2 (5° e 6° ano),-2,6.875,,6.0537,Quartzo,2023,Fase 2,5° e 6° ano
RA-947,ALFA,ALFA M - G0/G1,Masculino,2023,Pública,,,,,,,,2.0,Avaliador-11,Avaliador-3,,,9.0,7.9,7.52,3.3,1.7,4.9,,5.08,10.0,ALFA (1° e 2° ano),0,4.375,,6.3457,Ágata,2023,ALFA,1° e 2° ano
RA-948,ALFA,ALFA M - G0/G1,Feminino,2023,Pública,,,,,,,,2.0,Avaliador-11,Avaliador-3,,,9.0,7.6,7.52,0.0,0.0,0.0,,8.34,10.0,ALFA (1° e 2° ano),0,6.875,,6.5277,Ágata,2023,ALFA,1° e 2° ano
RA-949,ALFA,ALFA M - G0/G1,Feminino,2023,Pública,,,,,,,,2.0,Avaliador-11,Avaliador-3,,,9.5,8.1,7.52,8.9,9.1,8.6,,6.5,10.0,ALFA (1° e 2° ano),0,6.25,,8.0172,Topázio,2023,ALFA,1° e 2° ano
RA-950,ALFA,ALFA M - G0/G1,Feminino,2023,Pública,,,,,,,,2.0,Avaliador-11,Avaliador-3,,,9.0,10.0,7.52,9.3,9.5,9.0,,8.17,10.0,ALFA (1° e 2° ano),0,7.5,,8.8862,Topázio,2023,ALFA,1° e 2° ano
RA-773,ALFA,ALFA M - G0/G1,Feminino,2022,Pública,,,Ágata,6.922,,,,2.0,Avaliador-11,Avaliador-3,,,10.0,7.5,2.52,7.9,8.0,7.8,,7.67,5.0,Fase 1 (3° e 4° ano),-1,5.625,,6.9287,Ágata,2023,Fase 1,3° e 4° ano
RA-951,ALFA,ALFA M - G0/G1,Feminino,2023,Pública,,,,,,,,2.0,Avaliador-11,Avaliador-3,,,9.5,9.7,7.52,8.4,8.5,8.3,,9.09,10.0,ALFA (1° e 2° ano),0,7.5,,8.8902,Topázio,2023,ALFA,1° e 2° ano
RA-769,ALFA,ALFA N - G2/G3,Feminino,2022,Pública,,,Ametista,7.598,,,,2.0,Avaliador-13,Avaliador-2,,,10.0,9.3,3.77,8.0,8.2,7.8,,8.675,5.0,Fase 2 (5° e 6° ano),-2,7.8125,,7.85345,Ametista,2023,Fase 2,5° e 6° ano
RA-952,ALFA,ALFA N - G2/G3,Masculino,2023,Pública,,,,,,,,2.0,Avaliador-13,Avaliador-2,,,9.5,9.2,3.77,9.0,8.8,9.2,,8.425,10.0,ALFA (1° e 2° ano),0,7.1875,,8.37095,Topázio,2023,ALFA,1° e 2° ano
RA-826,ALFA,ALFA N - G2/G3,Masculino,2022,Pública,,,Ametista,7.776,,,,2.0,Avaliador-13,Avaliador-2,,,10.0,10.0,3.77,7.3,7.0,7.5,,8.34,5.0,Fase 1 (3° e 4° ano),-1,7.8125,,7.77645,Ametista,2023,Fase 1,3° e 4° ano
RA-953,ALFA,ALFA N - G2/G3,Feminino,2023,Pública,,,,,,,,2.0,Avaliador-13,Avaliador-2,,,7.4,8.8,3.14,8.3,8.5,8.0,,7.09,10.0,ALFA (1° e 2° ano),0,6.5625,,7.54005,Ametista,2023,ALFA,1° e 2° ano
RA-954,ALFA,ALFA N - G2/G3,Feminino,2023,Pública,,,,,,,,2.0,Avaliador-13,Avaliador-2,,,0.0,8.3,3.14,7.7,7.8,7.5,,8.005,10.0,ALFA (1° e 2° ano),0,7.1875,,6.82375,Ágata,2023,ALFA,1° e 2° ano
RA-780,ALFA,ALFA N - G2/G3,Feminino,2022,Pública,,,Ágata,6.955,,,,2.0,Avaliador-13,Avaliador-2,,,9.5,8.8,3.14,8.3,8.0,8.5,,8.675,5.0,Fase 2 (5° e 6° ano),-2,8.75,,7.7842,Ametista,2023,Fase 2,5° e 6° ano
RA-955,ALFA,ALFA N - G2/G3,Feminino,2023,Pública,,,,,,,,2.0,Avaliador-13,Avaliador-2,,,9.0,8.8,3.14,7.8,8.0,7.5,,7.09,5.0,Fase 2 (5° e 6° ano),-2,6.875,,7.1297,Ametista,2023,Fase 2,5° e 6° ano
RA-831,ALFA,ALFA N - G2/G3,Masculino,2022,Pública,,,Ametista,7.41,,,,2.0,Avaliador-13,Avaliador-2,,,8.0,9.4,3.77,8.3,8.8,7.8,,8.59,5.0,Fase 1 (3° e 4° ano),-1,7.8125,,7.71645,Ametista,2023,Fase 1,3° e 4° ano
RA-783,ALFA,ALFA N - G2/G3,Masculino,2021,Pública,,Ametista,Ágata,6.996,,,,2.0,Avaliador-13,Avaliador-2,,,9.5,6.8,3.77,8.9,9.0,8.7,,7.925,5.0,Fase 1 (3° e 4° ano),-1,7.5,,7.2922,Ametista,2023,Fase 1,3° e 4° ano
RA-774,ALFA,ALFA N - G2/G3,Feminino,2022,Pública,,,Ametista,7.587,,,,2.0,Avaliador-13,Avaliador-2,,,0.0,9.5,3.14,6.9,7.7,6.0,,6.34,5.0,Fase 1 (3° e 4° ano),-1,5.0,,5.852,Quartzo,2023,Fase 1,3° e 4° ano
RA-748,ALFA,ALFA O - G2/G3,Masculino,2022,Pública,,,Topázio,8.084,,,,2.0,Avaliador-13,Avaliador-3,,,9.5,9.7,7.52,9.1,9.0,9.2,,10.01,5.0,Fase 2 (5° e 6° ano),-2,7.5,,8.7142,Topázio,2023,Fase 2,5° e 6° ano
RA-749,ALFA,ALFA O - G2/G3,Masculino,2022,Pública,,,Ametista,7.484,,,,2.0,Avaliador-13,Avaliador-3,,,10.0,9.0,7.52,7.3,7.3,7.3,,8.425,5.0,Fase 1 (3° e 4° ano),-1,5.625,,7.7597,Ametista,2023,Fase 1,3° e 4° ano
RA-956,ALFA,ALFA O - G2/G3,Masculino,2023,Pública,,,,,,,,2.0,Avaliador-13,Avaliador-3,,,8.0,7.5,7.52,7.8,7.8,7.8,,9.345,5.0,Fase 2 (5° e 6° ano),-2,7.5,,7.7312,Ametista,2023,Fase 2,5° e 6° ano
RA-787,ALFA,ALFA O - G2/G3,Masculino,2022,Pública,,,Ametista,7.205,,,,2.0,Avaliador-13,Avaliador-3,,,9.0,9.8,7.52,5.9,6.0,5.8,,8.34,5.0,Fase 1 (3° e 4° ano),-1,5.625,,7.5227,Ametista,2023,Fase 1,3° e 4° ano
RA-957,ALFA,ALFA O - G2/G3,Feminino,2023,Pública,,,,,,,,2.0,Avaliador-13,Avaliador-3,,,10.0,9.3,7.52,9.1,9.0,9.2,,9.925,10.0,ALFA (1° e 2° ano),0,7.5,,9.1672,Topázio,2023,ALFA,1° e 2° ano
RA-753,ALFA,ALFA O - G2/G3,Feminino,2022,Pública,,,Topázio,8.481,,,,2.0,Avaliador-13,Avaliador-3,,,9.0,9.9,7.52,9.0,9.0,9.0,,9.925,5.0,Fase 1 (3° e 4° ano),-1,7.5,,8.6672,Topázio,2023,Fase 1,3° e 4° ano
RA-958,ALFA,ALFA O - G2/G3,Feminino,2023,Pública,,,,,,,,2.0,Avaliador-13,Avaliador-3,,,10.0,9.8,7.52,9.3,9.3,9.3,,9.84,10.0,ALFA (1° e 2° ano),0,7.5,,9.2902,Topázio,2023,ALFA,1° e 2° ano
RA-755,ALFA,ALFA O - G2/G3,Masculino,2022,Pública,,,Topázio,8.566,,,,2.0,Avaliador-13,Avaliador-3,,,10.0,9.5,7.52,9.2,9.2,9.2,,10.01,5.0,Fase 1 (3° e 4° ano),-1,7.5,,8.7442,Topázio,2023,Fase 1,3° e 4° ano
RA-763,ALFA,ALFA O - G2/G3,Feminino,2021,Pública,,Ágata,Ametista,7.402,,,,2.0,Avaliador-13,Avaliador-3,,,0.0,9.2,3.14,7.9,7.8,8.0,,9.0,5.0,Fase 2 (5° e 6° ano),-2,6.875,,6.7215,Ágata,2023,Fase 2,5° e 6° ano
RA-757,ALFA,ALFA O - G2/G3,Feminino,2022,Pública,,,Topázio,8.26,,,,2.0,Avaliador-13,Avaliador-3,,,9.0,9.6,7.52,9.3,9.5,9.0,,10.01,5.0,Fase 2 (5° e 6° ano),-2,7.5,,8.6742,Topázio,2023,Fase 2,5° e 6° ano
RA-959,ALFA,ALFA O - G2/G3,Masculino,2023,Pública,,,,,,,,2.0,Avaliador-13,Avaliador-3,,,10.0,9.6,7.52,7.7,7.7,7.7,,8.84,10.0,ALFA (1° e 2° ano),0,6.875,,8.6677,Topázio,2023,ALFA,1° e 2° ano
RA-960,ALFA,ALFA O - G2/G3,Masculino,2023,Pública,,,,,,,,2.0,Avaliador-13,Avaliador-3,,,8.5,10.0,7.52,6.3,6.5,6.0,,5.85,5.0,Fase 2 (5° e 6° ano),-2,5.625,,7.0847,Ametista,2023,Fase 2,5° e 6° ano
RA-961,ALFA,ALFA O - G2/G3,Masculino,2023,Pública,,,,,,,,2.0,Avaliador-13,Avaliador-3,,,0.0,8.7,2.52,6.2,6.2,6.2,,8.665,5.0,Fase 1 (3° e 4° ano),-1,5.3125,,5.99625,Quartzo,2023,Fase 1,3° e 4° ano
RA-962,ALFA,ALFA Q - G2/G3,Feminino,2023,Pública,,,,,,,,2.0,Avaliador-13,Avaliador-3,,,9.0,9.2,7.52,8.7,9.5,7.8,,10.01,5.0,Fase 1 (3° e 4° ano),-1,7.5,,8.4742,Topázio,2023,Fase 1,3° e 4° ano
RA-805,ALFA,ALFA Q - G2/G3,Masculino,2021,Pública,,Ametista,Topázio,8.279,,,,2.0,Avaliador-13,Avaliador-3,,,0.0,9.1,7.52,6.8,6.8,6.8,,7.175,5.0,Fase 1 (3° e 4° ano),-1,6.25,,6.492,Ágata,2023,Fase 1,3° e 4° ano
RA-806,ALFA,ALFA Q - G2/G3,Masculino,2022,Pública,,,Ametista,7.561,,,,2.0,Avaliador-13,Avaliador-3,,,8.5,8.3,6.27,7.8,7.8,7.7,,7.095,5.0,Fase 1 (3° e 4° ano),-1,6.875,,7.2937,Ametista,2023,Fase 1,3° e 4° ano
RA-807,ALFA,ALFA Q - G2/G3,Masculino,2022,Pública,,,Topázio,8.121,,,,2.0,Avaliador-13,Avaliador-3,,,9.5,9.1,7.52,8.0,8.3,7.7,,8.08,5.0,Fase 1 (3° e 4° ano),-1,6.25,,7.8632,Ametista,2023,Fase 1,3° e 4° ano
RA-963,ALFA,ALFA Q - G2/G3,Feminino,2023,Pública,,,,,,,,2.0,Avaliador-13,Avaliador-3,,,9.5,9.8,7.52,8.5,8.3,8.7,,10.01,5.0,Fase 1 (3° e 4° ano),-1,7.5,,8.6142,Topázio,2023,Fase 1,3° e 4° ano
RA-964,ALFA,ALFA Q - G2/G3,Masculino,2023,Pública,,,,,,,,2.0,Avaliador-13,Avaliador-3,,,8.5,9.4,7.52,7.2,7.3,7.0,,8.5,5.0,Fase 1 (3° e 4° ano),-1,6.875,,7.7997,Ametista,2023,Fase 1,3° e 4° ano
RA-965,ALFA,ALFA Q - G2/G3,Feminino,2023,Pública,,,,,,,,2.0,Avaliador-13,Avaliador-3,,,8.5,8.2,6.27,4.7,5.3,4.0,,7.18,5.0,Fase 1 (3° e 4° ano),-1,5.0,,6.4832,Ágata,2023,Fase 1,3° e 4° ano
RA-966,ALFA,ALFA Q - G2/G3,Masculino,2023,Pública,,,,,,,,2.0,Avaliador-13,Avaliador-3,,,10.0,10.0,7.52,5.0,5.0,5.0,,7.675,5.0,Fase 1 (3° e 4° ano),-1,6.5625,,7.44345,Ametista,2023,Fase 1,3° e 4° ano
RA-967,ALFA,ALFA Q - G2/G3,Masculino,2023,Pública,,,,,,,,2.0,Avaliador-13,Avaliador-3,,,9.5,8.0,7.52,6.5,6.5,6.5,,7.35,5.0,Fase 2 (5° e 6° ano),-2,5.625,,7.1347,Ametista,2023,Fase 2,5° e 6° ano
RA-968,ALFA,ALFA Q - G2/G3,Feminino,2023,Pública,,,,,,,,2.0,Avaliador-13,Avaliador-3,,,9.0,9.7,7.52,8.3,8.0,8.5,,10.01,5.0,Fase 1 (3° e 4° ano),-1,7.5,,8.4942,Topázio,2023,Fase 1,3° e 4° ano
RA-812,ALFA,ALFA Q - G2/G3,Masculino,2022,Pública,,,Ametista,7.497,,,,2.0,Avaliador-13,Avaliador-3,,,9.5,9.1,7.52,5.8,6.3,5.3,,8.33,10.0,ALFA (1° e 2° ano),0,6.875,,8.0357,Topázio,2023,ALFA,1° e 2° ano
RA-969,ALFA,ALFA Q - G2/G3,Masculino,2023,Pública,,,,,,,,2.0,Avaliador-13,Avaliador-3,,,8.5,9.7,7.52,5.5,6.0,5.0,,7.51,10.0,ALFA (1° e 2° ano),0,6.25,,7.7692,Ametista,2023,ALFA,1° e 2° ano
RA-970,ALFA,ALFA R - G0/G1,Feminino,2023,Pública,,,,,,,,2.0,Avaliador-11,Avaliador-3,,,8.5,8.1,7.52,9.4,9.2,9.5,,9.84,10.0,ALFA (1° e 2° ano),0,9.375,,8.9977,Topázio,2023,ALFA,1° e 2° ano
RA-971,ALFA,ALFA R - G0/G1,Masculino,2023,Pública,,,,,,,,2.0,Avaliador-11,Avaliador-3,,,7.8,6.4,3.77,6.9,5.5,8.3,,8.17,10.0,ALFA (1° e 2° ano),0,5.625,,7.0169,Ametista,2023,ALFA,1° e 2° ano
RA-972,ALFA,ALFA R - G0/G1,Masculino,2023,Pública,,,,,,,,2.0,Avaliador-11,Avaliador-3,,,9.0,9.1,3.77,6.0,6.2,5.7,,7.84,10.0,ALFA (1° e 2° ano),0,6.875,,7.5427,Ametista,2023,ALFA,1° e 2° ano
RA-973,ALFA,ALFA R - G0/G1,Masculino,2023,Pública,,,,,,,,2.0,Avaliador-11,Avaliador-3,,,0.0,8.6,3.77,5.2,6.2,4.1,,7.415,5.0,Fase 1 (3° e 4° ano),-1,7.1875,,5.82875,Quartzo,2023,Fase 1,3° e 4° ano
RA-974,ALFA,ALFA R - G0/G1,Masculino,2023,Pública,,,,,,,,2.0,Avaliador-11,Avaliador-3,,,9.0,9.1,3.77,8.8,8.8,8.8,,9.34,10.0,ALFA (1° e 2° ano),0,7.5,,8.4752,Topázio,2023,ALFA,1° e 2° ano
RA-975,ALFA,ALFA R - G0/G1,Feminino,2023,Pública,,,,,,,,2.0,Avaliador-11,Avaliador-3,,,7.9,9.2,7.52,6.5,7.2,5.8,,7.67,10.0,ALFA (1° e 2° ano),0,5.625,,7.7803,Ametista,2023,ALFA,1° e 2° ano
RA-976,ALFA,ALFA R - G0/G1,Masculino,2023,Pública,,,,,,,,2.0,Avaliador-11,Avaliador-3,,,9.5,9.2,6.27,8.6,9.0,8.2,,8.34,10.0,ALFA (1° e 2° ano),0,5.9375,,8.39895,Topázio,2023,ALFA,1° e 2° ano
RA-977,ALFA,ALFA R - G0/G1,Feminino,2023,Pública,,,,,,,,2.0,Avaliador-11,Avaliador-3,,,8.5,7.4,5.02,5.8,5.7,5.9,,8.085,10.0,ALFA (1° e 2° ano),0,5.625,,7.1717,Ametista,2023,ALFA,1° e 2° ano
RA-978,ALFA,ALFA R - G0/G1,Feminino,2023,Pública,,,,,,,,2.0,Avaliador-11,Avaliador-3,,,9.0,9.8,3.77,8.6,8.7,8.5,,9.34,10.0,ALFA (1° e 2° ano),0,5.625,,8.3877,Topázio,2023,ALFA,1° e 2° ano
RA-979,ALFA,ALFA S - G2/G3,Masculino,2023,Pública,,,,,,,,2.0,Avaliador-13,Avaliador-3,,,9.5,9.6,6.27,6.0,6.0,6.0,,9.51,10.0,ALFA (1° e 2° ano),0,5.625,,8.1617,Topázio,2023,ALFA,1° e 2° ano
RA-980,ALFA,ALFA S - G2/G3,Feminino,2023,Pública,,,,,,,,2.0,Avaliador-13,Avaliador-3,,,0.0,9.8,5.02,6.3,6.5,6.0,,9.34,10.0,ALFA (1° e 2° ano),0,5.625,,7.1425,Ametista,2023,ALFA,1° e 2° ano
RA-808,ALFA,ALFA S - G2/G3,Masculino,2022,Pública,,,Topázio,8.361,,,,2.0,Avaliador-13,Avaliador-3,,,10.0,10.0,2.52,8.7,8.7,8.7,,9.755,5.0,Fase 1 (3° e 4° ano),-1,7.5,,8.1932,Topázio,2023,Fase 1,3° e 4° ano
RA-981,ALFA,ALFA S - G2/G3,Feminino,2023,Pública,,,,,,,,2.0,Avaliador-13,Avaliador-3,,,9.5,9.1,2.52,5.8,5.7,5.8,,9.01,10.0,ALFA (1° e 2° ano),0,5.625,,7.5367,Ametista,2023,ALFA,1° e 2° ano
RA-982,ALFA,ALFA S - G2/G3,Masculino,2023,Pública,,,,,,,,2.0,Avaliador-13,Avaliador-3,,,0.0,9.1,2.52,8.6,8.7,8.5,,8.835,10.0,ALFA (1° e 2° ano),0,5.625,,7.1215,Ametista,2023,ALFA,1° e 2° ano
RA-983,ALFA,ALFA S - G2/G3,Masculino,2023,Pública,,,,,,,,2.0,Avaliador-13,Avaliador-3,,,8.5,9.9,2.52,8.8,8.8,8.8,,9.415,10.0,ALFA (1° e 2° ano),0,6.25,,8.3502,Topázio,2023,ALFA,1° e 2° ano
RA-984,ALFA,ALFA S - G2/G3,Feminino,2023,Pública,,,,,,,,2.0,Avaliador-13,Avaliador-3,,,8.0,9.8,7.52,8.3,8.3,8.2,,9.84,10.0,ALFA (1° e 2° ano),0,6.875,,8.8177,Topázio,2023,ALFA,1° e 2° ano
RA-985,ALFA,ALFA S - G2/G3,Masculino,2023,Pública,,,,,,,,2.0,Avaliador-13,Avaliador-3,,,9.0,9.3,2.52,6.8,7.3,6.2,,8.5,10.0,ALFA (1° e 2° ano),0,5.625,,7.6247,Ametista,2023,ALFA,1° e 2° ano
RA-986,ALFA,ALFA S - G2/G3,Feminino,2023,Pública,,,,,,,,2.0,Avaliador-13,Avaliador-3,,,9.5,9.1,2.52,8.3,8.3,8.3,,8.83,10.0,ALFA (1° e 2° ano),0,5.625,,8.0107,Topázio,2023,ALFA,1° e 2° ano
RA-987,ALFA,ALFA S - G2/G3,Masculino,2023,Pública,,,,,,,,2.0,Avaliador-13,Avaliador-3,,,0.0,9.8,6.27,7.3,7.5,7.0,,9.76,10.0,ALFA (1° e 2° ano),0,6.875,,7.6765,Ametista,2023,ALFA,1° e 2° ano
RA-988,ALFA,ALFA S - G2/G3,Feminino,2023,Pública,,,,,,,,2.0,Avaliador-13,Avaliador-3,,,7.9,8.1,7.52,8.5,8.5,8.5,,9.84,5.0,Fase 1 (3° e 4° ano),-1,6.25,,7.9568,Ametista,2023,Fase 1,3° e 4° ano
RA-989,ALFA,ALFA S - G2/G3,Masculino,2023,Pública,,,,,,,,2.0,Avaliador-13,Avaliador-3,,,9.5,8.1,2.52,8.3,8.7,7.8,,10.01,5.0,Fase 1 (3° e 4° ano),-1,7.5,,7.7242,Ametista,2023,Fase 1,3° e 4° ano
RA-677,ALFA,ALFA T - G2/G3,Feminino,2021,Pública,,Ametista,Topázio,8.358,,,,2.0,Avaliador-13,Avaliador-3,,,10.0,8.2,10.0,8.7,9.0,8.3,,9.84,5.0,Fase 1 (3° e 4° ano),-1,6.875,,8.5257,Topázio,2023,Fase 1,3° e 4° ano
RA-990,ALFA,ALFA T - G2/G3,Masculino,2023,Pública,,,,,,,,2.0,Avaliador-13,Avaliador-3,,,0.0,8.5,7.52,7.8,8.3,7.2,,10.01,5.0,Fase 1 (3° e 4° ano),-1,7.5,,7.254,Ametista,2023,Fase 1,3° e 4° ano
RA-991,ALFA,ALFA T - G2/G3,Feminino,2023,Pública,,,,,,,,2.0,Avaliador-13,Avaliador-3,,,10.0,9.1,3.14,7.7,8.0,7.3,,9.585,5.0,Fase 1 (3° e 4° ano),-1,6.875,,7.7687,Ametista,2023,Fase 1,3° e 4° ano
RA-992,ALFA,ALFA T - G2/G3,Masculino,2023,Pública,,,,,,,,2.0,Avaliador-13,Avaliador-3,,,9.5,8.2,3.14,8.0,8.2,7.8,,8.84,5.0,Fase 2 (5° e 6° ano),-2,5.0,,7.2722,Ametista,2023,Fase 2,5° e 6° ano
RA-703,ALFA,ALFA T - G2/G3,Masculino,2021,Pública,,Quartzo,Ágata,6.099,,,,2.0,Avaliador-13,Avaliador-3,,,9.5,8.4,3.14,4.6,4.8,4.3,,6.16,5.0,Fase 2 (5° e 6° ano),-2,6.875,,6.2737,Ágata,2023,Fase 2,5° e 6° ano
RA-993,ALFA,ALFA T - G2/G3,Feminino,2023,Pública,,,,,,,,2.0,Avaliador-13,Avaliador-3,,,9.5,9.8,3.77,8.6,8.5,8.7,,10.01,10.0,ALFA (1° e 2° ano),0,7.5,,8.7592,Topázio,2023,ALFA,1° e 2° ano
RA-674,ALFA,ALFA T - G2/G3,Masculino,2022,Pública,,,Ametista,7.862,,,,2.0,Avaliador-13,Avaliador-3,,,7.9,8.5,3.77,5.2,5.3,5.0,,8.67,5.0,Fase 1 (3° e 4° ano),-1,5.0,,6.6328,Ágata,2023,Fase 1,3° e 4° ano
RA-994,ALFA,ALFA T - G2/G3,Feminino,2023,Pública,,,,,,,,2.0,Avaliador-13,Avaliador-3,,,9.5,9.4,3.77,6.0,6.2,5.7,,7.265,10.0,ALFA (1° e 2° ano),0,5.625,,7.4127,Ametista,2023,ALFA,1° e 2° ano
RA-995,ALFA,ALFA T - G2/G3,Feminino,2023,Pública,,,,,,,,2.0,Avaliador-13,Avaliador-3,,,9.5,7.9,3.77,5.1,5.3,4.8,,7.18,5.0,Fase 2 (5° e 6° ano),-2,6.25,,6.4782,Ágata,2023,Fase 2,5° e 6° ano
RA-996,ALFA,ALFA T - G2/G3,Masculino,2023,Pública,,,,,,,,2.0,Avaliador-13,Avaliador-3,,,10.0,9.2,3.77,8.6,8.7,8.5,,10.01,5.0,Fase 1 (3° e 4° ano),-1,7.5,,8.1892,Topázio,2023,Fase 1,3° e 4° ano
RA-997,ALFA,ALFA T - G2/G3,Masculino,2023,Pública,,,,,,,,2.0,Avaliador-13,Avaliador-3,,,7.5,8.7,3.77,7.1,7.2,7.0,,8.595,10.0,ALFA (1° e 2° ano),0,5.625,,7.5687,Ametista,2023,ALFA,1° e 2° ano
RA-998,ALFA,ALFA U - G2/G3,Feminino,2023,Pública,,,,,,,,2.0,Avaliador-13,Avaliador-3,,,9.5,9.3,3.77,7.9,8.0,7.7,,9.84,5.0,Fase 2 (5° e 6° ano),-2,7.5,,7.9752,Ametista,2023,Fase 2,5° e 6° ano
RA-999,ALFA,ALFA U - G2/G3,Masculino,2023,Pública,,,,,,,,2.0,Avaliador-13,Avaliador-3,,,9.0,9.4,3.77,8.3,8.3,8.3,,9.84,5.0,Fase 1 (3° e 4° ano),-1,7.5,,8.0352,Topázio,2023,Fase 1,3° e 4° ano
RA-750,ALFA,ALFA U - G2/G3,Masculino,2019,Pública,Ágata,Ágata,Ágata,6.344,,,,2.0,Avaliador-13,Avaliador-3,,,9.5,7.7,3.14,3.4,3.3,3.5,,6.32,5.0,Fase 2 (5° e 6° ano),-2,4.375,,5.6857,Quartzo,2023,Fase 2,5° e 6° ano
RA-770,ALFA,ALFA U - G2/G3,Masculino,2022,Pública,,,Topázio,8.143,,,,2.0,Avaliador-13,Avaliador-3,,,0.0,8.3,3.77,5.9,6.0,5.7,,8.92,10.0,ALFA (1° e 2° ano),0,6.875,,6.6785,Ágata,2023,ALFA,1° e 2° ano
RA-771,ALFA,ALFA U - G2/G3,Feminino,2022,Pública,,,Ametista,7.873,,,,2.0,Avaliador-13,Avaliador-3,,,0.0,8.8,3.14,8.2,8.2,8.2,,8.585,10.0,ALFA (1° e 2° ano),0,6.25,,7.056,Ametista,2023,ALFA,1° e 2° ano
RA-1000,ALFA,ALFA U - G2/G3,Feminino,2023,Pública,,,,,,,,2.0,Avaliador-13,Avaliador-3,,,8.5,9.4,3.77,7.0,7.0,7.0,,8.92,10.0,ALFA (1° e 2° ano),0,6.25,,7.9162,Ametista,2023,ALFA,1° e 2° ano
RA-830,ALFA,ALFA U - G2/G3,Feminino,2022,Pública,,,Ametista,7.234,,,,2.0,Avaliador-13,Avaliador-3,,,0.0,8.9,3.14,8.3,8.3,8.3,,9.505,5.0,Fase 1 (3° e 4° ano),-1,6.25,,6.78,Ágata,2023,Fase 1,3° e 4° ano
RA-1001,ALFA,ALFA U - G2/G3,Feminino,2023,Pública,,,,,,,,2.0,Avaliador-13,Avaliador-3,,,9.0,9.1,7.52,7.8,8.3,7.3,,9.17,5.0,Fase 1 (3° e 4° ano),-1,7.5,,8.1162,Topázio,2023,Fase 1,3° e 4° ano
RA-1002,ALFA,ALFA U - G2/G3,Feminino,2023,Pública,,,,,,,,2.0,Avaliador-13,Avaliador-3,,,9.0,9.7,7.52,7.0,7.0,7.0,,8.92,5.0,Fase 1 (3° e 4° ano),-1,6.25,,7.9012,Ametista,2023,Fase 1,3° e 4° ano
RA-1003,ALFA,ALFA V - G0/G1,Masculino,2023,Pública,,,,,,,,2.0,Avaliador-11,Avaliador-2,,,9.0,8.5,7.52,4.0,8.0,0.0,,8.75,10.0,ALFA (1° e 2° ano),0,7.5,,7.6522,Ametista,2023,ALFA,1° e 2° ano
RA-835,ALFA,ALFA V - G0/G1,Masculino,2022,Pública,,,Ametista,7.263,,,,2.0,Avaliador-11,Avaliador-2,,,8.0,8.5,7.52,8.7,8.5,8.9,,7.835,10.0,ALFA (1° e 2° ano),0,6.875,,8.2467,Topázio,2023,ALFA,1° e 2° ano
RA-1004,ALFA,ALFA V - G0/G1,Feminino,2023,Pública,,,,,,,,2.0,Avaliador-11,Avaliador-2,,,9.0,9.6,7.52,7.9,6.5,9.2,,7.42,10.0,ALFA (1° e 2° ano),0,6.875,,8.3137,Topázio,2023,ALFA,1° e 2° ano
RA-1005,ALFA,ALFA V - G0/G1,Masculino,2023,Pública,,,,,,,,2.0,Avaliador-11,Avaliador-2,,,9.5,7.9,7.52,8.8,8.4,9.2,,8.165,10.0,ALFA (1° e 2° ano),0,7.5,,8.4252,Topázio,2023,ALFA,1° e 2° ano
RA-1006,ALFA,ALFA V - G0/G1,Feminino,2023,Pública,,,,,,,,2.0,Avaliador-11,Avaliador-2,,,9.0,9.3,7.52,8.7,8.7,8.6,,8.0,10.0,ALFA (1° e 2° ano),0,7.5,,8.5922,Topázio,2023,ALFA,1° e 2° ano
RA-705,ALFA,ALFA V - G0/G1,Masculino,2022,Pública,,,Ágata,6.634,,,,2.0,Avaliador-11,Avaliador-2,,,0.0,8.3,6.89,8.8,8.9,8.6,,8.165,5.0,Fase 2 (5° e 6° ano),-2,7.5,,6.982,Ágata,2023,Fase 2,5° e 6° ano
RA-1007,ALFA,ALFA V - G0/G1,Masculino,2023,Pública,,,,,,,,2.0,Avaliador-11,Avaliador-2,,,9.0,7.4,7.52,8.3,8.1,8.5,,7.68,10.0,ALFA (1° e 2° ano),0,7.5,,8.0782,Topázio,2023,ALFA,1° e 2° ano
RA-1008,ALFA,ALFA V - G0/G1,Masculino,2023,Pública,,,,,,,,2.0,Avaliador-11,Avaliador-2,,,9.0,8.6,7.52,8.4,7.5,9.2,,7.5,10.0,ALFA (1° e 2° ano),0,5.9375,,8.13595,Topázio,2023,ALFA,1° e 2° ano
RA-729,ALFA,ALFA V - G0/G1,Feminino,2022,Pública,,,Topázio,8.155,,,,2.0,Avaliador-11,Avaliador-2,,,8.0,9.1,3.77,8.6,8.2,8.9,,7.01,5.0,Fase 1 (3° e 4° ano),-1,6.5625,,7.26545,Ametista,2023,Fase 1,3° e 4° ano
RA-1009,ALFA,ALFA Y - G0/G1,Masculino,2023,Pública,,,,,,,,2.0,Avaliador-11,Avaliador-2,,,0.0,9.0,3.77,8.8,8.3,9.2,,7.84,10.0,ALFA (1° e 2° ano),0,7.5,,7.245,Ametista,2023,ALFA,1° e 2° ano
RA-1010,ALFA,ALFA Y - G0/G1,Masculino,2023,Pública,,,,,,,,2.0,Avaliador-11,Avaliador-2,,,9.5,10.0,3.77,9.4,9.0,9.8,,8.59,10.0,ALFA (1° e 2° ano),0,7.8125,,8.70645,Topázio,2023,ALFA,1° e 2° ano
RA-1011,ALFA,ALFA Y - G0/G1,Masculino,2023,Pública,,,,,,,,2.0,Avaliador-11,Avaliador-2,,,9.5,8.6,3.77,5.2,5.5,4.8,,7.675,10.0,ALFA (1° e 2° ano),0,7.1875,,7.33095,Ametista,2023,ALFA,1° e 2° ano
RA-1012,ALFA,ALFA Y - G0/G1,Feminino,2023,Pública,,,,,,,,2.0,Avaliador-11,Avaliador-2,,,10.0,9.9,3.77,6.6,7.0,6.2,,7.845,10.0,ALFA (1° e 2° ano),0,7.1875,,7.96495,Ametista,2023,ALFA,1° e 2° ano
RA-1013,ALFA,ALFA Y - G0/G1,Masculino,2023,Pública,,,,,,,,2.0,Avaliador-11,Avaliador-2,,,9.0,9.6,4.39,8.3,7.0,9.5,,5.76,10.0,ALFA (1° e 2° ano),0,5.625,,7.6237,Ametista,2023,ALFA,1° e 2° ano
RA-1014,ALFA,ALFA Y - G0/G1,Feminino,2023,Pública,,,,,,,,2.0,Avaliador-11,Avaliador-2,,,9.0,9.7,3.77,8.2,7.7,8.7,,8.255,10.0,ALFA (1° e 2° ano),0,7.5,,8.2582,Topázio,2023,ALFA,1° e 2° ano
RA-1015,FASE 1,1A,Feminino,2023,Pública,,,,,,,,3.0,Avaliador-19,Avaliador-4,Avaliador-3,,10.0,9.3,6.27,6.3,5.0,7.6,,7.786666667,5.0,Fase 2 (5° e 6° ano),-1,7.34375,,7.538908333,Ametista,2023,Fase 2,5° e 6° ano
RA-734,FASE 1,1A,Feminino,2022,Pública,,,Ágata,6.952,,,,3.0,Avaliador-19,Avaliador-4,Avaliador-3,,8.5,8.0,7.52,6.9,6.8,7.0,,7.446666667,5.0,Fase 2 (5° e 6° ano),-1,7.34375,,7.305908333,Ametista,2023,Fase 2,5° e 6° ano
RA-687,FASE 1,1A,Masculino,2022,Pública,,,Ametista,7.703,,,,3.0,Avaliador-19,Avaliador-4,Avaliador-3,,8.0,9.0,7.52,6.9,6.7,7.0,,8.226666667,5.0,Fase 2 (5° e 6° ano),-1,7.5,,7.617533333,Ametista,2023,Fase 2,5° e 6° ano
RA-1016,FASE 1,1A,Feminino,2023,Pública,,,,,,,,3.0,Avaliador-19,Avaliador-4,Avaliador-3,,10.0,9.5,7.52,6.7,5.8,7.5,,7.73,5.0,Fase 2 (5° e 6° ano),-1,7.34375,,7.762575,Ametista,2023,Fase 2,5° e 6° ano
RA-1017,FASE 1,1A,Masculino,2023,Pública,,,,,,,,3.0,Avaliador-19,Avaliador-4,Avaliador-3,,0.0,8.0,5.02,7.7,7.0,8.3,,8.116666667,5.0,Fase 2 (5° e 6° ano),-1,7.5,,6.505333333,Ágata,2023,Fase 2,5° e 6° ano
RA-688,FASE 1,1A,Masculino,2022,Pública,,,Ametista,7.771,,,,3.0,Avaliador-19,Avaliador-4,Avaliador-3,,8.5,9.3,7.52,8.6,8.2,9.0,,8.06,5.0,Fase 2 (5° e 6° ano),-1,7.5,,8.0442,Topázio,2023,Fase 2,5° e 6° ano
RA-1018,FASE 1,1A,Masculino,2023,Pública,,,,,,,,3.0,Avaliador-19,Avaliador-4,Avaliador-3,,0.0,8.5,5.02,6.3,5.8,6.8,,8.06,10.0,Fase 1 (3° e 4° ano),0,7.5,,6.824,Ágata,2023,Fase 1,3° e 4° ano
RA-696,FASE 1,1A,Feminino,2021,Pública,,Ametista,Ametista,7.441,,,,3.0,Avaliador-19,Avaliador-4,Avaliador-3,,0.0,9.4,5.02,6.7,5.2,8.2,,8.503333333,10.0,Fase 1 (3° e 4° ano),0,7.5,,7.172666667,Ametista,2023,Fase 1,3° e 4° ano
RA-1019,FASE 1,1A,Feminino,2023,Pública,,,,,,,,3.0,Avaliador-19,Avaliador-4,Avaliador-3,,7.5,9.1,5.02,4.3,0.5,8.0,,7.836666667,10.0,ALFA (1° e 2° ano),1,6.875,,7.177033333,Ametista,2023,ALFA,1° e 2° ano
RA-514,FASE 1,1A,Feminino,2022,Pública,,,Ametista,7.039,,,,3.0,Avaliador-19,Avaliador-4,Avaliador-3,,7.9,7.5,2.52,5.5,4.2,6.8,,5.896666667,5.0,Fase 2 (5° e 6° ano),-1,5.0,,5.823133333,Quartzo,2023,Fase 2,5° e 6° ano
RA-1020,FASE 1,1A,Feminino,2023,Pública,,,,,,,,3.0,Avaliador-19,Avaliador-4,Avaliador-3,,10.0,9.1,2.52,6.1,4.3,7.8,,8.056666667,10.0,Fase 1 (3° e 4° ano),0,7.1875,,7.612283333,Ametista,2023,Fase 1,3° e 4° ano
RA-1021,FASE 1,1A,Masculino,2023,Pública,,,,,,,,3.0,Avaliador-19,Avaliador-4,Avaliador-3,,8.0,9.2,3.77,3.3,2.5,4.0,,7.893333333,10.0,Fase 1 (3° e 4° ano),0,7.1875,,6.964616667,Ágata,2023,Fase 1,3° e 4° ano
RA-1022,FASE 1,1A,Masculino,2023,Pública,,,,,,,,3.0,Avaliador-19,Avaliador-4,Avaliador-3,,8.5,8.5,3.77,4.7,4.7,4.7,,7.893333333,10.0,Fase 1 (3° e 4° ano),0,7.1875,,7.164616667,Ametista,2023,Fase 1,3° e 4° ano
RA-1023,FASE 1,1A,Feminino,2023,Pública,,,,,,,,3.0,Avaliador-19,Avaliador-4,Avaliador-3,,10.0,10.0,6.27,9.1,8.5,9.7,,9.06,10.0,Fase 1 (3° e 4° ano),0,8.75,,9.1342,Topázio,2023,Fase 1,3° e 4° ano
RA-699,FASE 1,1A,Masculino,2022,Pública,,,Ágata,6.658,,,,3.0,Avaliador-19,Avaliador-4,Avaliador-3,,8.5,8.3,3.77,6.0,5.7,6.2,,6.173333333,5.0,Fase 2 (5° e 6° ano),-1,5.78125,,6.389991667,Ágata,2023,Fase 2,5° e 6° ano
RA-480,FASE 1,1B,Feminino,2021,Pública,,Ametista,Ametista,7.502,,,,3.0,Avaliador-15,Avaliador-4,Avaliador-3,,10.0,9.7,7.52,7.9,7.2,8.5,,8.336666667,5.0,Fase 2 (5° e 6° ano),-1,7.96875,,8.226408333,Topázio,2023,Fase 2,5° e 6° ano
RA-678,FASE 1,1B,Masculino,2022,Pública,,,Ametista,8.0,,,,3.0,Avaliador-15,Avaliador-4,Avaliador-3,,8.0,8.8,6.27,7.3,6.8,7.7,,8.336666667,5.0,Fase 2 (5° e 6° ano),-1,7.65625,,7.570158333,Ametista,2023,Fase 2,5° e 6° ano
RA-1024,FASE 1,1B,Feminino,2023,Pública,,,,,,,,3.0,Avaliador-15,Avaliador-4,Avaliador-3,,0.0,10.0,6.27,9.8,10.0,9.5,,8.95,5.0,Fase 2 (5° e 6° ano),-1,9.21875,,7.788875,Ametista,2023,Fase 2,5° e 6° ano
RA-502,FASE 1,1B,Feminino,2021,Privada - Programa de Apadrinhamento,,Topázio,Topázio,8.287,,,,3.0,Avaliador-15,Avaliador-4,Avaliador-3,,8.5,9.8,7.52,8.0,6.7,9.3,,8.95,10.0,Fase 1 (3° e 4° ano),0,7.96875,,8.749075,Topázio,2023,Fase 1,3° e 4° ano
RA-1025,FASE 1,1B,Masculino,2023,Pública,,,,,,,,3.0,Avaliador-15,Avaliador-4,Avaliador-3,,8.5,8.9,7.52,7.5,7.5,7.5,,7.836666667,10.0,Fase 1 (3° e 4° ano),0,7.65625,,8.215158333,Topázio,2023,Fase 1,3° e 4° ano
RA-680,FASE 1,1B,Feminino,2019,Pública,Ametista,Ametista,Ametista,7.518,,,,3.0,Avaliador-15,Avaliador-4,Avaliador-3,,0.0,9.1,7.52,6.4,5.2,7.5,,7.78,5.0,Fase 2 (5° e 6° ano),-1,6.875,,6.5855,Ágata,2023,Fase 2,5° e 6° ano
RA-1026,FASE 1,1B,Feminino,2023,Pública,,,,,,,,3.0,Avaliador-15,Avaliador-4,Avaliador-3,,8.5,9.8,7.52,3.2,2.3,4.0,,7.06,2.5,Fase 4 (9° ano),-3,6.40625,,6.494825,Ágata,2023,Fase 4,9° ano
RA-698,FASE 1,1B,Masculino,2021,Pública,,Ametista,Ametista,7.44,,,,3.0,Avaliador-15,Avaliador-4,Avaliador-3,,8.5,9.9,2.52,5.7,4.3,7.0,,8.113333333,10.0,Fase 1 (3° e 4° ano),0,7.1875,,7.553616667,Ametista,2023,Fase 1,3° e 4° ano
RA-533,FASE 1,1B,Masculino,2022,Pública,,,Ágata,6.962,,,,3.0,Avaliador-15,Avaliador-4,Avaliador-3,,9.0,9.3,7.52,5.8,4.8,6.7,,7.613333333,5.0,Fase 2 (5° e 6° ano),-1,7.5,,7.434866667,Ametista,2023,Fase 2,5° e 6° ano
RA-504,FASE 1,1B,Feminino,2021,Pública,,Topázio,Topázio,8.072,,,,3.0,Avaliador-15,Avaliador-4,Avaliador-3,,8.0,8.3,7.52,7.9,6.5,9.2,,8.836666667,10.0,Fase 1 (3° e 4° ano),0,7.5,,8.299533333,Topázio,2023,Fase 1,3° e 4° ano
RA-1027,FASE 1,1B,Feminino,2023,Pública,,,,,,,,3.0,Avaliador-15,Avaliador-4,Avaliador-3,,9.5,9.7,7.52,6.0,4.2,7.7,,8.333333333,5.0,Fase 2 (5° e 6° ano),-1,7.5,,7.748866667,Ametista,2023,Fase 2,5° e 6° ano
RA-529,FASE 1,1B,Masculino,2020,Pública,Ágata,Ametista,Ágata,6.51,,,,3.0,Avaliador-15,Avaliador-4,Avaliador-3,,8.0,9.6,7.52,6.8,4.8,8.7,,6.893333333,5.0,Fase 3 (7° e 8° ano),-2,5.78125,,7.278991667,Ametista,2023,Fase 3,7° e 8° ano
RA-1028,FASE 1,1B,Masculino,2023,Pública,,,,,,,,3.0,Avaliador-15,Avaliador-4,Avaliador-3,,0.0,9.2,7.52,5.0,5.0,5.0,,7.946666667,5.0,Fase 2 (5° e 6° ano),-1,7.34375,,6.415708333,Ágata,2023,Fase 2,5° e 6° ano
RA-686,FASE 1,1C,Feminino,2022,Pública,,,Ametista,7.729,,,,3.0,Avaliador-19,Avaliador-4,Avaliador-3,,8.5,9.0,7.52,8.0,7.3,8.7,,8.56,5.0,Fase 2 (5° e 6° ano),-1,7.5,,7.9642,Ametista,2023,Fase 2,5° e 6° ano
RA-1029,FASE 1,1C,Feminino,2023,Pública,,,,,,,,3.0,Avaliador-19,Avaliador-4,Avaliador-3,,10.0,6.3,3.77,5.4,3.5,7.2,,8.006666667,10.0,Fase 1 (3° e 4° ano),0,7.5,,7.058533333,Ametista,2023,Fase 1,3° e 4° ano
RA-1030,FASE 1,1C,Masculino,2023,Pública,,,,,,,,3.0,Avaliador-19,Avaliador-4,Avaliador-3,,8.5,9.7,3.77,6.9,6.2,7.5,,8.39,5.0,Fase 2 (5° e 6° ano),-1,6.875,,7.4027,Ametista,2023,Fase 2,5° e 6° ano
RA-522,FASE 1,1C,Masculino,2021,Pública,,Topázio,Topázio,8.306,,,,3.0,Avaliador-19,Avaliador-4,Avaliador-3,,7.5,9.2,7.52,8.3,8.3,8.2,,8.45,5.0,Fase 2 (5° e 6° ano),-1,7.083333333,,7.890533333,Ametista,2023,Fase 2,5° e 6° ano
RA-501,FASE 1,1C,Masculino,2021,Pública,,Topázio,Ametista,7.794,,,,3.0,Avaliador-19,Avaliador-4,Avaliador-3,,7.0,8.4,7.52,8.9,9.2,8.5,,9.396666667,5.0,Fase 2 (5° e 6° ano),-1,8.541666667,,8.1357,Topázio,2023,Fase 2,5° e 6° ano
RA-692,FASE 1,1C,Feminino,2021,Privada,,Ametista,Ametista,7.569,,,,3.0,Avaliador-19,Avaliador-4,Avaliador-3,,7.4,7.7,7.52,4.6,2.8,6.3,,7.39,5.0,Fase 2 (5° e 6° ano),-1,6.666666667,,6.588466667,Ágata,2023,Fase 2,5° e 6° ano
RA-527,FASE 1,1C,Feminino,2022,Pública,,,Ametista,8.025,,,,3.0,Avaliador-19,Avaliador-4,Avaliador-3,,9.0,9.1,7.52,6.5,5.7,7.2,,7.78,5.0,Fase 2 (5° e 6° ano),-1,7.5,,7.5682,Ametista,2023,Fase 2,5° e 6° ano
RA-1031,FASE 1,1D,Masculino,2023,Pública,,,,,,,,3.0,Avaliador-19,Avaliador-4,Avaliador-3,,8.0,8.8,7.52,5.9,4.8,7.0,,7.006666667,5.0,Fase 2 (5° e 6° ano),-1,6.666666667,,7.0602,Ametista,2023,Fase 2,5° e 6° ano
RA-1032,FASE 1,1D,Masculino,2023,Pública,,,,,,,,3.0,Avaliador-19,Avaliador-4,Avaliador-3,,8.5,9.5,7.52,6.0,5.7,6.2,,7.563333333,5.0,Fase 2 (5° e 6° ano),-1,7.291666667,,7.434033333,Ametista,2023,Fase 2,5° e 6° ano
RA-1033,FASE 1,1D,Feminino,2023,Pública,,,,,,,,3.0,Avaliador-19,Avaliador-4,Avaliador-3,,9.0,8.9,7.52,7.9,7.0,8.8,,9.006666667,5.0,Fase 2 (5° e 6° ano),-1,8.125,,8.126033333,Topázio,2023,Fase 2,5° e 6° ano
RA-1034,FASE 1,1D,Masculino,2023,Pública,,,,,,,,3.0,Avaliador-19,Avaliador-4,Avaliador-3,,7.5,9.0,7.52,8.3,7.8,8.7,,8.393333333,5.0,Fase 2 (5° e 6° ano),-1,8.333333333,,7.9642,Ametista,2023,Fase 2,5° e 6° ano
RA-1035,FASE 1,1D,Masculino,2023,Pública,,,,,,,,3.0,Avaliador-19,Avaliador-4,Avaliador-3,,0.0,8.3,7.52,5.8,4.0,7.5,,7.78,10.0,Fase 1 (3° e 4° ano),0,7.708333333,,6.888833333,Ágata,2023,Fase 1,3° e 4° ano
RA-730,FASE 1,1F,Feminino,2021,Privada,,Ametista,Ametista,7.902,,,,3.0,Avaliador-15,Avaliador-5,Avaliador-2,,10.0,8.7,5.02,7.8,7.8,7.7,,8.67,5.0,Fase 2 (5° e 6° ano),-1,9.53125,,7.979325,Ametista,2023,Fase 2,5° e 6° ano
RA-855,FASE 1,1F,Feminino,2022,Pública,,,Topázio,8.453,,,,3.0,Avaliador-15,Avaliador-5,Avaliador-2,,9.5,10.0,7.52,6.8,5.2,8.3,,8.67,10.0,Fase 1 (3° e 4° ano),0,8.4375,,8.62995,Topázio,2023,Fase 1,3° e 4° ano
RA-820,FASE 1,1F,Masculino,2022,Pública,,,Ametista,7.417,,,,3.0,Avaliador-15,Avaliador-5,Avaliador-2,,7.9,7.4,7.52,8.9,9.2,8.5,,8.28,5.0,Fase 2 (5° e 6° ano),-1,9.0625,,7.85605,Ametista,2023,Fase 2,5° e 6° ano
RA-738,FASE 1,1F,Feminino,2022,Pública,,,Ametista,7.227,,,,3.0,Avaliador-15,Avaliador-5,Avaliador-2,,8.0,9.3,7.52,6.0,4.2,7.8,,8.336666667,10.0,Fase 1 (3° e 4° ano),0,8.4375,,8.123283333,Topázio,2023,Fase 1,3° e 4° ano
RA-1036,FASE 1,1F,Feminino,2023,Pública,,,,,,,,3.0,Avaliador-15,Avaliador-5,Avaliador-2,,0.0,9.6,3.77,8.0,9.0,7.0,,8.336666667,5.0,Fase 2 (5° e 6° ano),-1,9.0625,,6.970583333,Ágata,2023,Fase 2,5° e 6° ano
RA-1037,FASE 1,1F,Masculino,2023,Pública,,,,,,,,3.0,Avaliador-15,Avaliador-5,Avaliador-2,,9.0,8.4,7.52,6.7,5.0,8.3,,8.17,5.0,Fase 2 (5° e 6° ano),-1,8.59375,,7.655575,Ametista,2023,Fase 2,5° e 6° ano
RA-576,FASE 1,1F,Feminino,2022,Pública,,,Ametista,7.59,,,,3.0,Avaliador-15,Avaliador-5,Avaliador-2,,9.0,9.3,5.02,8.0,6.5,9.5,,8.503333333,5.0,Fase 2 (5° e 6° ano),-1,9.21875,,7.984741667,Ametista,2023,Fase 2,5° e 6° ano
RA-1038,FASE 1,1F,Feminino,2023,Privada,,,,,,,,3.0,Avaliador-15,Avaliador-5,Avaliador-2,,8.0,9.3,7.52,6.5,7.5,5.5,,8.17,5.0,Fase 2 (5° e 6° ano),-1,8.90625,,7.736825,Ametista,2023,Fase 2,5° e 6° ano
RA-1039,FASE 1,1F,Masculino,2023,Pública,,,,,,,,3.0,Avaliador-15,Avaliador-5,Avaliador-2,,8.0,9.9,7.52,6.2,6.0,6.3,,8.056666667,5.0,Fase 3 (7° e 8° ano),-2,8.125,,7.686033333,Ametista,2023,Fase 3,7° e 8° ano
RA-1040,FASE 1,1F,Masculino,2023,Pública,,,,,,,,3.0,Avaliador-15,Avaliador-5,Avaliador-2,,10.0,9.3,7.52,6.6,5.8,7.3,,8.06,5.0,Fase 2 (5° e 6° ano),-1,7.8125,,7.81545,Ametista,2023,Fase 2,5° e 6° ano
RA-1041,FASE 1,1F,Feminino,2023,Pública,,,,,,,,3.0,Avaliador-15,Avaliador-5,Avaliador-2,,10.0,7.2,7.52,3.3,1.8,4.7,,8.003333333,5.0,Fase 2 (5° e 6° ano),-1,7.8125,,6.724116667,Ágata,2023,Fase 2,5° e 6° ano
RA-733,FASE 1,1G,Feminino,2022,Pública,,,Ágata,6.684,,,,3.0,Avaliador-15,Avaliador-4,Avaliador-3,,10.0,8.7,7.52,6.2,4.3,8.0,,8.893333333,10.0,Fase 1 (3° e 4° ano),0,8.333333333,,8.3342,Topázio,2023,Fase 1,3° e 4° ano
RA-837,FASE 1,1G,Masculino,2022,Pública,,,Topázio,8.207,,,,3.0,Avaliador-15,Avaliador-4,Avaliador-3,,9.0,9.3,7.52,7.0,6.3,7.7,,7.836666667,10.0,Fase 1 (3° e 4° ano),0,7.916666667,,8.2712,Topázio,2023,Fase 1,3° e 4° ano
RA-519,FASE 1,1G,Masculino,2022,Pública,,,Ametista,8.0,,,,3.0,Avaliador-15,Avaliador-4,Avaliador-3,,9.0,9.9,7.52,7.4,7.5,7.2,,8.223333333,5.0,Fase 2 (5° e 6° ano),-1,7.708333333,,8.0177,Topázio,2023,Fase 2,5° e 6° ano
RA-521,FASE 1,1G,Masculino,2022,Pública,,,Ametista,7.725,,,,3.0,Avaliador-15,Avaliador-4,Avaliador-3,,0.0,9.9,3.77,7.9,7.0,8.7,,8.166666667,5.0,Fase 2 (5° e 6° ano),-1,7.083333333,,6.768666667,Ágata,2023,Fase 2,5° e 6° ano
RA-1042,FASE 1,1G,Masculino,2023,Pública,,,,,,,,3.0,Avaliador-15,Avaliador-4,Avaliador-3,,0.0,6.5,3.77,4.3,4.0,4.5,,7.666666667,5.0,Fase 2 (5° e 6° ano),-1,7.708333333,,5.331166667,Quartzo,2023,Fase 2,5° e 6° ano
RA-713,FASE 1,1G,Masculino,2021,Pública,,Ametista,Ametista,7.42,,,,3.0,Avaliador-15,Avaliador-4,Avaliador-3,,8.0,9.6,3.77,7.5,6.7,8.2,,8.166666667,5.0,Fase 2 (5° e 6° ano),-1,6.875,,7.408033333,Ametista,2023,Fase 2,5° e 6° ano
RA-736,FASE 1,1G,Masculino,2022,Pública,,,Ágata,6.707,,,,3.0,Avaliador-15,Avaliador-4,Avaliador-3,,8.5,9.5,6.27,6.7,4.8,8.5,,8.11,5.0,Fase 2 (5° e 6° ano),-1,7.708333333,,7.600033333,Ametista,2023,Fase 2,5° e 6° ano
RA-1043,FASE 1,1G,Masculino,2023,Pública,,,,,,,,3.0,Avaliador-15,Avaliador-4,Avaliador-3,,10.0,7.9,6.27,2.5,2.0,3.0,,7.833333333,5.0,Fase 2 (5° e 6° ano),-1,7.708333333,,6.5447,Ágata,2023,Fase 2,5° e 6° ano
RA-716,FASE 1,1G,Masculino,2022,Pública,,,Ágata,6.525,,,,3.0,Avaliador-15,Avaliador-4,Avaliador-3,,9.0,8.7,3.77,5.6,5.0,6.2,,7.443333333,5.0,Fase 2 (5° e 6° ano),-1,6.875,,6.813366667,Ágata,2023,Fase 2,5° e 6° ano
RA-1044,FASE 1,1G,Feminino,2023,Pública,,,,,,,,3.0,Avaliador-15,Avaliador-4,Avaliador-3,,8.0,9.7,7.52,6.1,4.5,7.7,,8.336666667,5.0,Fase 2 (5° e 6° ano),-1,7.5,,7.629533333,Ametista,2023,Fase 2,5° e 6° ano
RA-745,FASE 1,1G,Masculino,2021,Privada - Programa de Apadrinhamento,,Topázio,Ametista,7.382,,,,3.0,Avaliador-15,Avaliador-4,Avaliador-3,,9.5,9.3,3.77,7.0,5.7,8.2,,8.893333333,5.0,Fase 2 (5° e 6° ano),-1,8.125,,7.668366667,Ametista,2023,Fase 2,5° e 6° ano
RA-717,FASE 1,1G,Feminino,2021,Pública,,Ametista,Ágata,6.832,,,,3.0,Avaliador-15,Avaliador-4,Avaliador-3,,0.0,8.5,7.52,5.9,5.5,6.3,,8.446666667,5.0,Fase 2 (5° e 6° ano),-1,8.125,,6.633833333,Ágata,2023,Fase 2,5° e 6° ano
RA-718,FASE 1,1G,Feminino,2022,Pública,,,Topázio,8.093,,,,3.0,Avaliador-15,Avaliador-4,Avaliador-3,,9.5,9.1,3.77,7.8,6.3,9.2,,8.39,10.0,Fase 1 (3° e 4° ano),0,7.916666667,,8.166866667,Topázio,2023,Fase 1,3° e 4° ano
RA-721,FASE 1,1G,Feminino,2021,Pública,,Topázio,Ametista,7.973,,,,3.0,Avaliador-15,Avaliador-4,Avaliador-3,,8.5,9.5,7.52,8.4,7.5,9.3,,8.443333333,10.0,Fase 1 (3° e 4° ano),0,8.125,,8.683366667,Topázio,2023,Fase 1,3° e 4° ano
RA-746,FASE 1,1G,Masculino,2022,Pública,,,Ametista,7.656,,,,3.0,Avaliador-15,Avaliador-4,Avaliador-3,,0.0,8.0,3.77,7.2,6.0,8.3,,7.113333333,10.0,Fase 1 (3° e 4° ano),0,6.875,,6.517166667,Ágata,2023,Fase 1,3° e 4° ano
RA-1045,FASE 1,1H,Feminino,2023,Pública,,,,,,,,3.0,Avaliador-15,Avaliador-4,Avaliador-3,,9.5,9.4,7.52,7.9,6.8,9.0,,8.28,5.0,Fase 2 (5° e 6° ano),-1,7.708333333,,8.089033333,Topázio,2023,Fase 2,5° e 6° ano
RA-483,FASE 1,1H,Feminino,2019,Pública,Ametista,Ágata,Quartzo,5.263,,,,3.0,Avaliador-15,Avaliador-4,Avaliador-3,,9.0,6.0,2.52,5.6,5.0,6.2,,8.166666667,5.0,Fase 3 (7° e 8° ano),-2,7.916666667,,6.3972,Ágata,2023,Fase 3,7° e 8° ano
RA-1046,FASE 1,1H,Masculino,2023,Pública,,,,,,,,3.0,Avaliador-15,Avaliador-4,Avaliador-3,,0.0,8.5,3.77,6.3,6.3,6.3,,8.223333333,10.0,Fase 1 (3° e 4° ano),0,8.541666667,,6.835833333,Ágata,2023,Fase 1,3° e 4° ano
RA-1047,FASE 1,1H,Masculino,2023,Pública,,,,,,,,3.0,Avaliador-15,Avaliador-4,Avaliador-3,,10.0,8.5,3.77,6.9,5.8,8.0,,7.893333333,10.0,Fase 1 (3° e 4° ano),0,8.125,,7.848366667,Ametista,2023,Fase 1,3° e 4° ano
RA-570,FASE 1,1H,Feminino,2019,Pública,Topázio,Ágata,Quartzo,5.722,,,,3.0,Avaliador-15,Avaliador-4,Avaliador-3,,8.5,7.3,3.77,5.9,5.7,6.0,,8.056666667,5.0,Fase 2 (5° e 6° ano),-1,8.125,,6.781033333,Ágata,2023,Fase 2,5° e 6° ano
RA-1048,FASE 1,1H,Feminino,2023,Privada,,,,,,,,3.0,Avaliador-15,Avaliador-4,Avaliador-3,,8.5,9.5,3.77,8.2,7.5,8.8,,8.5,5.0,Fase 2 (5° e 6° ano),-1,8.541666667,,7.811366667,Ametista,2023,Fase 2,5° e 6° ano
RA-1049,FASE 1,1H,Masculino,2023,Pública,,,,,,,,3.0,Avaliador-15,Avaliador-4,Avaliador-3,,10.0,7.7,7.52,6.3,5.5,7.0,,7.943333333,5.0,Fase 2 (5° e 6° ano),-1,8.125,,7.443366667,Ametista,2023,Fase 2,5° e 6° ano
RA-1050,FASE 1,1H,Masculino,2023,Pública,,,,,,,,3.0,Avaliador-15,Avaliador-4,Avaliador-3,,9.0,9.2,6.27,7.2,6.2,8.2,,8.223333333,5.0,Fase 2 (5° e 6° ano),-1,8.125,,7.764366667,Ametista,2023,Fase 2,5° e 6° ano
RA-1051,FASE 1,1H,Feminino,2023,Pública,,,,,,,,3.0,Avaliador-15,Avaliador-4,Avaliador-3,,8.5,8.9,6.27,8.4,7.0,9.8,,8.613333333,10.0,Fase 1 (3° e 4° ano),0,8.75,,8.534866667,Topázio,2023,Fase 1,3° e 4° ano
RA-707,FASE 1,1H,Feminino,2020,Pública,Ametista,Ágata,Ametista,7.679,,,,3.0,Avaliador-15,Avaliador-4,Avaliador-3,,0.0,9.8,3.77,6.5,5.5,7.5,,7.946666667,5.0,Fase 2 (5° e 6° ano),-1,7.916666667,,6.518,Ágata,2023,Fase 2,5° e 6° ano
RA-1052,FASE 1,1H,Masculino,2023,Pública,,,,,,,,3.0,Avaliador-15,Avaliador-4,Avaliador-3,,0.0,9.0,7.52,5.3,5.0,5.5,,7.833333333,10.0,Fase 1 (3° e 4° ano),0,7.916666667,,6.960333333,Ágata,2023,Fase 1,3° e 4° ano
RA-580,FASE 1,1H,Feminino,2020,Pública,Topázio,Ametista,Ametista,7.525,,,,3.0,Avaliador-15,Avaliador-4,Avaliador-3,,8.5,9.8,7.52,9.0,8.7,9.3,,8.67,5.0,Fase 2 (5° e 6° ano),-1,8.75,,8.4712,Topázio,2023,Fase 2,5° e 6° ano
RA-581,FASE 1,1H,Masculino,2019,Pública,Ametista,Ametista,Ágata,6.464,,,,3.0,Avaliador-15,Avaliador-4,Avaliador-3,,8.0,9.8,7.52,7.9,7.0,8.8,,7.393333333,5.0,Fase 2 (5° e 6° ano),-1,6.458333333,,7.7167,Ametista,2023,Fase 2,5° e 6° ano
RA-735,FASE 1,1J,Feminino,2021,Pública,,Ametista,Ametista,7.485,,,,3.0,Avaliador-19,Avaliador-4,Avaliador-2,,0.0,9.0,7.52,8.1,7.7,8.5,,8.393333333,5.0,Fase 2 (5° e 6° ano),-1,8.333333333,,7.184,Ametista,2023,Fase 2,5° e 6° ano
RA-710,FASE 1,1J,Masculino,2020,Pública,Ametista,Ametista,Ametista,7.285,,,,3.0,Avaliador-19,Avaliador-4,Avaliador-2,,9.5,9.0,3.77,6.5,5.7,7.3,,7.113333333,5.0,Fase 2 (5° e 6° ano),-1,7.083333333,,7.0582,Ametista,2023,Fase 2,5° e 6° ano
RA-712,FASE 1,1J,Masculino,2019,Pública,Quartzo,Quartzo,Ágata,6.026,,,,3.0,Avaliador-19,Avaliador-4,Avaliador-2,,9.5,5.6,3.14,6.7,5.5,7.8,,6.836666667,5.0,Fase 3 (7° e 8° ano),-2,7.5,,6.331533333,Ágata,2023,Fase 3,7° e 8° ano
RA-549,FASE 1,1J,Masculino,2021,Pública,,Ametista,Ágata,6.301,,,,3.0,Avaliador-19,Avaliador-4,Avaliador-2,,9.5,8.1,5.02,6.4,5.5,7.2,,7.5,5.0,Fase 2 (5° e 6° ano),-1,6.875,,7.0297,Ametista,2023,Fase 2,5° e 6° ano
RA-679,FASE 1,1J,Masculino,2020,Pública,Ametista,Ametista,Ametista,7.172,,,,3.0,Avaliador-19,Avaliador-4,Avaliador-2,,7.5,7.5,5.02,3.6,2.0,5.2,,7.393333333,5.0,Fase 2 (5° e 6° ano),-1,6.875,,6.138366667,Ágata,2023,Fase 2,5° e 6° ano
RA-571,FASE 1,1J,Feminino,2019,Privada,Ametista,Ametista,Ágata,6.589,,,,3.0,Avaliador-19,Avaliador-4,Avaliador-2,,9.0,7.9,3.77,5.0,3.8,6.2,,7.616666667,5.0,Fase 3 (7° e 8° ano),-2,7.291666667,,6.6097,Ágata,2023,Fase 3,7° e 8° ano
RA-714,FASE 1,1J,Masculino,2019,Pública,Ágata,Ametista,Ágata,6.953,,,,3.0,Avaliador-19,Avaliador-4,Avaliador-2,,0.0,8.0,3.14,7.4,6.7,8.0,,7.223333333,5.0,Fase 3 (7° e 8° ano),-2,7.5,,6.078666667,Quartzo,2023,Fase 3,7° e 8° ano
RA-737,FASE 1,1J,Feminino,2022,Pública,,,Ametista,8.058,,,,3.0,Avaliador-19,Avaliador-4,Avaliador-2,,9.5,7.8,7.52,7.5,7.0,8.0,,7.783333333,10.0,Fase 1 (3° e 4° ano),0,7.291666667,,8.048033333,Topázio,2023,Fase 1,3° e 4° ano
RA-577,FASE 1,1J,Feminino,2022,Pública,,,Ametista,7.862,,,,3.0,Avaliador-19,Avaliador-4,Avaliador-2,,10.0,8.2,3.77,7.4,6.5,8.3,,7.673333333,5.0,Fase 2 (5° e 6° ano),-1,6.875,,7.219366667,Ametista,2023,Fase 2,5° e 6° ano
RA-1053,FASE 1,1J,Masculino,2023,Pública,,,,,,,,3.0,Avaliador-19,Avaliador-4,Avaliador-2,,0.0,9.1,6.27,8.6,7.8,9.3,,8.616666667,10.0,Fase 1 (3° e 4° ano),0,8.958333333,,7.776166667,Ametista,2023,Fase 1,3° e 4° ano
RA-731,FASE 1,1J,Feminino,2019,Pública,Ametista,Ágata,Ametista,7.151,,,,3.0,Avaliador-19,Avaliador-4,Avaliador-2,,8.5,7.6,3.14,6.8,6.2,7.3,,7.45,5.0,Fase 2 (5° e 6° ano),-1,7.5,,6.7742,Ágata,2023,Fase 2,5° e 6° ano
RA-552,FASE 1,1J,Masculino,2022,Pública,,,Ágata,6.625,,,,3.0,Avaliador-19,Avaliador-4,Avaliador-2,,0.0,5.6,3.14,6.4,6.5,6.2,,6.89,5.0,Fase 3 (7° e 8° ano),-2,6.666666667,,5.248666667,Quartzo,2023,Fase 3,7° e 8° ano
RA-1054,FASE 1,1J,Masculino,2023,Pública,,,,,,,,3.0,Avaliador-19,Avaliador-4,Avaliador-2,,8.5,8.6,7.52,6.6,5.0,8.2,,7.836666667,5.0,Fase 3 (7° e 8° ano),-2,7.5,,7.459533333,Ametista,2023,Fase 3,7° e 8° ano
RA-1055,FASE 1,1J,Masculino,2023,Pública,,,,,,,,3.0,Avaliador-19,Avaliador-4,Avaliador-2,,0.0,7.2,7.52,5.5,6.0,5.0,,7.276666667,5.0,Fase 2 (5° e 6° ano),-1,7.291666667,,5.9765,Quartzo,2023,Fase 2,5° e 6° ano
RA-597,FASE 1,1K,Masculino,2022,Pública,,,Topázio,8.265,,,,3.0,Avaliador-15,Avaliador-5,Avaliador-2,,10.0,9.6,7.52,8.5,7.8,9.2,,8.56,5.0,Fase 2 (5° e 6° ano),-1,9.0625,,8.49045,Topázio,2023,Fase 2,5° e 6° ano
RA-624,FASE 1,1K,Masculino,2022,Pública,,,Ametista,7.425,,,,3.0,Avaliador-15,Avaliador-5,Avaliador-2,,9.0,9.2,7.52,8.6,8.3,8.8,,8.39,5.0,Fase 2 (5° e 6° ano),-1,8.90625,,8.270825,Topázio,2023,Fase 2,5° e 6° ano
RA-776,FASE 1,1K,Feminino,2022,Privada - Programa de Apadrinhamento,,,Quartzo,3.898,,,,3.0,Avaliador-15,Avaliador-5,Avaliador-2,,0.0,7.0,7.52,3.5,4.2,2.7,,7.223333333,5.0,Fase 2 (5° e 6° ano),-1,7.8125,,5.567916667,Quartzo,2023,Fase 2,5° e 6° ano
RA-600,FASE 1,1K,Feminino,2021,Pública,,Ametista,Ágata,7.011,,,,3.0,Avaliador-15,Avaliador-5,Avaliador-2,,8.5,8.4,7.52,7.2,6.5,7.8,,8.056666667,5.0,Fase 2 (5° e 6° ano),-1,8.28125,,7.651658333,Ametista,2023,Fase 2,5° e 6° ano
RA-1056,FASE 1,1K,Masculino,2023,Pública,,,,,,,,3.0,Avaliador-15,Avaliador-5,Avaliador-2,,8.5,9.6,7.52,8.1,7.8,8.3,,8.113333333,10.0,Fase 1 (3° e 4° ano),0,7.96875,,8.551741667,Topázio,2023,Fase 1,3° e 4° ano
RA-791,FASE 1,1K,Feminino,2022,Pública,,,Ametista,7.507,,,,3.0,Avaliador-15,Avaliador-5,Avaliador-2,,0.0,8.1,7.52,5.3,6.0,4.5,,7.723333333,5.0,Fase 3 (7° e 8° ano),-2,7.8125,,6.247916667,Ágata,2023,Fase 3,7° e 8° ano
RA-601,FASE 1,1K,Masculino,2021,Pública,,Topázio,Ametista,7.713,,,,3.0,Avaliador-15,Avaliador-5,Avaliador-2,,9.0,10.0,7.52,8.7,8.0,9.3,,8.336666667,10.0,Fase 1 (3° e 4° ano),0,9.0625,,8.955783333,Topázio,2023,Fase 1,3° e 4° ano
RA-762,FASE 1,1K,Masculino,2022,Pública,,,Ametista,7.28,,,,3.0,Avaliador-15,Avaliador-5,Avaliador-2,,10.0,9.1,3.14,5.8,6.2,5.3,,7.67,5.0,Fase 3 (7° e 8° ano),-2,7.8125,,7.09945,Ametista,2023,Fase 3,7° e 8° ano
RA-778,FASE 1,1K,Feminino,2021,Pública,,Topázio,Ametista,7.432,,,,3.0,Avaliador-15,Avaliador-5,Avaliador-2,,8.5,7.9,7.52,8.2,7.3,9.0,,8.62,5.0,Fase 2 (5° e 6° ano),-1,8.90625,,7.926825,Ametista,2023,Fase 2,5° e 6° ano
RA-628,FASE 1,1K,Masculino,2022,Pública,,,Ametista,7.577,,,,3.0,Avaliador-15,Avaliador-5,Avaliador-2,,9.5,8.9,7.52,9.4,9.0,9.7,,8.45,5.0,Fase 3 (7° e 8° ano),-2,8.28125,,8.370325,Topázio,2023,Fase 3,7° e 8° ano
RA-606,FASE 1,1K,Masculino,2022,Pública,,,Ágata,6.127,,,,3.0,Avaliador-15,Avaliador-5,Avaliador-2,,8.5,8.5,7.52,6.0,4.7,7.2,,8.223333333,5.0,Fase 2 (5° e 6° ano),-1,7.65625,,7.402491667,Ametista,2023,Fase 2,5° e 6° ano
RA-766,FASE 1,1K,Feminino,2020,Pública,Ametista,Ametista,Topázio,8.185,,,,3.0,Avaliador-15,Avaliador-5,Avaliador-2,,10.0,8.7,4.39,8.7,9.2,8.2,,8.336666667,5.0,Fase 2 (5° e 6° ano),-1,9.21875,,8.008408333,Topázio,2023,Fase 2,5° e 6° ano
RA-607,FASE 1,1K,Masculino,2022,Pública,,,Ágata,6.44,,,,3.0,Avaliador-15,Avaliador-5,Avaliador-2,,8.0,7.5,7.52,6.8,4.8,8.7,,8.17,5.0,Fase 2 (5° e 6° ano),-1,7.96875,,7.333075,Ametista,2023,Fase 2,5° e 6° ano
RA-608,FASE 1,1K,Masculino,2022,Pública,,,Ametista,7.216,,,,3.0,Avaliador-15,Avaliador-5,Avaliador-2,,10.0,7.5,7.52,6.2,6.0,6.3,,8.113333333,5.0,Fase 2 (5° e 6° ano),-1,7.96875,,7.401741667,Ametista,2023,Fase 2,5° e 6° ano
RA-788,FASE 1,1K,Masculino,2021,Pública,,Topázio,Topázio,8.264,,,,3.0,Avaliador-15,Avaliador-5,Avaliador-2,,7.9,9.8,2.52,6.9,6.0,7.8,,8.283333333,10.0,Fase 1 (3° e 4° ano),0,7.65625,,7.806091667,Ametista,2023,Fase 1,3° e 4° ano
RA-784,FASE 1,1L,Feminino,2022,Pública,,,Topázio,8.34,,,,3.0,Avaliador-19,Avaliador-4,Avaliador-2,,10.0,9.5,7.52,7.3,6.5,8.0,,8.783333333,5.0,Fase 2 (5° e 6° ano),-1,8.125,,8.171366667,Topázio,2023,Fase 2,5° e 6° ano
RA-785,FASE 1,1L,Feminino,2022,Pública,,,Ametista,7.642,,,,3.0,Avaliador-19,Avaliador-4,Avaliador-2,,9.0,8.5,7.52,8.8,8.2,9.4,,8.67,5.0,Fase 2 (5° e 6° ano),-1,7.916666667,,8.137866667,Topázio,2023,Fase 2,5° e 6° ano
RA-587,FASE 1,1L,Masculino,2022,Pública,,,Ágata,6.632,,,,3.0,Avaliador-19,Avaliador-4,Avaliador-2,,8.5,7.0,7.52,2.7,2.2,3.2,,6.72,5.0,Fase 2 (5° e 6° ano),-1,6.458333333,,6.032033333,Quartzo,2023,Fase 2,5° e 6° ano
RA-790,FASE 1,1L,Masculino,2022,Pública,,,Ametista,7.504,,,,3.0,Avaliador-19,Avaliador-4,Avaliador-2,,0.0,8.1,7.52,7.4,7.2,7.5,,8.286666667,5.0,Fase 3 (7° e 8° ano),-2,7.083333333,,6.707666667,Ágata,2023,Fase 3,7° e 8° ano
RA-663,FASE 1,1L,Masculino,2022,Pública,,,Ágata,6.376,,,,3.0,Avaliador-19,Avaliador-4,Avaliador-2,,6.9,7.4,7.52,7.0,6.7,7.3,,7.393333333,5.0,Fase 2 (5° e 6° ano),-1,6.666666667,,6.969133333,Ágata,2023,Fase 2,5° e 6° ano
RA-664,FASE 1,1L,Feminino,2022,Pública,,,Ametista,7.277,,,,3.0,Avaliador-19,Avaliador-4,Avaliador-2,,9.0,9.6,7.52,8.0,8.0,8.0,,8.116666667,5.0,Fase 2 (5° e 6° ano),-1,7.916666667,,8.0872,Topázio,2023,Fase 2,5° e 6° ano
RA-761,FASE 1,1L,Masculino,2022,Pública,,,Topázio,8.06,,,,3.0,Avaliador-19,Avaliador-4,Avaliador-2,,9.0,9.7,7.52,8.4,8.7,8.0,,8.12,5.0,Fase 2 (5° e 6° ano),-1,8.333333333,,8.219533333,Topázio,2023,Fase 2,5° e 6° ano
RA-1057,FASE 1,1L,Feminino,2023,Pública,,,,,,,,3.0,Avaliador-19,Avaliador-4,Avaliador-2,,10.0,10.0,7.52,6.3,6.5,6.0,,8.34,10.0,Fase 1 (3° e 4° ano),0,8.125,,8.4827,Topázio,2023,Fase 1,3° e 4° ano
RA-629,FASE 1,1L,Feminino,2022,Pública,,,Topázio,8.11,,,,3.0,Avaliador-19,Avaliador-4,Avaliador-2,,10.0,9.4,7.52,7.5,7.0,8.0,,7.95,5.0,Fase 2 (5° e 6° ano),-1,7.916666667,,8.013866667,Topázio,2023,Fase 2,5° e 6° ano
RA-832,FASE 1,1L,Masculino,2022,Pública,,,Topázio,8.179,,,,3.0,Avaliador-19,Avaliador-4,Avaliador-2,,10.0,9.5,7.52,8.5,9.2,7.7,,8.283333333,5.0,Fase 2 (5° e 6° ano),-1,7.708333333,,8.2697,Topázio,2023,Fase 2,5° e 6° ano
RA-594,FASE 1,1L,Masculino,2022,Pública,,,Ametista,7.392,,,,3.0,Avaliador-19,Avaliador-4,Avaliador-2,,8.5,7.1,6.27,5.8,6.2,5.3,,7.336666667,5.0,Fase 2 (5° e 6° ano),-1,6.875,,6.702033333,Ágata,2023,Fase 2,5° e 6° ano
RA-617,FASE 1,1L,Feminino,2021,Pública,,Ametista,Ametista,7.107,,,,3.0,Avaliador-19,Avaliador-4,Avaliador-2,,0.0,9.0,7.52,6.9,5.5,8.2,,8.116666667,5.0,Fase 2 (5° e 6° ano),-1,7.708333333,,6.816166667,Ágata,2023,Fase 2,5° e 6° ano
RA-767,FASE 1,1L,Masculino,2021,Pública,,Ametista,Ametista,7.511,,,,3.0,Avaliador-19,Avaliador-4,Avaliador-2,,10.0,8.3,7.52,6.3,6.5,6.0,,7.446666667,5.0,Fase 2 (5° e 6° ano),-1,7.291666667,,7.3807,Ametista,2023,Fase 2,5° e 6° ano
RA-1058,FASE 1,1L,Feminino,2023,Pública,,,,,,,,3.0,Avaliador-19,Avaliador-4,Avaliador-2,,10.0,8.7,3.14,5.4,4.0,6.7,,7.62,10.0,Fase 1 (3° e 4° ano),0,7.083333333,,7.356533333,Ametista,2023,Fase 1,3° e 4° ano
RA-747,FASE 1,1L,Feminino,2022,Pública,,,Ametista,7.676,,,,3.0,Avaliador-19,Avaliador-4,Avaliador-2,,10.0,8.0,3.14,3.1,1.2,5.0,,6.94,5.0,Fase 2 (5° e 6° ano),-1,6.041666667,,6.026366667,Quartzo,2023,Fase 2,5° e 6° ano
RA-827,FASE 1,1M,Feminino,2022,Pública,,,Ametista,7.412,,,,3.0,Avaliador-15,Avaliador-5,Avaliador-2,,7.9,8.1,3.14,8.1,7.7,8.5,,8.73,5.0,Fase 2 (5° e 6° ano),-1,8.28125,,7.419925,Ametista,2023,Fase 2,5° e 6° ano
RA-1059,FASE 1,1M,Masculino,2023,Pública,,,,,,,,3.0,Avaliador-15,Avaliador-5,Avaliador-2,,10.0,9.8,2.52,7.6,6.2,9.0,,8.673333333,5.0,Fase 2 (5° e 6° ano),-1,7.96875,,7.763741667,Ametista,2023,Fase 2,5° e 6° ano
RA-612,FASE 1,1M,Feminino,2021,Privada - Programa de Apadrinhamento,,Topázio,Ametista,7.594,,,,3.0,Avaliador-15,Avaliador-5,Avaliador-2,,9.0,9.7,3.77,9.7,9.3,10.0,,9.286666667,5.0,Fase 2 (5° e 6° ano),-1,9.0625,,8.410783333,Topázio,2023,Fase 2,5° e 6° ano
RA-1060,FASE 1,1M,Masculino,2023,Pública,,,,,,,,3.0,Avaliador-15,Avaliador-5,Avaliador-2,,9.0,8.6,3.14,5.7,4.3,7.0,,8.673333333,5.0,Fase 2 (5° e 6° ano),-1,7.96875,,7.095741667,Ametista,2023,Fase 2,5° e 6° ano
RA-665,FASE 1,1M,Feminino,2022,Pública,,,Ágata,6.996,,,,3.0,Avaliador-15,Avaliador-5,Avaliador-2,,9.5,4.9,2.52,5.2,5.0,5.3,,8.226666667,5.0,Fase 2 (5° e 6° ano),-1,8.28125,,6.185658333,Ágata,2023,Fase 2,5° e 6° ano
RA-829,FASE 1,1M,Feminino,2022,Pública,,,Ametista,8.003,,,,3.0,Avaliador-15,Avaliador-5,Avaliador-2,,9.0,9.4,3.14,8.4,7.5,9.2,,9.23,10.0,Fase 1 (3° e 4° ano),0,9.21875,,8.532075,Topázio,2023,Fase 1,3° e 4° ano
RA-1061,FASE 1,1M,Masculino,2023,Pública,,,,,,,,3.0,Avaliador-15,Avaliador-5,Avaliador-2,,9.5,9.7,3.14,9.3,8.8,9.7,,8.836666667,5.0,Fase 2 (5° e 6° ano),-1,8.75,,8.196533333,Topázio,2023,Fase 2,5° e 6° ano
RA-1062,FASE 1,1M,Masculino,2023,Pública,,,,,,,,3.0,Avaliador-15,Avaliador-5,Avaliador-2,,7.4,7.7,3.77,6.2,4.8,7.5,,8.503333333,10.0,Fase 1 (3° e 4° ano),0,8.59375,,7.448841667,Ametista,2023,Fase 1,3° e 4° ano
RA-615,FASE 1,1M,Feminino,2020,Pública,Topázio,Topázio,Topázio,8.086,,,,3.0,Avaliador-15,Avaliador-5,Avaliador-2,,10.0,9.7,3.14,7.6,6.8,8.3,,8.616666667,5.0,Fase 2 (5° e 6° ano),-1,8.28125,,7.815658333,Ametista,2023,Fase 2,5° e 6° ano
RA-833,FASE 1,1M,Masculino,2022,Pública,,,Ametista,7.791,,,,3.0,Avaliador-15,Avaliador-5,Avaliador-2,,10.0,9.5,3.77,7.4,7.3,7.5,,8.56,5.0,Fase 2 (5° e 6° ano),-1,8.4375,,7.81295,Ametista,2023,Fase 2,5° e 6° ano
RA-630,FASE 1,1M,Masculino,2022,Pública,,,Topázio,8.064,,,,3.0,Avaliador-15,Avaliador-5,Avaliador-2,,9.0,8.6,3.77,5.7,4.2,7.2,,8.673333333,5.0,Fase 2 (5° e 6° ano),-1,8.28125,,7.199991667,Ametista,2023,Fase 2,5° e 6° ano
RA-752,FASE 1,1N,Feminino,2022,Pública,,,Topázio,8.197,,,,3.0,Avaliador-15,Avaliador-5,Avaliador-2,,9.5,9.9,7.52,6.4,4.8,8.0,,9.23,5.0,Fase 2 (5° e 6° ano),-1,7.65625,,8.073825,Topázio,2023,Fase 2,5° e 6° ano
RA-777,FASE 1,1N,Feminino,2022,Pública,,,Ametista,7.096,,,,3.0,Avaliador-15,Avaliador-5,Avaliador-2,,0.0,9.3,7.52,6.3,5.3,7.3,,8.84,10.0,Fase 1 (3° e 4° ano),0,8.28125,,7.468125,Ametista,2023,Fase 1,3° e 4° ano
RA-1063,FASE 1,1N,Masculino,2023,Privada - Programa de Apadrinhamento,,,,,,,,3.0,Avaliador-15,Avaliador-5,Avaliador-2,,9.5,9.5,7.52,5.9,4.7,7.0,,7.89,5.0,Fase 2 (5° e 6° ano),-1,6.40625,,7.490825,Ametista,2023,Fase 2,5° e 6° ano
RA-764,FASE 1,1N,Masculino,2022,Pública,,,Ametista,8.004,,,,3.0,Avaliador-15,Avaliador-5,Avaliador-2,,0.0,9.2,7.52,7.8,6.0,9.5,,8.56,10.0,Fase 1 (3° e 4° ano),0,8.28125,,7.682125,Ametista,2023,Fase 1,3° e 4° ano
RA-1064,FASE 1,1N,Masculino,2023,Pública,,,,,,,,3.0,Avaliador-15,Avaliador-5,Avaliador-2,,8.5,9.8,7.52,8.6,8.3,8.8,,8.84,5.0,Fase 2 (5° e 6° ano),-1,9.375,,8.4777,Topázio,2023,Fase 2,5° e 6° ano
RA-1065,FASE 1,1N,Feminino,2023,Pública,,,,,,,,3.0,Avaliador-15,Avaliador-5,Avaliador-2,,8.5,9.6,7.52,7.0,7.7,6.3,,8.84,5.0,Fase 2 (5° e 6° ano),-1,8.4375,,8.03395,Topázio,2023,Fase 2,5° e 6° ano
RA-772,FASE 1,1N,Masculino,2021,Pública,,Quartzo,Ágata,6.994,,,,3.0,Avaliador-15,Avaliador-5,Avaliador-2,,0.0,7.2,7.52,4.8,5.2,4.3,,8.003333333,5.0,Fase 3 (7° e 8° ano),-2,6.875,,5.930166667,Quartzo,2023,Fase 3,7° e 8° ano
RA-781,FASE 1,1N,Feminino,2021,Pública,,Topázio,Ametista,7.786,,,,3.0,Avaliador-15,Avaliador-5,Avaliador-2,,7.5,9.8,7.52,7.9,7.0,8.8,,9.116666667,5.0,Fase 2 (5° e 6° ano),-1,8.4375,,8.209283333,Topázio,2023,Fase 2,5° e 6° ano
RA-1066,FASE 1,1N,Feminino,2023,Pública,,,,,,,,3.0,Avaliador-15,Avaliador-5,Avaliador-2,,8.5,6.6,7.52,6.2,4.2,8.2,,8.783333333,5.0,Fase 2 (5° e 6° ano),-1,8.4375,,7.262616667,Ametista,2023,Fase 2,5° e 6° ano
RA-1067,FASE 1,1N,Masculino,2023,Pública,,,,,,,,3.0,Avaliador-15,Avaliador-5,Avaliador-2,,0.0,7.9,7.52,5.4,4.5,6.3,,9.006666667,5.0,Fase 2 (5° e 6° ano),-1,8.28125,,6.541458333,Ágata,2023,Fase 2,5° e 6° ano
RA-834,FASE 1,1N,Masculino,2022,Pública,,,Topázio,8.136,,,,3.0,Avaliador-15,Avaliador-5,Avaliador-2,,9.0,9.9,6.27,9.2,9.0,9.3,,9.283333333,5.0,Fase 2 (5° e 6° ano),-1,9.6875,,8.662616667,Topázio,2023,Fase 2,5° e 6° ano
RA-722,FASE 1,1N,Feminino,2021,Pública,,Topázio,Ametista,7.41,,,,3.0,Avaliador-15,Avaliador-5,Avaliador-2,,8.5,9.6,2.52,6.4,4.5,8.2,,8.67,5.0,Fase 2 (5° e 6° ano),-1,8.125,,7.3387,Ametista,2023,Fase 2,5° e 6° ano
RA-1068,FASE 1,1P,Masculino,2023,Pública,,,,,,,,3.0,Avaliador-15,Avaliador-5,Avaliador-2,,8.5,9.3,6.89,9.0,8.3,9.7,,9.283333333,5.0,Fase 2 (5° e 6° ano),-1,9.166666667,,8.472533333,Topázio,2023,Fase 2,5° e 6° ano
RA-796,FASE 1,1P,Feminino,2022,Pública,,,Ametista,7.232,,,,3.0,Avaliador-15,Avaliador-5,Avaliador-2,,9.0,9.8,6.27,5.5,5.0,6.0,,8.336666667,5.0,Fase 2 (5° e 6° ano),-1,7.083333333,,7.462866667,Ametista,2023,Fase 2,5° e 6° ano
RA-1069,FASE 1,1P,Masculino,2023,Pública,,,,,,,,3.0,Avaliador-15,Avaliador-5,Avaliador-2,,9.0,7.8,7.52,7.1,7.5,6.7,,8.226666667,5.0,Fase 2 (5° e 6° ano),-1,8.125,,7.590033333,Ametista,2023,Fase 2,5° e 6° ano
RA-797,FASE 1,1P,Masculino,2021,Pública,,Ágata,Ametista,7.217,,,,3.0,Avaliador-15,Avaliador-5,Avaliador-2,,8.5,8.6,7.52,7.5,7.0,8.0,,7.233333333,5.0,Fase 2 (5° e 6° ano),-1,6.041666667,,7.373033333,Ametista,2023,Fase 2,5° e 6° ano
RA-647,FASE 1,1P,Feminino,2022,Privada - Programa de Apadrinhamento,,,Ágata,6.606,,,,3.0,Avaliador-15,Avaliador-5,Avaliador-2,,7.3,8.7,6.27,5.2,4.7,5.7,,8.446666667,5.0,Fase 2 (5° e 6° ano),-1,7.708333333,,7.100566667,Ametista,2023,Fase 2,5° e 6° ano
RA-814,FASE 1,1P,Masculino,2022,Pública,,,Ametista,7.592,,,,3.0,Avaliador-15,Avaliador-5,Avaliador-2,,9.5,9.6,6.89,8.2,7.8,8.5,,9.226666667,5.0,Fase 2 (5° e 6° ano),-1,8.333333333,,8.367866667,Topázio,2023,Fase 2,5° e 6° ano
RA-652,FASE 1,1P,Feminino,2022,Pública,,,Topázio,8.151,,,,3.0,Avaliador-15,Avaliador-5,Avaliador-2,,9.0,9.4,6.89,7.0,6.2,7.8,,8.446666667,5.0,Fase 2 (5° e 6° ano),-1,8.125,,7.871033333,Ametista,2023,Fase 2,5° e 6° ano
RA-816,FASE 1,1P,Feminino,2022,Pública,,,Topázio,8.513,,,,3.0,Avaliador-15,Avaliador-5,Avaliador-2,,7.5,9.8,7.52,8.9,7.8,10.0,,9.283333333,5.0,Fase 2 (5° e 6° ano),-1,9.583333333,,8.5572,Topázio,2023,Fase 2,5° e 6° ano
RA-640,FASE 1,1P,Feminino,2022,Pública,,,Ágata,6.73,,,,3.0,Avaliador-15,Avaliador-5,Avaliador-2,,0.0,7.3,7.52,4.9,4.0,5.8,,8.446666667,5.0,Fase 3 (7° e 8° ano),-2,7.291666667,,6.1105,Ágata,2023,Fase 3,7° e 8° ano
RA-810,FASE 1,1P,Masculino,2021,Pública,,Ametista,Ametista,7.887,,,,3.0,Avaliador-15,Avaliador-5,Avaliador-2,,8.0,8.5,7.52,6.9,6.3,7.5,,7.836666667,10.0,Fase 1 (3° e 4° ano),0,5.833333333,,7.782866667,Ametista,2023,Fase 1,3° e 4° ano
RA-643,FASE 1,1P,Masculino,2022,Pública,,,Ágata,6.763,,,,3.0,Avaliador-15,Avaliador-5,Avaliador-2,,9.5,8.2,7.52,7.1,7.0,7.2,,7.613333333,5.0,Fase 2 (5° e 6° ano),-1,6.041666667,,7.389033333,Ametista,2023,Fase 2,5° e 6° ano
RA-819,FASE 1,1P,Masculino,2022,Pública,,,Ametista,7.741,,,,3.0,Avaliador-15,Avaliador-5,Avaliador-2,,0.0,8.3,7.52,9.5,9.7,9.3,,8.893333333,10.0,Fase 1 (3° e 4° ano),0,8.541666667,,7.944833333,Ametista,2023,Fase 1,3° e 4° ano
RA-1070,FASE 1,1P,Masculino,2023,Pública,,,,,,,,3.0,Avaliador-15,Avaliador-5,Avaliador-2,,9.0,7.8,3.14,5.8,5.3,6.3,,8.67,5.0,Fase 2 (5° e 6° ano),-1,7.708333333,,6.939033333,Ágata,2023,Fase 2,5° e 6° ano
RA-813,FASE 1,1R,Masculino,2022,Pública,,,Ametista,7.093,,,,3.0,Avaliador-15,Avaliador-5,Avaliador-2,,9.5,8.4,7.52,3.9,2.3,5.5,,8.06,10.0,Fase 1 (3° e 4° ano),0,8.125,,7.5867,Ametista,2023,Fase 1,3° e 4° ano
RA-636,FASE 1,1R,Masculino,2022,Pública,,,Ametista,7.189,,,,3.0,Avaliador-15,Avaliador-5,Avaliador-2,,0.0,8.3,5.64,9.0,9.2,8.7,,7.446666667,5.0,Fase 2 (5° e 6° ano),-1,8.333333333,,6.836666667,Ágata,2023,Fase 2,5° e 6° ano
RA-798,FASE 1,1R,Masculino,2022,Privada - Programa de Apadrinhamento,,,Ametista,7.049,,,,3.0,Avaliador-15,Avaliador-5,Avaliador-2,,9.0,8.1,7.52,6.1,4.3,7.8,,6.95,5.0,Fase 2 (5° e 6° ano),-1,6.458333333,,7.018033333,Ametista,2023,Fase 2,5° e 6° ano
RA-799,FASE 1,1R,Feminino,2022,Pública,,,Ametista,7.676,,,,3.0,Avaliador-15,Avaliador-5,Avaliador-2,,9.5,9.6,5.64,8.3,7.8,8.8,,8.17,5.0,Fase 2 (5° e 6° ano),-1,8.333333333,,8.061533333,Topázio,2023,Fase 2,5° e 6° ano
RA-815,FASE 1,1R,Masculino,2022,Pública,,,Ágata,6.81,,,,3.0,Avaliador-15,Avaliador-5,Avaliador-2,,0.0,8.6,5.02,6.5,7.0,6.0,,7.063333333,5.0,Fase 2 (5° e 6° ano),-1,6.875,,6.122166667,Ágata,2023,Fase 2,5° e 6° ano
RA-637,FASE 1,1R,Feminino,2021,Pública,,Topázio,Ametista,7.039,,,,3.0,Avaliador-15,Avaliador-5,Avaliador-2,,8.0,9.5,7.52,8.5,8.7,8.2,,8.17,5.0,Fase 2 (5° e 6° ano),-1,8.333333333,,8.109533333,Topázio,2023,Fase 2,5° e 6° ano
RA-638,FASE 1,1R,Feminino,2020,Pública,Topázio,Ametista,Ametista,7.059,,,,3.0,Avaliador-15,Avaliador-5,Avaliador-2,,9.0,9.4,7.52,6.5,6.8,6.2,,7.946666667,5.0,Fase 2 (5° e 6° ano),-1,8.333333333,,7.754866667,Ametista,2023,Fase 2,5° e 6° ano
RA-801,FASE 1,1R,Masculino,2022,Pública,,,Ágata,6.644,,,,3.0,Avaliador-15,Avaliador-5,Avaliador-2,,0.0,7.5,7.52,7.6,6.8,8.3,,7.12,10.0,Fase 1 (3° e 4° ano),0,6.875,,6.8735,Ágata,2023,Fase 1,3° e 4° ano
RA-802,FASE 1,1R,Masculino,2021,Pública,,Ametista,Ametista,7.831,,,,3.0,Avaliador-15,Avaliador-5,Avaliador-2,,8.0,9.3,7.52,9.4,9.3,9.5,,7.506666667,5.0,Fase 2 (5° e 6° ano),-1,8.333333333,,8.126866667,Topázio,2023,Fase 2,5° e 6° ano
RA-1071,FASE 1,1R,Masculino,2023,Pública,,,,,,,,3.0,Avaliador-15,Avaliador-5,Avaliador-2,,9.0,8.6,7.52,3.5,1.7,5.3,,6.396666667,5.0,Fase 2 (5° e 6° ano),-1,5.625,,6.414033333,Ágata,2023,Fase 2,5° e 6° ano
RA-817,FASE 1,1R,Feminino,2022,Pública,,,Ametista,7.819,,,,3.0,Avaliador-15,Avaliador-5,Avaliador-2,,9.5,8.8,6.89,5.4,5.0,5.7,,7.89,10.0,Fase 1 (3° e 4° ano),0,8.125,,7.8597,Ametista,2023,Fase 1,3° e 4° ano
RA-818,FASE 1,1R,Masculino,2022,Pública,,,Ametista,7.483,,,,3.0,Avaliador-15,Avaliador-5,Avaliador-2,,10.0,8.4,7.52,6.2,5.5,6.8,,7.613333333,10.0,ALFA (1° e 2° ano),1,8.125,,7.997366667,Ametista,2023,ALFA,1° e 2° ano
RA-804,FASE 1,1R,Masculino,2022,Pública,,,Ágata,6.848,,,,3.0,Avaliador-15,Avaliador-5,Avaliador-2,,10.0,8.6,6.27,6.9,6.2,7.5,,7.173333333,5.0,Fase 2 (5° e 6° ano),-1,5.833333333,,7.2352,Ametista,2023,Fase 2,5° e 6° ano
RA-645,FASE 1,1R,Feminino,2022,Pública,,,Ágata,6.086,,,,3.0,Avaliador-15,Avaliador-5,Avaliador-2,,9.0,8.5,6.27,7.3,6.5,8.0,,8.116666667,5.0,Fase 2 (5° e 6° ano),-1,8.125,,7.613033333,Ametista,2023,Fase 2,5° e 6° ano
RA-479,FASE 2,2A,Masculino,2020,Privada - Programa de Apadrinhamento,Topázio,Topázio,Topázio,8.465,,,,3.0,Avaliador-15,Avaliador-5,Avaliador-2,,9.0,10.0,2.52,9.7,9.3,10.0,,9.6375,10.0,Fase 2 (5° e 6° ano),0,9.791666667,,8.988866667,Topázio,2023,Fase 2,5° e 6° ano
RA-493,FASE 2,2A,Feminino,2020,Pública,Topázio,Topázio,Topázio,8.306,,,,3.0,Avaliador-15,Avaliador-5,Avaliador-2,,9.5,9.6,2.52,6.0,4.7,7.2,,8.84,10.0,Fase 2 (5° e 6° ano),0,8.541666667,,7.934366667,Ametista,2023,Fase 2,5° e 6° ano
RA-1072,FASE 2,2A,Masculino,2023,Pública,,,,,,,,3.0,Avaliador-15,Avaliador-5,Avaliador-2,,9.0,8.6,5.0,6.7,5.2,8.2,,8.7125,10.0,Fase 2 (5° e 6° ano),0,8.125,,8.0152,Topázio,2023,Fase 2,5° e 6° ano
RA-536,FASE 2,2A,Feminino,2020,Pública,Topázio,Ametista,Ametista,7.106,,,,3.0,Avaliador-15,Avaliador-5,Avaliador-2,,8.0,9.3,2.52,5.9,5.0,6.8,,9.17,10.0,Fase 2 (5° e 6° ano),0,8.333333333,,7.759533333,Ametista,2023,Fase 2,5° e 6° ano
RA-1073,FASE 2,2A,Feminino,2023,Pública,,,,,,,,3.0,Avaliador-15,Avaliador-5,Avaliador-2,,0.0,8.8,2.52,6.2,4.8,7.5,,9.045,5.0,Fase 3 (7° e 8° ano),-1,8.333333333,,6.384333333,Ágata,2023,Fase 3,7° e 8° ano
RA-494,FASE 2,2A,Feminino,2022,Privada,,,Ágata,6.407,,,,3.0,Avaliador-15,Avaliador-5,Avaliador-2,,6.9,9.0,2.52,6.8,6.3,7.3,,8.71,5.0,Fase 3 (7° e 8° ano),-1,7.708333333,,7.116633333,Ametista,2023,Fase 3,7° e 8° ano
RA-496,FASE 2,2A,Masculino,2018,Privada,Quartzo,Quartzo,Ágata,6.683,,,,3.0,Avaliador-15,Avaliador-5,Avaliador-2,,0.0,7.1,5.0,8.3,7.5,9.0,,8.71,5.0,Fase 3 (7° e 8° ano),-1,7.916666667,,6.603666667,Ágata,2023,Fase 3,7° e 8° ano
RA-497,FASE 2,2A,Feminino,2016,Privada - Programa de apadrinhamento,Quartzo,Quartzo,Ágata,6.323,,,,3.0,Avaliador-15,Avaliador-5,Avaliador-2,,5.3,8.7,2.52,3.5,1.7,5.3,,6.885,5.0,Fase 4 (9° ano),-2,6.25,,5.7191,Quartzo,2023,Fase 4,9° ano
RA-1074,FASE 2,2A,Feminino,2023,Pública,,,,,,,,3.0,Avaliador-15,Avaliador-5,Avaliador-2,,0.0,9.8,2.52,6.0,8.0,4.0,,7.8775,5.0,Fase 3 (7° e 8° ano),-1,7.083333333,,6.195833333,Ágata,2023,Fase 3,7° e 8° ano
RA-486,FASE 2,2A,Feminino,2020,Privada,Topázio,Topázio,Ametista,7.621,,,,3.0,Avaliador-15,Avaliador-5,Avaliador-2,,8.4,6.4,2.52,6.2,3.3,9.0,,8.7525,10.0,Fase 2 (5° e 6° ano),0,7.5,,7.1043,Ametista,2023,Fase 2,5° e 6° ano
RA-1075,FASE 2,2A,Feminino,2023,Pública,,,,,,,,3.0,Avaliador-15,Avaliador-5,Avaliador-2,,0.0,9.6,5.0,5.5,5.0,6.0,,9.0025,5.0,Fase 3 (7° e 8° ano),-1,7.708333333,,6.591333333,Ágata,2023,Fase 3,7° e 8° ano
RA-578,FASE 2,2A,Masculino,2019,Privada - Programa de Apadrinhamento,Ametista,Topázio,Topázio,8.814,,,,3.0,Avaliador-15,Avaliador-5,Avaliador-2,,9.0,10.0,2.52,9.7,9.8,9.5,,9.7625,10.0,Fase 2 (5° e 6° ano),0,9.791666667,,9.013866667,Topázio,2023,Fase 2,5° e 6° ano
RA-513,FASE 2,2A,Masculino,2021,Privada,,Topázio,Topázio,8.229,,,,3.0,Avaliador-15,Avaliador-5,Avaliador-2,,9.5,9.7,2.52,7.5,7.2,7.8,,9.0075,10.0,Fase 2 (5° e 6° ano),0,8.541666667,,8.297866667,Topázio,2023,Fase 2,5° e 6° ano
RA-487,FASE 2,2A,Feminino,2019,Privada - Programa de Apadrinhamento,Topázio,Topázio,Topázio,8.417,,,,3.0,Avaliador-15,Avaliador-5,Avaliador-2,,8.5,9.9,5.0,9.5,9.2,9.7,,9.26,10.0,Fase 2 (5° e 6° ano),0,9.166666667,,8.988866667,Topázio,2023,Fase 2,5° e 6° ano
RA-1076,FASE 2,2A,Feminino,2023,Pública,,,,,,,,3.0,Avaliador-15,Avaliador-5,Avaliador-2,,9.0,9.7,2.52,8.5,9.0,8.0,,8.8775,5.0,Fase 3 (7° e 8° ano),-1,8.333333333,,7.901033333,Ametista,2023,Fase 3,7° e 8° ano
RA-490,FASE 2,2A,Feminino,2022,Privada,,,Ametista,7.576,,,,3.0,Avaliador-15,Avaliador-5,Avaliador-2,,7.9,7.9,2.52,5.8,2.8,8.7,,9.0075,10.0,Fase 2 (5° e 6° ano),0,8.541666667,,7.429466667,Ametista,2023,Fase 2,5° e 6° ano
RA-491,FASE 2,2A,Masculino,2022,Pública,,,Ametista,7.461,,,,3.0,Avaliador-15,Avaliador-5,Avaliador-2,,9.5,9.6,2.52,5.0,3.3,6.7,,8.3375,10.0,Fase 2 (5° e 6° ano),0,7.708333333,,7.560533333,Ametista,2023,Fase 2,5° e 6° ano
RA-1077,FASE 2,2B,Masculino,2023,Pública,,,,,,,,3.0,Avaliador-15,Avaliador-5,Avaliador-2,,0.0,9.7,2.52,7.3,6.8,7.8,,8.4225,10.0,Fase 2 (5° e 6° ano),0,8.75,,7.2115,Ametista,2023,Fase 2,5° e 6° ano
RA-484,FASE 2,2B,Masculino,2022,Pública,,,Ágata,6.71,,,,3.0,Avaliador-15,Avaliador-5,Avaliador-2,,6.4,7.5,2.52,3.6,3.2,4.0,,6.8,5.0,Fase 3 (7° e 8° ano),-1,5.416666667,,5.515466667,Quartzo,2023,Fase 3,7° e 8° ano
RA-508,FASE 2,2B,Masculino,2022,Pública,,,Ágata,6.575,,,,3.0,Avaliador-15,Avaliador-5,Avaliador-2,,6.4,8.6,2.52,7.5,6.2,8.7,,8.6725,10.0,Fase 2 (5° e 6° ano),0,8.333333333,,7.671633333,Ametista,2023,Fase 2,5° e 6° ano
RA-495,FASE 2,2B,Masculino,2022,Privada,,,Ametista,7.857,,,,3.0,Avaliador-15,Avaliador-5,Avaliador-2,,9.0,8.4,2.52,7.4,6.0,8.8,,8.755,5.0,Fase 3 (7° e 8° ano),-1,8.541666667,,7.417366667,Ametista,2023,Fase 3,7° e 8° ano
RA-1078,FASE 2,2B,Masculino,2023,Pública,,,,,,,,3.0,Avaliador-15,Avaliador-5,Avaliador-2,,5.3,6.8,2.52,6.4,4.3,8.5,,8.2975,5.0,Fase 4 (9° ano),-2,8.958333333,,6.472333333,Ágata,2023,Fase 4,9° ano
RA-340,FASE 2,2B,Masculino,2017,Pública,Ametista,Ágata,Ametista,7.721,,,,3.0,Avaliador-15,Avaliador-5,Avaliador-2,,0.0,9.6,2.52,8.9,9.0,8.7,,8.505,5.0,Fase 3 (7° e 8° ano),-1,9.166666667,,7.059666667,Ametista,2023,Fase 3,7° e 8° ano
RA-1079,FASE 2,2B,Masculino,2023,Pública,,,,,,,,3.0,Avaliador-15,Avaliador-5,Avaliador-2,,9.0,8.1,2.52,7.6,7.3,7.8,,7.13,5.0,Fase 3 (7° e 8° ano),-1,7.083333333,,6.916533333,Ágata,2023,Fase 3,7° e 8° ano
RA-1080,FASE 2,2B,Masculino,2023,Pública,,,,,,,,3.0,Avaliador-15,Avaliador-5,Avaliador-2,,7.9,10.0,5.0,1.5,0.0,3.0,,8.13,5.0,Fase 3 (7° e 8° ano),-1,8.541666667,,6.571966667,Ágata,2023,Fase 3,7° e 8° ano
RA-1081,FASE 2,2B,Feminino,2023,Pública,,,,,,,,3.0,Avaliador-15,Avaliador-5,Avaliador-2,,10.0,10.0,2.52,6.5,8.0,5.0,,8.59,5.0,Fase 4 (9° ano),-2,8.958333333,,7.666033333,Ametista,2023,Fase 4,9° ano
RA-1082,FASE 2,2B,Feminino,2023,Pública,,,,,,,,3.0,Avaliador-15,Avaliador-5,Avaliador-2,,9.5,9.5,2.52,5.0,3.5,6.5,,8.4225,5.0,Fase 3 (7° e 8° ano),-1,8.75,,7.1617,Ametista,2023,Fase 3,7° e 8° ano
RA-1083,FASE 2,2B,Feminino,2023,Pública,,,,,,,,3.0,Avaliador-15,Avaliador-5,Avaliador-2,,6.8,10.0,5.0,7.5,7.0,8.0,,8.38,10.0,Fase 2 (5° e 6° ano),0,8.75,,8.2345,Topázio,2023,Fase 2,5° e 6° ano
RA-531,FASE 2,2B,Masculino,2022,Pública,,,Ametista,8.057,,,,3.0,Avaliador-15,Avaliador-5,Avaliador-2,,9.5,10.0,2.52,7.7,6.3,9.0,,8.59,10.0,Fase 2 (5° e 6° ano),0,8.75,,8.3252,Topázio,2023,Fase 2,5° e 6° ano
RA-1084,FASE 2,2B,Feminino,2023,Pública,,,,,,,,3.0,Avaliador-15,Avaliador-5,Avaliador-2,,8.4,10.0,2.52,6.8,5.0,8.5,,8.38,10.0,Fase 2 (5° e 6° ano),0,8.75,,7.9948,Ametista,2023,Fase 2,5° e 6° ano
RA-516,FASE 2,2B,Masculino,2019,Privada - Programa de Apadrinhamento,Topázio,Topázio,Topázio,8.903,,,,3.0,Avaliador-15,Avaliador-5,Avaliador-2,,10.0,9.8,2.52,9.3,9.0,9.5,,8.7175,10.0,Fase 2 (5° e 6° ano),0,8.75,,8.6807,Topázio,2023,Fase 2,5° e 6° ano
RA-348,FASE 2,2B,Masculino,2022,Pública,,,Quartzo,5.864,,,,3.0,Avaliador-15,Avaliador-5,Avaliador-2,,10.0,8.7,2.52,4.4,2.0,6.7,,8.0075,5.0,Fase 3 (7° e 8° ano),-1,8.541666667,,6.817866667,Ágata,2023,Fase 3,7° e 8° ano
RA-1085,FASE 2,2C,Feminino,2023,Pública,,,,,,,,3.0,Avaliador-15,Avaliador-5,Avaliador-2,,0.0,9.8,2.52,6.7,6.0,7.3,,8.13,5.0,Fase 3 (7° e 8° ano),-1,8.958333333,,6.563833333,Ágata,2023,Fase 3,7° e 8° ano
RA-1086,FASE 2,2C,Feminino,2023,Pública,,,,,,,,3.0,Avaliador-15,Avaliador-5,Avaliador-2,,8.5,9.4,2.52,5.7,6.0,5.3,,8.755,5.0,Fase 3 (7° e 8° ano),-1,8.75,,7.2382,Ametista,2023,Fase 3,7° e 8° ano
RA-1087,FASE 2,2C,Feminino,2023,Pública,,,,,,,,3.0,Avaliador-15,Avaliador-5,Avaliador-2,,10.0,9.5,2.52,5.4,3.7,7.0,,8.0475,5.0,Fase 3 (7° e 8° ano),-1,8.75,,7.2067,Ametista,2023,Fase 3,7° e 8° ano
RA-509,FASE 2,2C,Feminino,2018,Pública,Ametista,Ágata,Ametista,7.808,,,,3.0,Avaliador-15,Avaliador-5,Avaliador-2,,8.5,8.1,2.52,8.6,8.2,9.0,,8.84,5.0,Fase 3 (7° e 8° ano),-1,8.958333333,,7.606033333,Ametista,2023,Fase 3,7° e 8° ano
RA-499,FASE 2,2C,Masculino,2020,Pública,Ágata,Ametista,Ametista,7.826,,,,3.0,Avaliador-15,Avaliador-5,Avaliador-2,,7.9,10.0,2.52,6.6,5.3,7.8,,8.2975,10.0,Fase 2 (5° e 6° ano),0,8.75,,7.8883,Ametista,2023,Fase 2,5° e 6° ano
RA-500,FASE 2,2C,Feminino,2020,Pública,Topázio,Topázio,Topázio,8.232,,,,3.0,Avaliador-15,Avaliador-5,Avaliador-2,,9.5,10.0,2.52,7.9,8.5,7.2,,8.7975,10.0,Fase 2 (5° e 6° ano),0,8.958333333,,8.427533333,Topázio,2023,Fase 2,5° e 6° ano
RA-1088,FASE 2,2C,Masculino,2023,Pública,,,,,,,,3.0,Avaliador-15,Avaliador-5,Avaliador-2,,9.5,9.8,2.52,6.8,6.0,7.5,,7.9225,5.0,Fase 3 (7° e 8° ano),-1,8.75,,7.4717,Ametista,2023,Fase 3,7° e 8° ano
RA-1089,FASE 2,2C,Feminino,2023,Pública,,,,,,,,3.0,Avaliador-15,Avaliador-5,Avaliador-2,,9.0,9.5,2.52,7.0,6.0,8.0,,8.3375,10.0,Fase 2 (5° e 6° ano),0,8.75,,7.9947,Ametista,2023,Fase 2,5° e 6° ano
RA-1090,FASE 2,2C,Masculino,2023,Pública,,,,,,,,3.0,Avaliador-15,Avaliador-5,Avaliador-2,,9.0,9.6,2.52,9.0,8.7,9.3,,7.88,5.0,Fase 3 (7° e 8° ano),-1,8.958333333,,7.844033333,Ametista,2023,Fase 3,7° e 8° ano
RA-503,FASE 2,2C,Masculino,2020,Pública,Topázio,Topázio,Ametista,7.95,,,,3.0,Avaliador-15,Avaliador-5,Avaliador-2,,9.5,10.0,2.52,8.7,8.7,8.7,,8.255,10.0,Fase 2 (5° e 6° ano),0,8.75,,8.4682,Topázio,2023,Fase 2,5° e 6° ano
RA-1091,FASE 2,2C,Masculino,2023,Pública,,,,,,,,3.0,Avaliador-15,Avaliador-5,Avaliador-2,,8.5,9.0,2.52,9.5,9.3,9.7,,9.1725,5.0,Fase 3 (7° e 8° ano),-1,8.958333333,,8.032533333,Topázio,2023,Fase 3,7° e 8° ano
RA-1092,FASE 2,2C,Masculino,2023,Pública,,,,,,,,3.0,Avaliador-15,Avaliador-5,Avaliador-2,,7.8,9.8,2.52,6.9,6.0,7.8,,8.2975,5.0,Fase 3 (7° e 8° ano),-1,8.75,,7.41,Ametista,2023,Fase 3,7° e 8° ano
RA-1093,FASE 2,2C,Masculino,2023,Pública,,,,,,,,3.0,Avaliador-15,Avaliador-5,Avaliador-2,,7.0,9.3,2.52,9.2,9.3,9.0,,8.2975,10.0,Fase 2 (5° e 6° ano),0,8.958333333,,8.197533333,Topázio,2023,Fase 2,5° e 6° ano
RA-1094,FASE 2,2C,Feminino,2023,Pública,,,,,,,,3.0,Avaliador-15,Avaliador-5,Avaliador-2,,7.8,9.5,2.52,8.5,7.8,9.2,,8.3375,10.0,Fase 2 (5° e 6° ano),0,8.75,,8.1779,Topázio,2023,Fase 2,5° e 6° ano
RA-1095,FASE 2,2C,Masculino,2023,Pública,,,,,,,,3.0,Avaliador-15,Avaliador-5,Avaliador-2,,0.0,9.8,2.52,5.3,5.8,4.7,,8.005,5.0,Fase 3 (7° e 8° ano),-1,8.75,,6.238,Ágata,2023,Fase 3,7° e 8° ano
RA-324,FASE 2,2D,Feminino,2022,Pública,,,Topázio,8.27,,,,3.0,Avaliador-15,Avaliador-5,Avaliador-2,,5.8,9.0,2.52,8.4,8.0,8.7,,7.5875,10.0,Fase 2 (5° e 6° ano),0,8.125,,7.6354,Ametista,2023,Fase 2,5° e 6° ano
RA-350,FASE 2,2D,Feminino,2022,Pública,,,Topázio,8.206,,,,3.0,Avaliador-15,Avaliador-5,Avaliador-2,,10.0,9.7,2.52,9.0,8.8,9.2,,7.92,5.0,Fase 3 (7° e 8° ano),-1,8.958333333,,7.972033333,Ametista,2023,Fase 3,7° e 8° ano
RA-517,FASE 2,2D,Feminino,2017,Pública,Ametista,Ágata,Ametista,7.604,,,,3.0,Avaliador-15,Avaliador-5,Avaliador-2,,4.1,9.0,2.52,6.6,4.5,8.7,,6.7125,5.0,Fase 3 (7° e 8° ano),-1,6.875,,6.3104,Ágata,2023,Fase 3,7° e 8° ano
RA-325,FASE 2,2D,Masculino,2022,Pública,,,Ametista,7.619,,,,3.0,Avaliador-15,Avaliador-5,Avaliador-2,,0.0,7.1,5.0,5.6,3.8,7.3,,7.0025,10.0,Fase 2 (5° e 6° ano),0,8.125,,6.243,Ágata,2023,Fase 2,5° e 6° ano
RA-518,FASE 2,2D,Masculino,2022,Pública,,,Ametista,7.661,,,,3.0,Avaliador-15,Avaliador-5,Avaliador-2,,8.5,8.5,5.0,6.7,5.5,7.8,,6.9175,10.0,Fase 2 (5° e 6° ano),0,8.125,,7.5762,Ametista,2023,Fase 2,5° e 6° ano
RA-530,FASE 2,2D,Masculino,2019,Pública,Topázio,Topázio,Topázio,8.338,,,,3.0,Avaliador-15,Avaliador-5,Avaliador-2,,10.0,8.8,5.0,5.7,5.8,5.5,,7.46,10.0,Fase 2 (5° e 6° ano),0,7.708333333,,7.653033333,Ametista,2023,Fase 2,5° e 6° ano
RA-524,FASE 2,2D,Masculino,2019,Pública,Ametista,Ametista,Ágata,6.947,,,,3.0,Avaliador-15,Avaliador-5,Avaliador-2,,6.4,9.2,2.52,8.9,9.0,8.8,,7.42,5.0,Fase 3 (7° e 8° ano),-1,8.333333333,,7.331133333,Ametista,2023,Fase 3,7° e 8° ano
RA-1096,FASE 2,2D,Feminino,2023,Pública,,,,,,,,3.0,Avaliador-15,Avaliador-5,Avaliador-2,,9.5,9.9,2.52,9.6,9.5,9.7,,8.0875,10.0,Fase 2 (5° e 6° ano),0,8.958333333,,8.615533333,Topázio,2023,Fase 2,5° e 6° ano
RA-526,FASE 2,2D,Masculino,2022,Pública,,,Topázio,8.079,,,,3.0,Avaliador-15,Avaliador-5,Avaliador-2,,9.5,9.8,5.0,8.8,8.3,9.3,,7.7525,5.0,Fase 3 (7° e 8° ano),-1,8.75,,8.0957,Topázio,2023,Fase 3,7° e 8° ano
RA-528,FASE 2,2D,Masculino,2021,Pública,,Ametista,Quartzo,5.335,,,,3.0,Avaliador-15,Avaliador-5,Avaliador-2,,9.0,8.5,5.0,8.2,7.5,8.8,,7.92,5.0,Fase 3 (7° e 8° ano),-1,8.75,,7.6892,Ametista,2023,Fase 3,7° e 8° ano
RA-534,FASE 2,2D,Masculino,2021,Pública,,Ametista,Ametista,7.131,,,,3.0,Avaliador-15,Avaliador-5,Avaliador-2,,0.0,8.1,2.52,5.4,3.7,7.0,,7.92,5.0,Fase 3 (7° e 8° ano),-1,8.125,,5.8385,Quartzo,2023,Fase 3,7° e 8° ano
RA-1097,FASE 2,2D,Masculino,2023,Pública,,,,,,,,3.0,Avaliador-15,Avaliador-5,Avaliador-2,,9.5,8.6,5.0,5.4,4.3,6.5,,6.96,5.0,Fase 4 (9° ano),-2,8.125,,6.9547,Ágata,2023,Fase 4,9° ano
RA-1098,FASE 2,2D,Feminino,2023,Pública,,,,,,,,3.0,Avaliador-15,Avaliador-5,Avaliador-2,,9.5,9.5,2.52,6.4,6.3,6.5,,7.92,5.0,Fase 3 (7° e 8° ano),-1,8.125,,7.2787,Ametista,2023,Fase 3,7° e 8° ano
RA-506,FASE 2,2D,Masculino,2020,Pública,Ametista,Ágata,Ametista,7.132,,,,3.0,Avaliador-15,Avaliador-5,Avaliador-2,,9.5,8.1,5.0,8.5,7.3,9.7,,7.92,5.0,Fase 3 (7° e 8° ano),-1,8.958333333,,7.750033333,Ametista,2023,Fase 3,7° e 8° ano
RA-1099,FASE 2,2F,Feminino,2023,Pública,,,,,,,,3.0,Avaliador-15,Avaliador-5,Avaliador-2,,9.0,9.6,2.52,5.2,5.7,4.7,,8.34,5.0,Fase 3 (7° e 8° ano),-1,8.333333333,,7.113533333,Ametista,2023,Fase 3,7° e 8° ano
RA-1100,FASE 2,2F,Masculino,2023,Pública,,,,,,,,3.0,Avaliador-15,Avaliador-5,Avaliador-2,,10.0,9.2,5.0,7.1,6.3,7.8,,8.283333333,10.0,Fase 2 (5° e 6° ano),0,8.541666667,,8.261033333,Topázio,2023,Fase 2,5° e 6° ano
RA-1101,FASE 2,2F,Masculino,2023,Pública,,,,,,,,3.0,Avaliador-15,Avaliador-5,Avaliador-2,,0.0,7.2,5.0,5.3,4.2,6.3,,8.116666667,10.0,Fase 2 (5° e 6° ano),0,8.333333333,,6.446666667,Ágata,2023,Fase 2,5° e 6° ano
RA-1102,FASE 2,2F,Masculino,2023,Pública,,,,,,,,3.0,Avaliador-15,Avaliador-5,Avaliador-2,,9.5,9.5,5.0,7.5,5.7,9.2,,7.56,10.0,Fase 2 (5° e 6° ano),0,7.708333333,,8.123033333,Topázio,2023,Fase 2,5° e 6° ano
RA-363,FASE 2,2F,Masculino,2022,Pública,,,Ágata,6.644,,,,3.0,Avaliador-15,Avaliador-5,Avaliador-2,,0.0,9.9,2.52,6.8,6.8,6.8,,8.673333333,5.0,Fase 3 (7° e 8° ano),-1,8.541666667,,6.680833333,Ágata,2023,Fase 3,7° e 8° ano
RA-1103,FASE 2,2F,Masculino,2023,Pública,,,,,,,,3.0,Avaliador-15,Avaliador-5,Avaliador-2,,9.0,8.7,5.0,5.0,4.5,5.5,,8.006666667,10.0,Fase 2 (5° e 6° ano),0,8.333333333,,7.574866667,Ametista,2023,Fase 2,5° e 6° ano
RA-539,FASE 2,2F,Feminino,2022,Pública,,,Ametista,7.665,,,,3.0,Avaliador-15,Avaliador-5,Avaliador-2,,9.5,8.6,2.52,8.5,7.2,9.7,,8.84,5.0,Fase 3 (7° e 8° ano),-1,9.166666667,,7.796866667,Ametista,2023,Fase 3,7° e 8° ano
RA-540,FASE 2,2F,Feminino,2019,Pública,Topázio,Topázio,Ametista,7.303,,,,3.0,Avaliador-15,Avaliador-5,Avaliador-2,,8.5,8.8,5.0,7.1,6.5,7.7,,8.95,10.0,Fase 2 (5° e 6° ano),0,8.958333333,,8.216033333,Topázio,2023,Fase 2,5° e 6° ano
RA-574,FASE 2,2F,Masculino,2022,Pública,,,Ágata,6.86,,,,3.0,Avaliador-15,Avaliador-5,Avaliador-2,,6.9,8.2,5.0,8.1,7.7,8.5,,8.173333333,10.0,Fase 2 (5° e 6° ano),0,7.916666667,,7.878133333,Ametista,2023,Fase 2,5° e 6° ano
RA-369,FASE 2,2F,Masculino,2022,Pública,,,Ágata,6.973,,,,3.0,Avaliador-15,Avaliador-5,Avaliador-2,,10.0,4.1,5.0,4.0,5.0,3.0,,7.726666667,5.0,Fase 3 (7° e 8° ano),-1,8.541666667,,6.0197,Quartzo,2023,Fase 3,7° e 8° ano
RA-375,FASE 2,2F,Masculino,2019,Pública,Topázio,Topázio,Ametista,7.831,,,,3.0,Avaliador-15,Avaliador-5,Avaliador-2,,0.0,9.9,5.0,7.9,6.8,9.0,,8.283333333,5.0,Fase 3 (7° e 8° ano),-1,8.541666667,,7.070833333,Ametista,2023,Fase 3,7° e 8° ano
RA-376,FASE 2,2F,Feminino,2019,Pública,Ametista,Ágata,Ágata,6.957,,,,3.0,Avaliador-15,Avaliador-5,Avaliador-2,,8.5,9.6,2.52,5.9,4.3,7.5,,8.226666667,5.0,Fase 3 (7° e 8° ano),-1,7.916666667,,7.1392,Ametista,2023,Fase 3,7° e 8° ano
RA-535,FASE 2,2G,Feminino,2019,Pública,Topázio,Ametista,Ágata,6.953,,,,3.0,Avaliador-15,Avaliador-5,Avaliador-2,,9.0,9.4,5.0,5.6,4.7,6.5,,8.95,10.0,Fase 2 (5° e 6° ano),0,8.125,,8.0027,Topázio,2023,Fase 2,5° e 6° ano
RA-547,FASE 2,2G,Feminino,2019,Pública,Ágata,Ágata,Ametista,7.745,,,,3.0,Avaliador-15,Avaliador-5,Avaliador-2,,0.0,9.1,2.52,6.2,5.0,7.3,,8.95,5.0,Fase 3 (7° e 8° ano),-1,8.75,,6.467,Ágata,2023,Fase 3,7° e 8° ano
RA-548,FASE 2,2G,Masculino,2019,Pública,Ametista,Ametista,Ametista,7.292,,,,3.0,Avaliador-15,Avaliador-5,Avaliador-2,,9.0,9.1,2.52,7.4,6.2,8.5,,8.283333333,5.0,Fase 3 (7° e 8° ano),-1,8.333333333,,7.4322,Ametista,2023,Fase 3,7° e 8° ano
RA-538,FASE 2,2G,Masculino,2022,Pública,,,Ágata,6.309,,,,3.0,Avaliador-15,Avaliador-5,Avaliador-2,,7.4,8.6,2.52,4.7,3.5,5.8,,7.39,5.0,Fase 3 (7° e 8° ano),-1,7.916666667,,6.413466667,Ágata,2023,Fase 3,7° e 8° ano
RA-365,FASE 2,2G,Feminino,2022,Pública,,,Topázio,8.063,,,,3.0,Avaliador-15,Avaliador-5,Avaliador-2,,10.0,9.9,2.52,8.7,8.2,9.2,,8.953333333,10.0,Fase 2 (5° e 6° ano),0,8.958333333,,8.6587,Topázio,2023,Fase 2,5° e 6° ano
RA-559,FASE 2,2G,Masculino,2021,Pública,,Ametista,Ametista,7.634,,,,3.0,Avaliador-15,Avaliador-5,Avaliador-2,,10.0,9.4,5.0,7.4,6.5,8.2,,8.506666667,5.0,Fase 3 (7° e 8° ano),-1,8.958333333,,7.947366667,Ametista,2023,Fase 3,7° e 8° ano
RA-1104,FASE 2,2G,Feminino,2023,Pública,,,,,,,,3.0,Avaliador-15,Avaliador-5,Avaliador-2,,5.7,10.0,2.52,6.4,5.5,7.3,,9.063333333,5.0,Fase 3 (7° e 8° ano),-1,8.541666667,,7.265533333,Ametista,2023,Fase 3,7° e 8° ano
RA-563,FASE 2,2G,Feminino,2020,Pública,Topázio,Ametista,Topázio,8.22,,,,3.0,Avaliador-15,Avaliador-5,Avaliador-2,,6.4,9.7,2.52,6.2,6.0,6.3,,8.726666667,10.0,Fase 2 (5° e 6° ano),0,8.75,,7.684133333,Ametista,2023,Fase 2,5° e 6° ano
RA-573,FASE 2,2G,Masculino,2020,Pública,Ametista,Topázio,Topázio,8.261,,,,3.0,Avaliador-15,Avaliador-5,Avaliador-2,,9.5,9.8,5.0,6.6,5.7,7.5,,8.45,5.0,Fase 3 (7° e 8° ano),-1,8.541666667,,7.774366667,Ametista,2023,Fase 3,7° e 8° ano
RA-551,FASE 2,2G,Feminino,2018,Pública,Ametista,Ametista,Ágata,6.853,,,,3.0,Avaliador-15,Avaliador-5,Avaliador-2,,10.0,8.6,2.52,5.4,4.5,6.2,,8.393333333,5.0,Fase 3 (7° e 8° ano),-1,8.541666667,,7.075033333,Ametista,2023,Fase 3,7° e 8° ano
RA-566,FASE 2,2G,Feminino,2022,Pública,,,Ametista,7.729,,,,3.0,Avaliador-15,Avaliador-5,Avaliador-2,,9.0,8.8,2.52,8.4,8.8,8.0,,8.673333333,5.0,Fase 3 (7° e 8° ano),-1,8.958333333,,7.7227,Ametista,2023,Fase 3,7° e 8° ano
RA-555,FASE 2,2G,Masculino,2019,Pública,Ametista,Ametista,Quartzo,5.949,,,,3.0,Avaliador-15,Avaliador-5,Avaliador-2,,7.4,8.1,2.52,3.9,1.5,6.2,,6.946666667,5.0,Fase 3 (7° e 8° ano),-1,6.25,,5.898133333,Quartzo,2023,Fase 3,7° e 8° ano
RA-373,FASE 2,2G,Masculino,2022,Pública,,,Ametista,7.503,,,,3.0,Avaliador-15,Avaliador-5,Avaliador-2,,0.0,9.7,2.52,8.4,7.7,9.0,,7.84,5.0,Fase 3 (7° e 8° ano),-1,8.75,,6.805,Ágata,2023,Fase 3,7° e 8° ano
RA-1105,FASE 2,2G,Feminino,2023,Pública,,,,,,,,3.0,Avaliador-15,Avaliador-5,Avaliador-2,,0.0,9.0,2.52,6.0,5.0,7.0,,8.673333333,5.0,Fase 3 (7° e 8° ano),-1,8.125,,6.299166667,Ágata,2023,Fase 3,7° e 8° ano
RA-546,FASE 2,2H,Feminino,2021,Pública,,Quartzo,Ágata,6.77,,,,3.0,Avaliador-15,Avaliador-5,Avaliador-2,,0.0,7.2,2.52,5.7,3.5,7.8,,9.173333333,5.0,Fase 3 (7° e 8° ano),-1,8.75,,6.031666667,Quartzo,2023,Fase 3,7° e 8° ano
RA-557,FASE 2,2H,Masculino,2019,Pública,Ametista,Topázio,Topázio,8.334,,,,3.0,Avaliador-15,Avaliador-5,Avaliador-2,,10.0,8.2,5.0,8.9,8.0,9.7,,9.62,10.0,Fase 2 (5° e 6° ano),0,9.375,,8.7717,Topázio,2023,Fase 2,5° e 6° ano
RA-1106,FASE 2,2H,Masculino,2023,Pública,,,,,,,,3.0,Avaliador-15,Avaliador-5,Avaliador-2,,8.5,9.3,5.0,5.1,5.2,5.0,,8.003333333,5.0,Fase 3 (7° e 8° ano),-1,8.333333333,,7.1642,Ametista,2023,Fase 3,7° e 8° ano
RA-558,FASE 2,2H,Masculino,2022,Pública,,,Quartzo,5.539,,,,3.0,Avaliador-15,Avaliador-5,Avaliador-2,,7.8,9.4,5.0,6.0,5.7,6.3,,6.78,2.5,Fase 5 (1° EM),-3,6.458333333,,6.615333333,Ágata,2023,Fase 5,1° EM
RA-560,FASE 2,2H,Masculino,2020,Pública,Ágata,Quartzo,Quartzo,4.949,,,,3.0,Avaliador-15,Avaliador-5,Avaliador-2,,0.0,8.4,2.52,4.0,2.3,5.7,,6.0,5.0,Fase 3 (7° e 8° ano),-1,5.0,,4.932,Quartzo,2023,Fase 3,7° e 8° ano
RA-1107,FASE 2,2H,Feminino,2023,Pública,,,,,,,,3.0,Avaliador-15,Avaliador-5,Avaliador-2,,9.0,9.4,5.0,7.5,8.0,7.0,,8.783333333,5.0,Fase 3 (7° e 8° ano),-1,8.958333333,,7.9327,Ametista,2023,Fase 3,7° e 8° ano
RA-1108,FASE 2,2H,Masculino,2023,Pública,,,,,,,,3.0,Avaliador-15,Avaliador-5,Avaliador-2,,0.0,9.3,5.0,4.7,3.7,5.7,,8.283333333,5.0,Fase 3 (7° e 8° ano),-1,8.541666667,,6.310833333,Ágata,2023,Fase 3,7° e 8° ano
RA-542,FASE 2,2H,Feminino,2019,Pública,Ametista,Ágata,Ametista,7.221,,,,3.0,Avaliador-15,Avaliador-5,Avaliador-2,,9.5,9.7,5.0,6.3,5.2,7.3,,9.006666667,5.0,Fase 3 (7° e 8° ano),-1,8.75,,7.816533333,Ametista,2023,Fase 3,7° e 8° ano
RA-543,FASE 2,2H,Feminino,2022,Pública,,,Ametista,7.05,,,,3.0,Avaliador-15,Avaliador-5,Avaliador-2,,7.8,9.8,2.52,6.5,5.5,7.5,,9.006666667,10.0,Fase 2 (5° e 6° ano),0,8.75,,7.971833333,Ametista,2023,Fase 2,5° e 6° ano
RA-556,FASE 2,2H,Feminino,2018,Pública,Topázio,Ametista,Ametista,7.181,,,,3.0,Avaliador-15,Avaliador-5,Avaliador-2,,8.5,9.6,2.52,7.2,6.5,7.8,,9.396666667,5.0,Fase 3 (7° e 8° ano),-1,9.166666667,,7.7482,Ametista,2023,Fase 3,7° e 8° ano
RA-1109,FASE 2,2H,Masculino,2023,Pública,,,,,,,,3.0,Avaliador-15,Avaliador-5,Avaliador-2,,10.0,6.4,5.0,3.4,3.5,3.3,,7.836666667,5.0,Fase 4 (9° ano),-2,7.5,,6.277533333,Ágata,2023,Fase 4,9° ano
RA-389,FASE 2,2H,Masculino,2019,Pública,Ametista,Ágata,Ametista,7.184,,,,3.0,Avaliador-15,Avaliador-5,Avaliador-2,,0.0,8.2,2.52,8.2,6.8,9.5,,8.95,5.0,Fase 3 (7° e 8° ano),-1,8.75,,6.687,Ágata,2023,Fase 3,7° e 8° ano
RA-1110,FASE 2,2H,Feminino,2023,Pública,,,,,,,,3.0,Avaliador-15,Avaliador-5,Avaliador-2,,4.6,9.2,5.0,6.8,6.5,7.0,,8.73,5.0,Fase 3 (7° e 8° ano),-1,8.541666667,,7.248566667,Ametista,2023,Fase 3,7° e 8° ano
RA-568,FASE 2,2I,Masculino,2018,Pública,Ametista,Ametista,Ametista,7.306,,,,3.0,Avaliador-15,Avaliador-5,Avaliador-2,,7.0,7.9,5.0,7.6,8.5,6.7,,8.01,2.5,Fase 5 (1° EM),-3,8.125,,6.9647,Ágata,2023,Fase 5,1° EM
RA-562,FASE 2,2I,Feminino,2021,Pública,,Ametista,Ametista,7.855,,,,3.0,Avaliador-15,Avaliador-5,Avaliador-2,,0.0,8.5,2.52,8.7,7.7,9.7,,8.893333333,5.0,Fase 3 (7° e 8° ano),-1,8.541666667,,6.824833333,Ágata,2023,Fase 3,7° e 8° ano
RA-1111,FASE 2,2I,Feminino,2023,Pública,,,,,,,,3.0,Avaliador-15,Avaliador-5,Avaliador-2,,0.0,8.9,2.52,5.4,4.8,6.0,,8.173333333,10.0,Fase 2 (5° e 6° ano),0,8.125,,6.559166667,Ágata,2023,Fase 2,5° e 6° ano
RA-1112,FASE 2,2I,Masculino,2023,Pública,,,,,,,,3.0,Avaliador-15,Avaliador-5,Avaliador-2,,9.5,7.9,2.52,6.3,5.2,7.3,,8.616666667,5.0,Fase 3 (7° e 8° ano),-1,8.333333333,,7.088866667,Ametista,2023,Fase 3,7° e 8° ano
RA-525,FASE 2,2I,Feminino,2021,Pública,,Ágata,Ametista,8.013,,,,3.0,Avaliador-15,Avaliador-5,Avaliador-2,,8.0,8.6,2.52,9.2,8.8,9.5,,9.566666667,5.0,Fase 3 (7° e 8° ano),-1,8.958333333,,7.911366667,Ametista,2023,Fase 3,7° e 8° ano
RA-357,FASE 2,2I,Masculino,2022,Pública,,,Ametista,7.836,,,,3.0,Avaliador-15,Avaliador-5,Avaliador-2,,8.5,9.6,7.52,8.7,8.7,8.7,,8.23,5.0,Fase 3 (7° e 8° ano),-1,8.75,,8.2832,Topázio,2023,Fase 3,7° e 8° ano
RA-583,FASE 2,2I,Feminino,2019,Pública,Ametista,Ametista,Ametista,7.456,,,,3.0,Avaliador-15,Avaliador-5,Avaliador-2,,9.0,9.4,7.52,6.3,5.5,7.0,,8.616666667,5.0,Fase 3 (7° e 8° ano),-1,8.333333333,,7.838866667,Ametista,2023,Fase 3,7° e 8° ano
RA-584,FASE 2,2I,Feminino,2019,Pública,Topázio,Ametista,Ágata,6.714,,,,3.0,Avaliador-15,Avaliador-5,Avaliador-2,,9.5,9.0,2.52,5.8,5.0,6.5,,8.56,10.0,Fase 2 (5° e 6° ano),0,8.333333333,,7.697533333,Ametista,2023,Fase 2,5° e 6° ano
RA-586,FASE 2,2K,Feminino,2021,Privada - Programa de Apadrinhamento,,Topázio,Ametista,7.988,,,,3.0,Avaliador-15,Avaliador-5,Avaliador-2,,8.0,10.0,2.52,8.4,7.5,9.2,,9.343333333,10.0,Fase 2 (5° e 6° ano),0,8.333333333,,8.4242,Topázio,2023,Fase 2,5° e 6° ano
RA-1113,FASE 2,2K,Masculino,2023,Pública,,,,,,,,3.0,Avaliador-15,Avaliador-5,Avaliador-2,,0.0,6.0,7.52,5.0,5.0,5.0,,7.173333333,5.0,Fase 3 (7° e 8° ano),-1,7.5,,5.636666667,Quartzo,2023,Fase 3,7° e 8° ano
RA-413,FASE 2,2K,Feminino,2022,Pública,,,Ágata,6.408,,,,3.0,Avaliador-15,Avaliador-5,Avaliador-2,,7.9,8.9,2.52,6.3,5.8,6.7,,7.503333333,5.0,Fase 3 (7° e 8° ano),-1,7.291666667,,6.803633333,Ágata,2023,Fase 3,7° e 8° ano
RA-599,FASE 2,2K,Masculino,2022,Pública,,,Topázio,8.2,,,,3.0,Avaliador-15,Avaliador-5,Avaliador-2,,10.0,9.5,2.52,8.5,8.2,8.7,,9.286666667,10.0,Fase 2 (5° e 6° ano),0,8.333333333,,8.532866667,Topázio,2023,Fase 2,5° e 6° ano
RA-1114,FASE 2,2K,Feminino,2023,Pública,,,,,,,,3.0,Avaliador-15,Avaliador-5,Avaliador-2,,8.5,9.8,2.52,4.9,4.3,5.5,,8.56,10.0,Fase 2 (5° e 6° ano),0,8.125,,7.5667,Ametista,2023,Fase 2,5° e 6° ano
RA-401,FASE 2,2K,Feminino,2021,Pública,,Quartzo,Ágata,6.645,,,,3.0,Avaliador-15,Avaliador-5,Avaliador-2,,4.0,8.1,2.52,7.3,6.3,8.3,,7.116666667,5.0,Fase 3 (7° e 8° ano),-1,7.083333333,,6.363666667,Ágata,2023,Fase 3,7° e 8° ano
RA-1115,FASE 2,2K,Feminino,2023,Pública,,,,,,,,3.0,Avaliador-15,Avaliador-5,Avaliador-2,,0.0,8.3,7.52,4.0,6.0,2.0,,7.56,10.0,Fase 2 (5° e 6° ano),0,7.5,,6.474,Ágata,2023,Fase 2,5° e 6° ano
RA-1116,FASE 2,2K,Masculino,2023,Pública,,,,,,,,3.0,Avaliador-15,Avaliador-5,Avaliador-2,,9.5,9.2,5.0,4.9,3.8,6.0,,7.39,5.0,Fase 3 (7° e 8° ano),-1,7.083333333,,6.956533333,Ágata,2023,Fase 3,7° e 8° ano
RA-604,FASE 2,2K,Feminino,2021,Pública,,Ametista,Ametista,8.018,,,,3.0,Avaliador-15,Avaliador-5,Avaliador-2,,9.0,9.3,7.52,7.5,6.0,9.0,,8.616666667,10.0,Fase 2 (5° e 6° ano),0,8.125,,8.548033333,Topázio,2023,Fase 2,5° e 6° ano
RA-605,FASE 2,2K,Feminino,2021,Pública,,Ametista,Ametista,7.276,,,,3.0,Avaliador-15,Avaliador-5,Avaliador-2,,9.0,9.5,7.52,6.8,4.8,8.8,,7.84,5.0,Fase 3 (7° e 8° ano),-1,7.291666667,,7.709366667,Ametista,2023,Fase 3,7° e 8° ano
RA-668,FASE 2,2K,Masculino,2022,Pública,,,Quartzo,4.365,,,,3.0,Avaliador-15,Avaliador-5,Avaliador-2,,6.3,6.3,7.52,3.4,2.7,4.0,,7.616666667,5.0,Fase 3 (7° e 8° ano),-1,6.875,,6.017933333,Quartzo,2023,Fase 3,7° e 8° ano
RA-1117,FASE 2,2K,Feminino,2023,Pública,,,,,,,,3.0,Avaliador-15,Avaliador-5,Avaliador-2,,9.0,9.6,7.52,7.3,6.0,8.5,,7.946666667,10.0,Fase 2 (5° e 6° ano),0,7.708333333,,8.382366667,Topázio,2023,Fase 2,5° e 6° ano
RA-1118,FASE 2,2K,Feminino,2023,Pública,,,,,,,,3.0,Avaliador-15,Avaliador-5,Avaliador-2,,5.3,8.8,7.52,6.0,4.8,7.2,,8.28,5.0,Fase 3 (7° e 8° ano),-1,7.708333333,,7.163833333,Ametista,2023,Fase 3,7° e 8° ano
RA-610,FASE 2,2K,Feminino,2022,Pública,,,Topázio,8.18,,,,3.0,Avaliador-15,Avaliador-5,Avaliador-2,,10.0,10.0,2.52,7.0,6.3,7.7,,8.896666667,10.0,Fase 2 (5° e 6° ano),0,8.541666667,,8.2857,Topázio,2023,Fase 2,5° e 6° ano
RA-409,FASE 2,2K,Feminino,2022,Pública,,,Topázio,8.15,,,,3.0,Avaliador-15,Avaliador-5,Avaliador-2,,8.4,9.5,2.52,8.0,6.2,9.7,,8.73,5.0,Fase 3 (7° e 8° ano),-1,7.916666667,,7.621466667,Ametista,2023,Fase 3,7° e 8° ano
RA-466,FASE 2,2L,Masculino,2022,Pública,,,Ágata,6.826,,,,3.0,Avaliador-32,Avaliador-5,Avaliador-2,,9.5,7.6,6.89,4.5,2.5,6.5,,7.056666667,5.0,Fase 4 (9° ano),-2,6.25,,6.595533333,Ágata,2023,Fase 4,9° ano
RA-760,FASE 2,2L,Masculino,2021,Pública,,Ametista,Topázio,8.172,,,,3.0,Avaliador-32,Avaliador-5,Avaliador-2,,0.0,8.8,7.52,6.3,5.8,6.8,,7.84,5.0,Fase 3 (7° e 8° ano),-1,7.083333333,,6.548333333,Ágata,2023,Fase 3,7° e 8° ano
RA-404,FASE 2,2L,Feminino,2020,Pública,Ametista,Ágata,Ágata,6.658,,,,3.0,Avaliador-32,Avaliador-5,Avaliador-2,,7.9,8.3,5.02,6.0,4.7,7.2,,6.89,5.0,Fase 3 (7° e 8° ano),-1,6.875,,6.7093,Ágata,2023,Fase 3,7° e 8° ano
RA-590,FASE 2,2L,Feminino,2020,Privada,Ametista,Ágata,Ametista,7.435,,,,3.0,Avaliador-32,Avaliador-5,Avaliador-2,,6.3,9.7,3.77,6.5,5.7,7.3,,8.34,10.0,Fase 2 (5° e 6° ano),0,7.291666667,,7.647666667,Ametista,2023,Fase 2,5° e 6° ano
RA-469,FASE 2,2L,Feminino,2022,Pública,,,Ametista,7.624,,,,3.0,Avaliador-32,Avaliador-5,Avaliador-2,,7.5,9.3,2.52,7.8,6.8,8.8,,8.843333333,5.0,Fase 3 (7° e 8° ano),-1,7.916666667,,7.482533333,Ametista,2023,Fase 3,7° e 8° ano
RA-1119,FASE 2,2L,Feminino,2023,Pública,,,,,,,,3.0,Avaliador-32,Avaliador-5,Avaliador-2,,7.3,9.7,3.77,5.9,3.0,8.8,,8.453333333,5.0,Fase 3 (7° e 8° ano),-1,7.708333333,,7.192,Ametista,2023,Fase 3,7° e 8° ano
RA-1120,FASE 2,2L,Feminino,2023,Pública,,,,,,,,3.0,Avaliador-32,Avaliador-5,Avaliador-2,,9.5,9.6,7.52,8.3,7.3,9.2,,9.676666667,10.0,Fase 2 (5° e 6° ano),0,8.958333333,,9.103366667,Topázio,2023,Fase 2,5° e 6° ano
RA-472,FASE 2,2L,Feminino,2022,Pública,,,Quartzo,5.93,,,,3.0,Avaliador-32,Avaliador-5,Avaliador-2,,5.1,7.1,7.52,5.5,3.7,7.2,,8.223333333,5.0,Fase 3 (7° e 8° ano),-1,7.708333333,,6.6858,Ágata,2023,Fase 3,7° e 8° ano
RA-1121,FASE 2,2L,Masculino,2023,Pública,,,,,,,,3.0,Avaliador-32,Avaliador-5,Avaliador-2,,0.0,9.9,6.26,8.0,6.5,9.5,,9.84,10.0,Fase 2 (5° e 6° ano),0,8.75,,8.049,Topázio,2023,Fase 2,5° e 6° ano
RA-1122,FASE 2,2L,Masculino,2023,Pública,,,,,,,,3.0,Avaliador-32,Avaliador-5,Avaliador-2,,0.0,9.3,6.89,6.9,5.2,8.5,,8.616666667,10.0,Fase 2 (5° e 6° ano),0,7.291666667,,7.3715,Ametista,2023,Fase 2,5° e 6° ano
RA-438,FASE 2,2L,Masculino,2022,Pública,,,Ametista,7.764,,,,3.0,Avaliador-32,Avaliador-5,Avaliador-2,,6.9,7.5,6.26,5.4,3.5,7.3,,7.223333333,10.0,Fase 2 (5° e 6° ano),0,6.458333333,,6.9883,Ágata,2023,Fase 2,5° e 6° ano
RA-408,FASE 2,2L,Feminino,2022,Pública,,,Ágata,6.725,,,,3.0,Avaliador-32,Avaliador-5,Avaliador-2,,7.9,8.5,3.77,6.8,6.0,7.5,,8.45,5.0,Fase 3 (7° e 8° ano),-1,8.333333333,,7.242133333,Ametista,2023,Fase 3,7° e 8° ano
RA-1123,FASE 2,2L,Masculino,2023,Pública,,,,,,,,3.0,Avaliador-32,Avaliador-5,Avaliador-2,,7.3,8.9,7.52,5.3,3.8,6.8,,7.113333333,5.0,Fase 3 (7° e 8° ano),-1,7.083333333,,6.9565,Ágata,2023,Fase 3,7° e 8° ano
RA-1124,FASE 2,2M,Feminino,2023,Pública,,,,,,,,3.0,Avaliador-15,Avaliador-5,Avaliador-2,,9.5,8.0,7.52,3.0,1.0,5.0,,7.786666667,5.0,Fase 4 (9° ano),-2,7.083333333,,6.667866667,Ágata,2023,Fase 4,9° ano
RA-623,FASE 2,2M,Masculino,2022,Pública,,,Ametista,7.524,,,,3.0,Avaliador-15,Avaliador-5,Avaliador-2,,10.0,9.5,7.52,7.3,5.8,8.8,,7.446666667,5.0,Fase 4 (9° ano),-2,7.291666667,,7.8307,Ametista,2023,Fase 4,9° ano
RA-661,FASE 2,2M,Masculino,2022,Pública,,,Ametista,7.593,,,,3.0,Avaliador-15,Avaliador-5,Avaliador-2,,0.0,7.7,6.89,6.5,4.3,8.7,,7.836666667,10.0,Fase 2 (5° e 6° ano),0,7.5,,6.846333333,Ágata,2023,Fase 2,5° e 6° ano
RA-626,FASE 2,2M,Masculino,2021,Pública,,Ágata,Quartzo,5.818,,,,3.0,Avaliador-15,Avaliador-5,Avaliador-2,,9.0,9.2,4.39,6.5,4.7,8.3,,7.613333333,5.0,Fase 3 (7° e 8° ano),-1,7.291666667,,7.231033333,Ametista,2023,Fase 3,7° e 8° ano
RA-433,FASE 2,2M,Masculino,2022,Pública,,,Quartzo,5.557,,,,3.0,Avaliador-15,Avaliador-5,Avaliador-2,,8.5,7.2,7.52,4.8,1.8,7.7,,7.613333333,5.0,Fase 3 (7° e 8° ano),-1,5.833333333,,6.5982,Ágata,2023,Fase 3,7° e 8° ano
RA-614,FASE 2,2M,Masculino,2021,Pública,,Topázio,Topázio,8.339,,,,3.0,Avaliador-15,Avaliador-5,Avaliador-2,,9.0,9.1,7.52,8.6,8.8,8.3,,8.563333333,5.0,Fase 3 (7° e 8° ano),-1,8.333333333,,8.2282,Topázio,2023,Fase 3,7° e 8° ano
RA-434,FASE 2,2M,Masculino,2022,Pública,,,Ametista,7.403,,,,3.0,Avaliador-15,Avaliador-5,Avaliador-2,,6.3,8.0,7.52,6.6,5.2,8.0,,7.613333333,5.0,Fase 3 (7° e 8° ano),-1,7.5,,7.069766667,Ametista,2023,Fase 3,7° e 8° ano
RA-603,FASE 2,2M,Masculino,2022,Pública,,,Ametista,7.78,,,,3.0,Avaliador-15,Avaliador-5,Avaliador-2,,0.0,8.9,2.52,7.0,5.7,8.2,,7.78,10.0,Fase 2 (5° e 6° ano),0,7.708333333,,6.748833333,Ágata,2023,Fase 2,5° e 6° ano
RA-436,FASE 2,2M,Masculino,2022,Pública,,,Ágata,6.687,,,,3.0,Avaliador-15,Avaliador-5,Avaliador-2,,7.5,4.7,2.52,3.4,3.7,3.0,,7.613333333,5.0,Fase 3 (7° e 8° ano),-1,6.875,,5.322366667,Quartzo,2023,Fase 3,7° e 8° ano
RA-616,FASE 2,2M,Masculino,2019,Pública,Ágata,Ametista,Ametista,7.303,,,,3.0,Avaliador-15,Avaliador-5,Avaliador-2,,0.0,6.6,5.02,6.8,5.5,8.0,,6.783333333,5.0,Fase 3 (7° e 8° ano),-1,5.833333333,,5.612,Quartzo,2023,Fase 3,7° e 8° ano
RA-437,FASE 2,2M,Masculino,2022,Pública,,,Ágata,6.875,,,,3.0,Avaliador-15,Avaliador-5,Avaliador-2,,8.0,8.4,7.52,4.7,2.5,6.8,,7.78,5.0,Fase 4 (9° ano),-2,7.291666667,,6.947366667,Ágata,2023,Fase 4,9° ano
RA-1125,FASE 2,2M,Feminino,2023,Pública,,,,,,,,3.0,Avaliador-15,Avaliador-5,Avaliador-2,,4.7,7.9,7.52,4.0,1.0,7.0,,6.95,10.0,Fase 2 (5° e 6° ano),0,6.666666667,,6.655366667,Ágata,2023,Fase 2,5° e 6° ano
RA-619,FASE 2,2M,Feminino,2021,Pública,,Ametista,Ametista,7.693,,,,3.0,Avaliador-15,Avaliador-5,Avaliador-2,,9.0,7.1,3.77,9.0,8.5,9.5,,8.116666667,10.0,Fase 2 (5° e 6° ano),0,7.708333333,,7.891366667,Ametista,2023,Fase 2,5° e 6° ano
RA-620,FASE 2,2M,Masculino,2021,Pública,,Ametista,Ágata,6.018,,,,3.0,Avaliador-15,Avaliador-5,Avaliador-2,,6.8,8.4,7.52,6.2,5.2,7.2,,7.503333333,5.0,Fase 3 (7° e 8° ano),-1,6.875,,7.043666667,Ametista,2023,Fase 3,7° e 8° ano
RA-1127,FASE 2,2N,Feminino,2023,Pública,,,,,,,,3.0,Avaliador-15,Avaliador-5,Avaliador-2,,8.5,9.9,5.02,6.9,5.0,8.7,,9.01,10.0,Fase 2 (5° e 6° ano),0,8.125,,8.3167,Topázio,2023,Fase 2,5° e 6° ano
RA-1128,FASE 2,2N,Masculino,2023,Pública,,,,,,,,3.0,Avaliador-15,Avaliador-5,Avaliador-2,,9.5,7.3,5.02,3.5,3.0,4.0,,7.503333333,5.0,Fase 3 (7° e 8° ano),-1,7.916666667,,6.404533333,Ágata,2023,Fase 3,7° e 8° ano
RA-1129,FASE 2,2N,Masculino,2023,Pública,,,,,,,,3.0,Avaliador-15,Avaliador-5,Avaliador-2,,0.0,9.2,6.27,7.8,6.8,8.7,,7.503333333,10.0,Fase 2 (5° e 6° ano),0,7.916666667,,7.309333333,Ametista,2023,Fase 2,5° e 6° ano
RA-1130,FASE 2,2N,Masculino,2023,Pública,,,,,,,,3.0,Avaliador-15,Avaliador-5,Avaliador-2,,8.5,8.4,7.52,7.3,6.3,8.2,,7.503333333,10.0,Fase 2 (5° e 6° ano),0,7.708333333,,8.0037,Topázio,2023,Fase 2,5° e 6° ano
RA-1131,FASE 2,2N,Feminino,2023,Pública,,,,,,,,3.0,Avaliador-15,Avaliador-5,Avaliador-2,,7.9,9.9,5.02,9.1,8.3,9.8,,9.286666667,5.0,Fase 3 (7° e 8° ano),-1,8.75,,8.316133333,Topázio,2023,Fase 3,7° e 8° ano
RA-1132,FASE 2,2N,Masculino,2023,Pública,,,,,,,,3.0,Avaliador-15,Avaliador-5,Avaliador-2,,10.0,6.3,6.27,5.8,5.2,6.3,,7.503333333,5.0,Fase 3 (7° e 8° ano),-1,7.916666667,,6.829533333,Ágata,2023,Fase 3,7° e 8° ano
RA-1133,FASE 2,2N,Feminino,2023,Pública,,,,,,,,3.0,Avaliador-15,Avaliador-5,Avaliador-2,,9.5,10.0,6.27,6.5,5.0,8.0,,9.343333333,10.0,Fase 2 (5° e 6° ano),0,8.541666667,,8.600033333,Topázio,2023,Fase 2,5° e 6° ano
RA-1134,FASE 2,2N,Masculino,2023,Pública,,,,,,,,3.0,Avaliador-15,Avaliador-5,Avaliador-2,,8.0,9.7,3.76,6.8,5.5,8.0,,7.56,10.0,Fase 2 (5° e 6° ano),0,7.916666667,,7.769866667,Ametista,2023,Fase 2,5° e 6° ano
RA-618,FASE 2,2N,Masculino,2020,Pública,Ametista,Ametista,Ametista,7.18,,,,3.0,Avaliador-15,Avaliador-5,Avaliador-2,,0.0,9.2,5.02,6.2,4.5,7.8,,7.95,5.0,Fase 4 (9° ano),-2,8.125,,6.4745,Ágata,2023,Fase 4,9° ano
RA-631,FASE 2,2N,Masculino,2022,Pública,,,Ágata,6.928,,,,3.0,Avaliador-15,Avaliador-5,Avaliador-2,,0.0,6.4,6.27,7.0,6.0,8.0,,6.78,5.0,Fase 3 (7° e 8° ano),-1,7.916666667,,5.954666667,Quartzo,2023,Fase 3,7° e 8° ano
RA-646,FASE 2,2P,Masculino,2019,Pública,Ametista,Ametista,Topázio,8.181,,,,3.0,Avaliador-15,Avaliador-5,Avaliador-2,,10.0,8.9,7.52,8.4,8.2,8.5,,8.783333333,5.0,Fase 3 (7° e 8° ano),-1,8.958333333,,8.3547,Topázio,2023,Fase 3,7° e 8° ano
RA-451,FASE 2,2P,Feminino,2019,Pública,Ametista,Quartzo,Ágata,6.434,,,,3.0,Avaliador-15,Avaliador-5,Avaliador-2,,8.5,9.5,4.39,8.9,7.8,10.0,,9.896666667,5.0,Fase 4 (9° ano),-2,9.375,,8.386033333,Topázio,2023,Fase 4,9° ano
RA-1135,FASE 2,2P,Masculino,2023,Pública,,,,,,,,3.0,Avaliador-15,Avaliador-5,Avaliador-2,,0.0,9.4,7.52,7.2,4.8,9.5,,7.896666667,10.0,Fase 2 (5° e 6° ano),0,8.125,,7.453833333,Ametista,2023,Fase 2,5° e 6° ano
RA-649,FASE 2,2P,Feminino,2019,Pública,Ágata,Ametista,Ametista,7.302,,,,3.0,Avaliador-15,Avaliador-5,Avaliador-2,,9.0,9.3,3.77,6.5,3.8,9.2,,8.836666667,5.0,Fase 3 (7° e 8° ano),-1,8.75,,7.579533333,Ametista,2023,Fase 3,7° e 8° ano
RA-651,FASE 2,2P,Feminino,2022,Pública,,,Ametista,7.866,,,,3.0,Avaliador-15,Avaliador-5,Avaliador-2,,0.0,8.2,3.77,9.3,9.8,8.7,,7.95,10.0,Fase 2 (5° e 6° ano),0,8.75,,7.332,Ametista,2023,Fase 2,5° e 6° ano
RA-1136,FASE 2,2P,Feminino,2023,Pública,,,,,,,,3.0,Avaliador-15,Avaliador-5,Avaliador-2,,6.8,8.1,2.52,6.6,4.8,8.3,,7.723333333,5.0,Fase 3 (7° e 8° ano),-1,8.333333333,,6.7351,Ágata,2023,Fase 3,7° e 8° ano
RA-653,FASE 2,2P,Feminino,2022,Pública,,,Topázio,8.101,,,,3.0,Avaliador-15,Avaliador-5,Avaliador-2,,0.0,9.8,6.27,7.9,7.7,8.0,,9.06,5.0,Fase 3 (7° e 8° ano),-1,9.166666667,,7.385666667,Ametista,2023,Fase 3,7° e 8° ano
RA-456,FASE 2,2P,Feminino,2022,Pública,,,Ametista,7.193,,,,3.0,Avaliador-15,Avaliador-5,Avaliador-2,,0.0,8.3,4.39,9.9,9.7,10.0,,9.953333333,5.0,Fase 3 (7° e 8° ano),-1,9.583333333,,7.518,Ametista,2023,Fase 3,7° e 8° ano
RA-655,FASE 2,2P,Feminino,2019,Pública,Ametista,Ametista,Ametista,7.785,,,,3.0,Avaliador-15,Avaliador-5,Avaliador-2,,7.4,9.9,7.52,8.3,7.2,9.3,,8.896666667,5.0,Fase 3 (7° e 8° ano),-1,9.166666667,,8.3198,Topázio,2023,Fase 3,7° e 8° ano
RA-656,FASE 2,2P,Feminino,2020,Pública,Topázio,Ametista,Ágata,6.652,,,,3.0,Avaliador-15,Avaliador-5,Avaliador-2,,0.0,8.9,7.52,7.3,5.8,8.8,,7.173333333,5.0,Fase 3 (7° e 8° ano),-1,8.541666667,,6.780833333,Ágata,2023,Fase 3,7° e 8° ano
RA-657,FASE 2,2P,Feminino,2021,Pública,,Ametista,Topázio,8.093,,,,3.0,Avaliador-15,Avaliador-5,Avaliador-2,,8.5,10.0,7.52,8.2,7.0,9.3,,8.73,5.0,Fase 3 (7° e 8° ano),-1,8.75,,8.3532,Topázio,2023,Fase 3,7° e 8° ano
RA-644,FASE 2,2P,Feminino,2021,Pública,,Ametista,Ametista,7.83,,,,3.0,Avaliador-15,Avaliador-5,Avaliador-2,,10.0,5.6,7.52,5.9,4.0,7.7,,7.503333333,5.0,Fase 3 (7° e 8° ano),-1,8.541666667,,6.897033333,Ágata,2023,Fase 3,7° e 8° ano
RA-461,FASE 2,2P,Feminino,2018,Pública,Ametista,Ametista,Quartzo,5.451,,,,3.0,Avaliador-15,Avaliador-5,Avaliador-2,,7.3,7.9,3.77,7.4,5.7,9.0,,8.616666667,5.0,Fase 3 (7° e 8° ano),-1,8.541666667,,7.2379,Ametista,2023,Fase 3,7° e 8° ano
RA-632,FASE 2,2R,Feminino,2022,Pública,,,Ágata,6.996,,,,3.0,Avaliador-32,Avaliador-5,Avaliador-2,,4.7,9.1,5.64,7.4,6.8,8.0,,8.563333333,10.0,Fase 2 (5° e 6° ano),0,8.333333333,,7.8768,Ametista,2023,Fase 2,5° e 6° ano
RA-633,FASE 2,2R,Feminino,2020,Pública,Ametista,Ágata,Ametista,7.476,,,,3.0,Avaliador-32,Avaliador-5,Avaliador-2,,1.7,8.1,6.27,7.2,5.3,9.0,,7.286666667,5.0,Fase 3 (7° e 8° ano),-1,8.541666667,,6.6552,Ágata,2023,Fase 3,7° e 8° ano
RA-1137,FASE 2,2R,Feminino,2023,Pública,,,,,,,,3.0,Avaliador-32,Avaliador-5,Avaliador-2,,9.5,9.8,6.27,6.5,6.0,7.0,,9.843333333,10.0,Fase 2 (5° e 6° ano),0,9.375,,8.743366667,Topázio,2023,Fase 2,5° e 6° ano
RA-1138,FASE 2,2R,Feminino,2023,Pública,,,,,,,,3.0,Avaliador-32,Avaliador-5,Avaliador-2,,9.0,9.2,6.27,9.3,9.0,9.5,,8.566666667,5.0,Fase 3 (7° e 8° ano),-1,9.166666667,,8.3472,Topázio,2023,Fase 3,7° e 8° ano
RA-1139,FASE 2,2R,Masculino,2023,Pública,,,,,,,,3.0,Avaliador-32,Avaliador-5,Avaliador-2,,8.5,9.1,5.64,5.3,6.3,4.3,,7.79,10.0,Fase 2 (5° e 6° ano),0,8.125,,7.6647,Ametista,2023,Fase 2,5° e 6° ano
RA-1140,FASE 2,2R,Feminino,2023,Pública,,,,,,,,3.0,Avaliador-32,Avaliador-5,Avaliador-2,,4.7,8.7,7.52,7.3,8.5,6.0,,7.62,10.0,Fase 2 (5° e 6° ano),0,7.708333333,,7.703533333,Ametista,2023,Fase 2,5° e 6° ano
RA-445,FASE 2,2R,Masculino,2022,Pública,,,Ágata,6.924,,,,3.0,Avaliador-32,Avaliador-5,Avaliador-2,,8.0,8.8,6.89,8.4,7.7,9.0,,8.176666667,5.0,Fase 3 (7° e 8° ano),-1,8.541666667,,7.9087,Ametista,2023,Fase 3,7° e 8° ano
RA-1141,FASE 2,2R,Feminino,2023,Pública,,,,,,,,3.0,Avaliador-32,Avaliador-5,Avaliador-2,,9.0,8.8,7.52,5.9,5.5,6.2,,7.113333333,5.0,Fase 3 (7° e 8° ano),-1,7.708333333,,7.2757,Ametista,2023,Fase 3,7° e 8° ano
RA-639,FASE 2,2R,Feminino,2021,Pública,,Ametista,Ágata,6.613,,,,3.0,Avaliador-32,Avaliador-5,Avaliador-2,,7.4,8.1,6.27,6.3,4.8,7.8,,7.62,10.0,Fase 2 (5° e 6° ano),0,8.125,,7.5853,Ametista,2023,Fase 2,5° e 6° ano
RA-1142,FASE 2,2R,Feminino,2023,Pública,,,,,,,,3.0,Avaliador-32,Avaliador-5,Avaliador-2,,9.0,10.0,7.52,10.0,10.0,10.0,,8.343333333,10.0,Fase 2 (5° e 6° ano),0,8.541666667,,9.175033333,Topázio,2023,Fase 2,5° e 6° ano
RA-642,FASE 2,2R,Feminino,2021,Pública,,Topázio,Ametista,7.75,,,,3.0,Avaliador-32,Avaliador-5,Avaliador-2,,9.5,9.2,6.27,6.5,5.7,7.2,,9.173333333,10.0,Fase 2 (5° e 6° ano),0,8.75,,8.416866667,Topázio,2023,Fase 2,5° e 6° ano
RA-658,FASE 2,2U,Feminino,2022,Pública,,,Ametista,7.407,,,,3.0,Avaliador-32,Avaliador-5,Avaliador-2,,9.5,9.5,7.52,6.1,5.3,6.8,,9.173333333,10.0,Fase 2 (5° e 6° ano),0,7.916666667,,8.438533333,Topázio,2023,Fase 2,5° e 6° ano
RA-588,FASE 2,2U,Feminino,2021,Privada - Programa de Apadrinhamento,,Topázio,Topázio,8.622,,,,3.0,Avaliador-32,Avaliador-5,Avaliador-2,,8.0,9.6,2.52,7.8,7.5,8.0,,9.673333333,10.0,Fase 2 (5° e 6° ano),0,8.958333333,,8.3527,Topázio,2023,Fase 2,5° e 6° ano
RA-662,FASE 2,2U,Feminino,2022,Pública,,,Ametista,7.044,,,,3.0,Avaliador-32,Avaliador-5,Avaliador-2,,6.8,7.6,6.27,6.7,4.3,9.0,,6.72,5.0,Fase 3 (7° e 8° ano),-1,7.291666667,,6.733566667,Ágata,2023,Fase 3,7° e 8° ano
RA-403,FASE 2,2U,Masculino,2020,Pública,Ametista,Ametista,Ametista,7.455,,,,3.0,Avaliador-32,Avaliador-5,Avaliador-2,,8.5,8.8,6.27,7.8,6.8,8.8,,8.45,5.0,Fase 3 (7° e 8° ano),-1,7.291666667,,7.716366667,Ametista,2023,Fase 3,7° e 8° ano
RA-591,FASE 2,2U,Masculino,2021,Pública,,Ametista,Ametista,7.507,,,,3.0,Avaliador-32,Avaliador-5,Avaliador-2,,9.0,8.5,6.27,6.9,6.2,7.5,,7.333333333,5.0,Fase 3 (7° e 8° ano),-1,5.833333333,,7.1472,Ametista,2023,Fase 3,7° e 8° ano
RA-592,FASE 2,2U,Feminino,2020,Privada,Ametista,Ametista,Ametista,7.381,,,,3.0,Avaliador-32,Avaliador-5,Avaliador-2,,6.2,9.2,3.77,7.6,5.5,9.7,,8.95,10.0,Fase 2 (5° e 6° ano),0,7.916666667,,7.935466667,Ametista,2023,Fase 2,5° e 6° ano
RA-602,FASE 2,2U,Masculino,2019,Pública,Ametista,Ametista,Ametista,8.041,,,,3.0,Avaliador-32,Avaliador-5,Avaliador-2,,10.0,9.6,7.52,8.1,7.3,8.8,,9.51,5.0,Fase 3 (7° e 8° ano),-1,8.75,,8.5592,Topázio,2023,Fase 3,7° e 8° ano
RA-666,FASE 2,2U,Masculino,2022,Pública,,,Ametista,7.929,,,,3.0,Avaliador-32,Avaliador-5,Avaliador-2,,9.5,9.1,7.52,7.1,6.7,7.5,,9.62,10.0,Fase 2 (5° e 6° ano),0,8.541666667,,8.720366667,Topázio,2023,Fase 2,5° e 6° ano
RA-667,FASE 2,2U,Masculino,2021,Pública,,Ametista,Quartzo,5.844,,,,3.0,Avaliador-32,Avaliador-5,Avaliador-2,,9.0,6.9,6.89,5.2,3.0,7.3,,7.836666667,5.0,Fase 3 (7° e 8° ano),-1,7.083333333,,6.774866667,Ágata,2023,Fase 3,7° e 8° ano
RA-422,FASE 2,2U,Masculino,2022,Pública,,,Ágata,6.746,,,,3.0,Avaliador-32,Avaliador-5,Avaliador-2,,0.0,7.8,7.52,4.4,3.0,5.7,,6.106666667,5.0,Fase 3 (7° e 8° ano),-1,6.666666667,,5.57,Quartzo,2023,Fase 3,7° e 8° ano
RA-595,FASE 2,2U,Masculino,2018,Pública,Ágata,Ametista,Quartzo,5.18,,,,3.0,Avaliador-32,Avaliador-5,Avaliador-2,,0.0,7.0,7.52,3.3,3.2,3.3,,5.55,5.0,Fase 3 (7° e 8° ano),-1,6.666666667,,5.078666667,Quartzo,2023,Fase 3,7° e 8° ano
RA-423,FASE 2,2U,Feminino,2022,Pública,,,Ágata,6.647,,,,3.0,Avaliador-32,Avaliador-5,Avaliador-2,,8.0,8.7,6.89,3.4,2.3,4.5,,7.45,5.0,Fase 3 (7° e 8° ano),-1,7.083333333,,6.607533333,Ágata,2023,Fase 3,7° e 8° ano
RA-669,FASE 2,2U,Masculino,2022,Pública,,,Ametista,7.475,,,,3.0,Avaliador-32,Avaliador-5,Avaliador-2,,8.5,7.8,7.52,5.0,3.3,6.7,,7.06,10.0,Fase 2 (5° e 6° ano),0,7.708333333,,7.345033333,Ametista,2023,Fase 2,5° e 6° ano
RA-670,FASE 2,2U,Feminino,2022,Pública,,,Ametista,7.451,,,,3.0,Avaliador-32,Avaliador-5,Avaliador-2,,9.5,8.7,7.52,7.0,5.8,8.2,,9.343333333,10.0,Fase 2 (5° e 6° ano),0,8.958333333,,8.6067,Topázio,2023,Fase 2,5° e 6° ano
RA-609,FASE 2,2U,Masculino,2019,Pública,Ametista,Ágata,Ágata,6.794,,,,3.0,Avaliador-32,Avaliador-5,Avaliador-2,,9.5,6.4,7.52,5.3,3.2,7.3,,6.216666667,5.0,Fase 3 (7° e 8° ano),-1,6.875,,6.463033333,Ágata,2023,Fase 3,7° e 8° ano
RA-326,FASE 3,3A,Feminino,2022,Privada,,,Topázio,8.22,,,,4.0,Avaliador-32,Avaliador-6,Avaliador-4,Avaliador-8,9.6,9.4,3.14,8.2,8.3,7.5,8.8,9.76,10.0,Fase 3 (7° e 8° ano),0,9.0625,,8.65075,Topázio,2023,Fase 3,7° e 8° ano
RA-179,FASE 3,3A,Masculino,2022,Pública,,,Ametista,7.993,,,,4.0,Avaliador-32,Avaliador-6,Avaliador-4,Avaliador-8,8.8,9.4,7.52,6.4,8.7,6.3,4.3,8.9225,10.0,Fase 3 (7° e 8° ano),0,8.59375,,8.437641667,Topázio,2023,Fase 3,7° e 8° ano
RA-1143,FASE 3,3A,Feminino,2023,Pública,,,,,,,,4.0,Avaliador-32,Avaliador-6,Avaliador-4,Avaliador-8,8.8,7.0,6.26,5.3,6.0,6.3,3.5,6.2075,5.0,Fase 5 (1° EM),-2,7.5,,6.445933333,Ágata,2023,Fase 5,1° EM
RA-330,FASE 3,3A,Feminino,2018,Pública,Ágata,Ágata,Ágata,6.446,,,,4.0,Avaliador-32,Avaliador-6,Avaliador-4,Avaliador-8,9.6,7.2,6.89,3.3,3.8,3.8,2.3,5.8275,5.0,Fase 5 (1° EM),-2,6.71875,,6.084875,Quartzo,2023,Fase 5,1° EM
RA-332,FASE 3,3A,Masculino,2017,Privada - Programa de Apadrinhamento,Ametista,Ametista,Ametista,7.883,,,,4.0,Avaliador-32,Avaliador-6,Avaliador-4,Avaliador-8,9.2,8.4,8.76,6.8,6.3,7.7,6.5,9.175,5.0,Fase 4 (9° ano),-1,8.28125,,8.002591667,Topázio,2023,Fase 4,9° ano
RA-199,FASE 3,3A,Masculino,2022,Privada,,,Ametista,7.564,,,,4.0,Avaliador-32,Avaliador-6,Avaliador-4,Avaliador-8,9.2,7.6,7.51,8.5,8.2,8.2,9.2,8.505,5.0,Fase 4 (9° ano),-1,7.96875,,7.892341667,Ametista,2023,Fase 4,9° ano
RA-1144,FASE 3,3B,Feminino,2023,Pública,,,,,,,,4.0,Avaliador-21,Avaliador-6,Avaliador-4,Avaliador-8,0.0,9.4,5.02,8.0,7.0,8.2,8.8,8.0025,10.0,Fase 3 (7° e 8° ano),0,8.28125,,7.410625,Ametista,2023,Fase 3,7° e 8° ano
RA-352,FASE 3,3B,Masculino,2019,Pública,Ametista,Ametista,Ametista,7.834,,,,4.0,Avaliador-21,Avaliador-6,Avaliador-4,Avaliador-8,9.2,8.1,6.26,7.2,8.2,6.0,7.5,7.17,10.0,Fase 3 (7° e 8° ano),0,7.96875,,7.840341667,Ametista,2023,Fase 3,7° e 8° ano
RA-1145,FASE 3,3B,Feminino,2023,Pública,,,,,,,,4.0,Avaliador-21,Avaliador-6,Avaliador-4,Avaliador-8,0.0,9.5,4.39,7.8,7.7,7.7,8.0,8.63,10.0,Fase 2 (5° e 6° ano),1,8.59375,,7.484375,Ametista,2023,Fase 2,5° e 6° ano
RA-1146,FASE 3,3B,Feminino,2023,Pública,,,,,,,,4.0,Avaliador-21,Avaliador-6,Avaliador-4,Avaliador-8,9.6,8.8,6.26,3.7,5.0,3.3,2.7,6.965,5.0,Fase 4 (9° ano),-1,7.1875,,6.689583333,Ágata,2023,Fase 4,9° ano
RA-331,FASE 3,3B,Feminino,2019,Pública,Ametista,Ametista,Ágata,6.636,,,,4.0,Avaliador-21,Avaliador-6,Avaliador-4,Avaliador-8,9.6,8.6,2.52,5.2,5.7,4.8,5.2,6.7975,10.0,Fase 3 (7° e 8° ano),0,7.03125,,7.039791667,Ametista,2023,Fase 3,7° e 8° ano
RA-227,FASE 3,3B,Masculino,2022,Pública,,,Ágata,6.471,,,,4.0,Avaliador-21,Avaliador-6,Avaliador-4,Avaliador-8,9.6,7.5,5.63,6.9,7.2,6.5,7.0,7.4625,10.0,Fase 3 (7° e 8° ano),0,8.28125,,7.722125,Ametista,2023,Fase 3,7° e 8° ano
RA-247,FASE 3,3B,Feminino,2021,Pública,,Ágata,Ametista,7.72,,,,4.0,Avaliador-21,Avaliador-6,Avaliador-4,Avaliador-8,0.0,8.5,7.52,7.2,6.5,6.7,8.3,7.5425,10.0,Fase 3 (7° e 8° ano),0,8.28125,,7.221958333,Ametista,2023,Fase 3,7° e 8° ano
RA-343,FASE 3,3B,Masculino,2020,Pública,Ametista,Quartzo,Ágata,6.9,,,,4.0,Avaliador-21,Avaliador-6,Avaliador-4,Avaliador-8,9.2,7.2,6.26,5.7,4.5,6.7,6.0,6.9225,5.0,Fase 5 (1° EM),-2,7.65625,,6.779591667,Ágata,2023,Fase 5,1° EM
RA-1147,FASE 3,3B,Feminino,2023,Pública,,,,,,,,4.0,Avaliador-21,Avaliador-6,Avaliador-4,Avaliador-8,8.3,8.3,6.26,6.7,5.0,7.5,7.5,7.0075,5.0,Fase 4 (9° ano),-1,7.1875,,7.072983333,Ametista,2023,Fase 4,9° ano
RA-345,FASE 3,3B,Masculino,2021,Pública,,Ametista,Quartzo,5.75,,,,4.0,Avaliador-21,Avaliador-6,Avaliador-4,Avaliador-8,8.8,6.8,6.26,4.6,5.7,5.7,2.5,7.1725,5.0,Fase 4 (9° ano),-1,8.125,,6.534766667,Ágata,2023,Fase 4,9° ano
RA-336,FASE 3,3B,Masculino,2016,Pública,Ametista,Ágata,Ágata,6.787,,,,4.0,Avaliador-21,Avaliador-6,Avaliador-4,Avaliador-8,0.0,7.5,6.89,5.1,6.7,5.2,3.3,7.255,5.0,Fase 4 (9° ano),-1,7.34375,,5.887708333,Quartzo,2023,Fase 4,9° ano
RA-346,FASE 3,3B,Masculino,2022,Pública,,,Topázio,8.143,,,,4.0,Avaliador-21,Avaliador-6,Avaliador-4,Avaliador-8,0.0,9.4,8.14,6.2,6.7,5.5,6.5,7.84,10.0,Fase 2 (5° e 6° ano),1,7.96875,,7.305541667,Ametista,2023,Fase 2,5° e 6° ano
RA-1148,FASE 3,3B,Feminino,2023,Pública,,,,,,,,4.0,Avaliador-21,Avaliador-6,Avaliador-4,Avaliador-8,7.9,8.6,3.77,5.7,5.7,5.3,6.2,7.2125,10.0,Fase 2 (5° e 6° ano),1,7.5,,7.227866667,Ametista,2023,Fase 2,5° e 6° ano
RA-1149,FASE 3,3C,Feminino,2023,Pública,,,,,,,,4.0,Avaliador-21,Avaliador-6,Avaliador-4,Avaliador-8,8.3,9.8,2.52,7.2,6.0,6.8,8.7,8.1725,5.0,Fase 4 (9° ano),-1,7.96875,,7.410108333,Ametista,2023,Fase 4,9° ano
RA-1150,FASE 3,3C,Masculino,2023,Pública,,,,,,,,4.0,Avaliador-21,Avaliador-6,Avaliador-4,Avaliador-8,9.2,9.8,2.52,6.7,7.0,6.5,6.5,7.835,2.5,Fase 6 (2° EM),-3,7.96875,,7.076008333,Ametista,2023,Fase 6,2° EM
RA-1151,FASE 3,3C,Feminino,2023,Pública,,,,,,,,4.0,Avaliador-21,Avaliador-6,Avaliador-4,Avaliador-8,7.5,9.5,2.52,8.3,7.3,8.8,8.7,7.545,10.0,Fase 3 (7° e 8° ano),0,7.65625,,7.829958333,Ametista,2023,Fase 3,7° e 8° ano
RA-356,FASE 3,3C,Masculino,2019,Pública,Topázio,Topázio,Ágata,6.69,,,,4.0,Avaliador-21,Avaliador-6,Avaliador-4,Avaliador-8,9.2,8.5,2.52,3.4,4.3,4.5,1.3,6.5025,10.0,Fase 3 (7° e 8° ano),0,6.09375,,6.452008333,Ágata,2023,Fase 3,7° e 8° ano
RA-1152,FASE 3,3C,Masculino,2023,Pública,,,,,,,,4.0,Avaliador-21,Avaliador-6,Avaliador-4,Avaliador-8,0.0,9.4,5.0,6.8,6.7,6.0,7.8,7.585,5.0,Fase 4 (9° ano),-1,7.8125,,6.544916667,Ágata,2023,Fase 4,9° ano
RA-221,FASE 3,3C,Masculino,2022,Pública,,,Ágata,6.892,,,,4.0,Avaliador-21,Avaliador-6,Avaliador-4,Avaliador-8,9.6,9.0,5.0,5.0,5.5,4.8,4.8,7.38,5.0,Fase 5 (1° EM),-2,7.1875,,6.959916667,Ágata,2023,Fase 5,1° EM
RA-359,FASE 3,3C,Feminino,2019,Pública,Ametista,Ágata,Ágata,6.606,,,,4.0,Avaliador-21,Avaliador-6,Avaliador-4,Avaliador-8,9.6,9.2,2.52,5.8,6.0,6.7,4.7,8.255,10.0,Fase 3 (7° e 8° ano),0,7.65625,,7.627125,Ametista,2023,Fase 3,7° e 8° ano
RA-360,FASE 3,3C,Feminino,2019,Pública,Ametista,Ágata,Ametista,7.075,,,,4.0,Avaliador-21,Avaliador-6,Avaliador-4,Avaliador-8,0.0,7.3,2.52,4.3,5.3,4.8,2.8,7.4225,10.0,Fase 3 (7° e 8° ano),0,7.34375,,5.790875,Quartzo,2023,Fase 3,7° e 8° ano
RA-338,FASE 3,3D,Masculino,2019,Pública,Ametista,Ametista,Ágata,6.837,,,,4.0,Avaliador-21,Avaliador-6,Avaliador-4,Avaliador-8,8.3,9.1,7.52,6.7,8.7,7.0,4.5,8.38,10.0,Fase 3 (7° e 8° ano),0,8.59375,,8.287441667,Topázio,2023,Fase 3,7° e 8° ano
RA-339,FASE 3,3D,Feminino,2019,Pública,Topázio,Ametista,Topázio,8.488,,,,4.0,Avaliador-21,Avaliador-6,Avaliador-4,Avaliador-8,0.0,8.9,7.52,7.1,7.7,5.7,7.8,8.255,10.0,Fase 3 (7° e 8° ano),0,7.8125,,7.377583333,Ametista,2023,Fase 3,7° e 8° ano
RA-353,FASE 3,3D,Feminino,2022,Pública,,,Topázio,8.264,,,,4.0,Avaliador-21,Avaliador-6,Avaliador-4,Avaliador-8,8.8,9.9,2.52,8.4,8.5,7.3,9.5,8.67,10.0,Fase 3 (7° e 8° ano),0,7.8125,,8.309016667,Topázio,2023,Fase 3,7° e 8° ano
RA-1153,FASE 3,3D,Feminino,2023,Pública,,,,,,,,4.0,Avaliador-21,Avaliador-6,Avaliador-4,Avaliador-8,7.9,10.0,7.52,7.2,6.7,7.8,7.0,8.63,5.0,Fase 4 (9° ano),-1,7.65625,,7.968658333,Ametista,2023,Fase 4,9° ano
RA-183,FASE 3,3D,Feminino,2022,Pública,,,Ametista,7.3,,,,4.0,Avaliador-21,Avaliador-6,Avaliador-4,Avaliador-8,7.9,9.7,2.52,7.7,7.0,8.0,8.2,8.795,5.0,Fase 4 (9° ano),-1,7.96875,,7.586241667,Ametista,2023,Fase 4,9° ano
RA-342,FASE 3,3D,Feminino,2021,Pública,,Quartzo,Ágata,6.941,,,,4.0,Avaliador-21,Avaliador-6,Avaliador-4,Avaliador-8,7.5,8.6,7.52,6.6,6.3,7.8,5.7,8.505,5.0,Fase 5 (1° EM),-2,7.96875,,7.539875,Ametista,2023,Fase 5,1° EM
RA-187,FASE 3,3D,Feminino,2019,Privada - Programa de Apadrinhamento,Ametista,Topázio,Ametista,7.928,,,,4.0,Avaliador-21,Avaliador-6,Avaliador-4,Avaliador-8,7.5,9.9,2.52,6.9,7.3,8.7,4.7,8.255,10.0,Fase 3 (7° e 8° ano),0,7.96875,,7.809875,Ametista,2023,Fase 3,7° e 8° ano
RA-190,FASE 3,3D,Feminino,2022,Pública,,,Ametista,7.335,,,,4.0,Avaliador-21,Avaliador-6,Avaliador-4,Avaliador-8,7.9,9.5,2.52,5.7,5.8,5.2,6.0,7.9575,5.0,Fase 4 (9° ano),-1,7.65625,,6.934158333,Ágata,2023,Fase 4,9° ano
RA-347,FASE 3,3D,Feminino,2019,Pública,Topázio,Ametista,Ametista,7.908,,,,4.0,Avaliador-21,Avaliador-6,Avaliador-4,Avaliador-8,6.7,9.5,2.52,7.3,6.7,6.2,9.0,7.7925,10.0,Fase 3 (7° e 8° ano),0,7.8125,,7.61835,Ametista,2023,Fase 3,7° e 8° ano
RA-234,FASE 3,3D,Masculino,2022,Pública,,,Ágata,6.719,,,,4.0,Avaliador-21,Avaliador-6,Avaliador-4,Avaliador-8,6.7,8.0,2.52,5.6,6.3,5.3,5.3,5.595,10.0,Fase 3 (7° e 8° ano),0,4.84375,,6.248741667,Ágata,2023,Fase 3,7° e 8° ano
RA-1154,FASE 3,3F,Masculino,2023,Pública,,,,,,,,4.0,Avaliador-21,Avaliador-6,Avaliador-34,Avaliador-8,9.6,9.3,5.63,5.1,5.3,5.0,5.0,7.67,10.0,Fase 3 (7° e 8° ano),0,7.65625,,7.701125,Ametista,2023,Fase 3,7° e 8° ano
RA-249,FASE 3,3F,Masculino,2017,Pública,Ágata,Ágata,Quartzo,5.097,,,,4.0,Avaliador-21,Avaliador-6,Avaliador-34,Avaliador-8,0.0,8.2,5.0,4.9,6.2,5.3,3.2,6.545,5.0,Fase 5 (1° EM),-2,5.15625,,5.444625,Quartzo,2023,Fase 5,1° EM
RA-380,FASE 3,3F,Masculino,2017,Pública,Ametista,Quartzo,Quartzo,4.556,,,,4.0,Avaliador-21,Avaliador-6,Avaliador-34,Avaliador-8,0.0,6.4,2.52,4.5,7.0,4.0,2.5,6.5425,5.0,Fase 4 (9° ano),-1,6.71875,,4.912375,Quartzo,2023,Fase 4,9° ano
RA-250,FASE 3,3F,Feminino,2022,Pública,,,Ametista,7.958,,,,4.0,Avaliador-21,Avaliador-6,Avaliador-34,Avaliador-8,0.0,9.3,5.63,8.3,7.7,8.8,8.3,8.625,10.0,Fase 3 (7° e 8° ano),0,7.96875,,7.598208333,Ametista,2023,Fase 3,7° e 8° ano
RA-367,FASE 3,3F,Feminino,2018,Pública,Topázio,Ametista,Ágata,6.95,,,,4.0,Avaliador-21,Avaliador-6,Avaliador-34,Avaliador-8,8.8,8.7,2.52,5.9,7.0,5.5,5.2,7.7925,10.0,Fase 3 (7° e 8° ano),0,7.8125,,7.38685,Ametista,2023,Fase 3,7° e 8° ano
RA-1155,FASE 3,3F,Feminino,2023,Pública,,,,,,,,4.0,Avaliador-21,Avaliador-6,Avaliador-34,Avaliador-8,9.2,9.2,5.63,8.0,6.7,8.2,9.0,8.2925,5.0,Fase 4 (9° ano),-1,7.5,,7.821633333,Ametista,2023,Fase 4,9° ano
RA-1156,FASE 3,3F,Feminino,2023,Pública,,,,,,,,4.0,Avaliador-21,Avaliador-6,Avaliador-34,Avaliador-8,8.3,9.2,2.52,5.3,6.2,6.0,3.7,7.7925,10.0,Fase 3 (7° e 8° ano),0,7.96875,,7.340775,Ametista,2023,Fase 3,7° e 8° ano
RA-368,FASE 3,3F,Masculino,2018,Pública,Ametista,Ametista,Ágata,6.969,,,,4.0,Avaliador-21,Avaliador-6,Avaliador-34,Avaliador-8,0.0,7.7,2.52,6.7,5.0,7.2,7.8,7.34,5.0,Fase 4 (9° ano),-1,7.03125,,5.796458333,Quartzo,2023,Fase 4,9° ano
RA-387,FASE 3,3F,Masculino,2019,Pública,Ágata,Ágata,Ágata,6.323,,,,4.0,Avaliador-21,Avaliador-6,Avaliador-34,Avaliador-8,0.0,6.8,2.52,3.0,4.3,2.8,1.8,7.0075,5.0,Fase 4 (9° ano),-1,6.875,,4.794333333,Quartzo,2023,Fase 4,9° ano
RA-388,FASE 3,3F,Feminino,2019,Pública,Ágata,Ágata,Ágata,6.654,,,,4.0,Avaliador-21,Avaliador-6,Avaliador-34,Avaliador-8,0.0,7.4,5.63,4.2,6.0,4.3,2.2,7.835,5.0,Fase 5 (1° EM),-2,6.875,,5.630833333,Quartzo,2023,Fase 5,1° EM
RA-374,FASE 3,3F,Feminino,2021,Privada,,Ágata,Ametista,7.747,,,,4.0,Avaliador-21,Avaliador-6,Avaliador-34,Avaliador-8,8.8,8.3,5.63,5.4,6.3,6.3,3.7,7.9175,10.0,Fase 3 (7° e 8° ano),0,7.65625,,7.533891667,Ametista,2023,Fase 3,7° e 8° ano
RA-377,FASE 3,3F,Feminino,2021,Pública,,Quartzo,Ágata,6.743,,,,4.0,Avaliador-21,Avaliador-6,Avaliador-34,Avaliador-8,9.6,7.6,5.0,4.8,6.0,5.7,2.8,7.6275,10.0,Fase 3 (7° e 8° ano),0,7.34375,,7.205041667,Ametista,2023,Fase 3,7° e 8° ano
RA-223,FASE 3,3G,Feminino,2022,Pública,,,Quartzo,4.966,,,,4.0,Avaliador-21,Avaliador-6,Avaliador-34,Avaliador-8,0.0,4.5,7.52,3.8,5.5,4.0,1.8,7.1725,5.0,Fase 4 (9° ano),-1,7.5,,5.089833333,Quartzo,2023,Fase 4,9° ano
RA-236,FASE 3,3G,Feminino,2022,Pública,,,Ametista,7.11,,,,4.0,Avaliador-21,Avaliador-6,Avaliador-34,Avaliador-8,10.0,7.5,7.52,4.5,6.3,4.0,3.3,7.2975,10.0,Fase 3 (7° e 8° ano),0,7.1875,,7.337116667,Ametista,2023,Fase 3,7° e 8° ano
RA-362,FASE 3,3G,Feminino,2018,Pública,Ágata,Quartzo,Ametista,7.413,,,,4.0,Avaliador-21,Avaliador-6,Avaliador-34,Avaliador-8,0.0,7.5,7.52,5.1,5.7,6.8,2.8,7.0875,10.0,Fase 3 (7° e 8° ano),0,7.03125,,6.392625,Ágata,2023,Fase 3,7° e 8° ano
RA-381,FASE 3,3G,Masculino,2018,Pública,Ágata,Ágata,Ágata,6.454,,,,4.0,Avaliador-21,Avaliador-6,Avaliador-34,Avaliador-8,0.0,8.4,6.89,3.9,5.3,5.3,1.2,6.84,5.0,Fase 4 (9° ano),-1,7.34375,,5.758041667,Quartzo,2023,Fase 4,9° ano
RA-364,FASE 3,3G,Masculino,2019,Pública,Ametista,Topázio,Topázio,8.75,,,,4.0,Avaliador-21,Avaliador-6,Avaliador-34,Avaliador-8,8.8,9.0,6.89,5.8,8.0,5.2,4.3,7.505,10.0,Fase 3 (7° e 8° ano),0,7.03125,,7.734891667,Ametista,2023,Fase 3,7° e 8° ano
RA-382,FASE 3,3G,Masculino,2017,Pública,Ametista,Ágata,Ágata,6.777,,,,4.0,Avaliador-21,Avaliador-6,Avaliador-34,Avaliador-8,0.0,9.4,6.26,5.2,5.0,5.8,4.7,7.1725,5.0,Fase 5 (1° EM),-2,7.5,,6.223833333,Ágata,2023,Fase 5,1° EM
RA-383,FASE 3,3G,Masculino,2019,Pública,Topázio,Ametista,Topázio,8.4,,,,4.0,Avaliador-21,Avaliador-6,Avaliador-34,Avaliador-8,9.2,8.8,3.14,6.5,6.3,6.2,7.0,7.5,10.0,Fase 3 (7° e 8° ano),0,7.5,,7.5408,Ametista,2023,Fase 3,7° e 8° ano
RA-384,FASE 3,3G,Feminino,2017,Pública,Ametista,Ametista,Ametista,7.558,,,,4.0,Avaliador-21,Avaliador-6,Avaliador-34,Avaliador-8,0.0,9.1,2.52,7.3,6.3,7.2,8.3,7.335,10.0,Fase 3 (7° e 8° ano),0,7.65625,,6.757958333,Ágata,2023,Fase 3,7° e 8° ano
RA-1157,FASE 3,3G,Masculino,2023,Pública,,,,,,,,4.0,Avaliador-21,Avaliador-6,Avaliador-34,Avaliador-8,9.2,8.8,6.26,5.7,5.0,6.3,5.7,7.0025,5.0,Fase 4 (9° ano),-1,7.5,,7.086633333,Ametista,2023,Fase 4,9° ano
RA-386,FASE 3,3G,Masculino,2019,Pública,Ágata,Ágata,Ágata,6.104,,,,4.0,Avaliador-21,Avaliador-6,Avaliador-34,Avaliador-8,9.2,7.0,2.52,3.3,5.0,3.7,1.2,6.6325,5.0,Fase 4 (9° ano),-1,7.03125,,5.758425,Quartzo,2023,Fase 4,9° ano
RA-260,FASE 3,3G,Feminino,2019,Pública,Topázio,Ametista,Ametista,7.44,,,,4.0,Avaliador-21,Avaliador-6,Avaliador-34,Avaliador-8,9.2,9.9,7.52,6.1,6.3,5.2,6.7,7.4175,10.0,Fase 3 (7° e 8° ano),0,7.34375,,8.080008333,Topázio,2023,Fase 3,7° e 8° ano
RA-390,FASE 3,3G,Feminino,2022,Pública,,,Ágata,6.776,,,,4.0,Avaliador-21,Avaliador-6,Avaliador-34,Avaliador-8,7.9,8.8,2.52,4.8,5.7,5.8,3.0,7.005,10.0,Fase 3 (7° e 8° ano),0,7.34375,,6.905741667,Ágata,2023,Fase 3,7° e 8° ano
RA-1158,FASE 3,3G,Feminino,2023,Pública,,,,,,,,4.0,Avaliador-21,Avaliador-6,Avaliador-34,Avaliador-8,7.5,8.6,2.52,4.3,5.3,5.0,2.7,7.34,5.0,Fase 4 (9° ano),-1,7.5,,6.306666667,Ágata,2023,Fase 4,9° ano
RA-391,FASE 3,3I,Feminino,2022,Pública,,,Ametista,7.117,,,,4.0,Avaliador-21,Avaliador-6,Avaliador-4,Avaliador-8,7.9,7.5,2.52,3.5,4.2,5.0,1.3,7.585,10.0,Fase 3 (7° e 8° ano),0,7.5,,6.5107,Ágata,2023,Fase 3,7° e 8° ano
RA-1159,FASE 3,3I,Feminino,2023,Pública,,,,,,,,4.0,Avaliador-21,Avaliador-6,Avaliador-4,Avaliador-8,5.8,6.6,2.52,3.1,5.2,1.5,2.5,7.1325,10.0,Fase 3 (7° e 8° ano),0,7.1875,,5.913883333,Quartzo,2023,Fase 3,7° e 8° ano
RA-392,FASE 3,3I,Masculino,2022,Pública,,,Ágata,6.418,,,,4.0,Avaliador-21,Avaliador-6,Avaliador-4,Avaliador-8,9.6,9.5,2.52,4.6,6.2,4.7,2.8,7.17,5.0,Fase 5 (1° EM),-2,6.09375,,6.567208333,Ágata,2023,Fase 5,1° EM
RA-1160,FASE 3,3I,Masculino,2023,Pública,,,,,,,,4.0,Avaliador-21,Avaliador-6,Avaliador-4,Avaliador-8,9.6,8.7,2.52,2.7,4.8,2.7,0.7,7.2575,10.0,Fase 3 (7° e 8° ano),0,6.875,,6.636166667,Ágata,2023,Fase 3,7° e 8° ano
RA-1161,FASE 3,3I,Feminino,2023,Pública,,,,,,,,4.0,Avaliador-21,Avaliador-6,Avaliador-4,Avaliador-8,6.3,8.1,2.52,6.3,7.3,6.5,5.2,8.63,10.0,Fase 3 (7° e 8° ano),0,8.28125,,7.317791667,Ametista,2023,Fase 3,7° e 8° ano
RA-395,FASE 3,3I,Feminino,2018,Pública,Ametista,Topázio,Ametista,7.683,,,,4.0,Avaliador-21,Avaliador-6,Avaliador-4,Avaliador-8,9.2,8.6,2.52,6.0,6.7,5.3,6.0,7.9175,10.0,Fase 3 (7° e 8° ano),0,7.96875,,7.469175,Ametista,2023,Fase 3,7° e 8° ano
RA-450,FASE 3,3K,Masculino,2021,Pública,,Ágata,Ametista,7.843,,,,4.0,Avaliador-21,Avaliador-6,Avaliador-4,Avaliador-8,9.6,8.4,2.52,5.4,7.0,6.5,2.7,7.9175,5.0,Fase 4 (9° ano),-1,7.65625,,6.819625,Ágata,2023,Fase 4,9° ano
RA-463,FASE 3,3K,Feminino,2020,Pública,Quartzo,Quartzo,Ágata,6.41,,,,4.0,Avaliador-21,Avaliador-6,Avaliador-4,Avaliador-8,9.2,5.4,2.52,4.0,6.3,4.3,1.3,7.795,10.0,Fase 3 (7° e 8° ano),0,7.8125,,6.382383333,Ágata,2023,Fase 3,7° e 8° ano
RA-298,FASE 3,3K,Masculino,2019,Pública,Ametista,Ágata,Ágata,6.409,,,,4.0,Avaliador-21,Avaliador-6,Avaliador-4,Avaliador-8,9.6,8.6,2.52,5.5,7.7,4.5,4.2,7.7525,5.0,Fase 4 (9° ano),-1,7.5,,6.824333333,Ágata,2023,Fase 4,9° ano
RA-464,FASE 3,3K,Feminino,2022,Pública,,,Ágata,6.745,,,,4.0,Avaliador-21,Avaliador-6,Avaliador-4,Avaliador-8,9.2,7.7,2.52,3.0,4.8,3.7,0.5,7.38,5.0,Fase 4 (9° ano),-1,7.96875,,6.081675,Quartzo,2023,Fase 4,9° ano
RA-465,FASE 3,3K,Masculino,2019,Pública,Topázio,Ametista,Ametista,8.012,,,,4.0,Avaliador-21,Avaliador-6,Avaliador-4,Avaliador-8,7.5,9.4,2.52,8.5,8.3,8.2,9.0,8.17,10.0,Fase 3 (7° e 8° ano),0,7.96875,,8.012875,Topázio,2023,Fase 3,7° e 8° ano
RA-442,FASE 3,3K,Feminino,2022,Pública,,,Topázio,8.226,,,,4.0,Avaliador-21,Avaliador-6,Avaliador-4,Avaliador-8,0.0,7.6,7.52,5.8,6.7,6.5,4.3,8.1275,10.0,Fase 3 (7° e 8° ano),0,7.5,,6.814166667,Ágata,2023,Fase 3,7° e 8° ano
RA-300,FASE 3,3K,Masculino,2022,Pública,,,Quartzo,5.557,,,,4.0,Avaliador-21,Avaliador-6,Avaliador-4,Avaliador-8,5.0,7.5,2.52,4.5,4.5,5.3,3.8,6.5875,5.0,Fase 5 (1° EM),-2,6.40625,,5.616691667,Quartzo,2023,Fase 5,1° EM
RA-467,FASE 3,3K,Feminino,2022,Pública,,,Ágata,6.38,,,,4.0,Avaliador-21,Avaliador-6,Avaliador-4,Avaliador-8,6.3,9.2,3.14,5.2,6.0,6.0,3.7,7.5425,5.0,Fase 4 (9° ano),-1,7.1875,,6.552916667,Ágata,2023,Fase 4,9° ano
RA-468,FASE 3,3K,Masculino,2022,Pública,,,Ágata,6.313,,,,4.0,Avaliador-21,Avaliador-6,Avaliador-4,Avaliador-8,8.3,6.0,6.27,3.4,4.8,3.0,2.3,6.715,5.0,Fase 4 (9° ano),-1,7.34375,,5.911108333,Quartzo,2023,Fase 4,9° ano
RA-1162,FASE 3,3K,Feminino,2023,Pública,,,,,,,,4.0,Avaliador-21,Avaliador-6,Avaliador-4,Avaliador-8,8.3,8.5,3.77,6.0,7.3,5.5,5.2,7.7525,10.0,Fase 3 (7° e 8° ano),0,7.8125,,7.44215,Ametista,2023,Fase 3,7° e 8° ano
RA-470,FASE 3,3K,Feminino,2019,Pública,Ametista,Ametista,Ametista,7.378,,,,4.0,Avaliador-21,Avaliador-6,Avaliador-4,Avaliador-8,8.8,9.2,5.0,4.9,6.0,4.3,4.5,7.71,5.0,Fase 4 (9° ano),-1,7.5,,6.993766667,Ágata,2023,Fase 4,9° ano
RA-474,FASE 3,3K,Masculino,2019,Pública,Ametista,Ametista,Ágata,6.446,,,,4.0,Avaliador-21,Avaliador-6,Avaliador-4,Avaliador-8,0.0,7.8,5.0,3.3,4.8,3.8,1.2,6.7575,5.0,Fase 4 (9° ano),-1,7.1875,,5.283583333,Quartzo,2023,Fase 4,9° ano
RA-476,FASE 3,3K,Feminino,2019,Pública,Ágata,Ametista,Ágata,6.931,,,,4.0,Avaliador-21,Avaliador-6,Avaliador-4,Avaliador-8,7.9,7.0,2.52,4.1,5.0,4.5,2.7,7.505,10.0,Fase 3 (7° e 8° ano),0,7.34375,,6.492408333,Ágata,2023,Fase 3,7° e 8° ano
RA-478,FASE 3,3K,Feminino,2019,Pública,Ametista,Ametista,Ágata,6.709,,,,4.0,Avaliador-21,Avaliador-6,Avaliador-4,Avaliador-8,6.7,7.3,2.52,4.4,4.3,4.7,4.3,7.2975,10.0,Fase 3 (7° e 8° ano),0,7.1875,,6.443616667,Ágata,2023,Fase 3,7° e 8° ano
RA-410,FASE 3,3K,Masculino,2018,Pública,Quartzo,Quartzo,Quartzo,5.675,,,,4.0,Avaliador-21,Avaliador-6,Avaliador-4,Avaliador-8,8.8,5.8,7.52,4.9,5.0,4.8,4.8,6.0425,5.0,Fase 4 (9° ano),-1,6.71875,,6.140808333,Ágata,2023,Fase 4,9° ano
RA-411,FASE 3,3L,Feminino,2019,Privada,Ametista,Ametista,Ametista,7.232,,,,4.0,Avaliador-21,Avaliador-6,Avaliador-4,Avaliador-8,6.2,9.0,7.52,6.6,5.7,6.7,7.3,7.5425,10.0,Fase 3 (7° e 8° ano),0,7.8125,,7.779983333,Ametista,2023,Fase 3,7° e 8° ano
RA-412,FASE 3,3L,Feminino,2018,Pública,Ágata,Ágata,Ametista,7.556,,,,4.0,Avaliador-21,Avaliador-6,Avaliador-4,Avaliador-8,8.8,8.9,2.52,6.2,5.8,5.2,7.7,7.585,10.0,Fase 3 (7° e 8° ano),0,7.03125,,7.373891667,Ametista,2023,Fase 3,7° e 8° ano
RA-400,FASE 3,3L,Masculino,2018,Pública,Ágata,Quartzo,Ágata,6.042,,,,4.0,Avaliador-21,Avaliador-6,Avaliador-4,Avaliador-8,9.2,9.0,2.52,4.1,4.8,4.7,2.8,7.375,5.0,Fase 4 (9° ano),-1,7.65625,,6.529425,Ágata,2023,Fase 4,9° ano
RA-414,FASE 3,3L,Feminino,2021,Pública,,Ágata,Ametista,7.284,,,,4.0,Avaliador-21,Avaliador-6,Avaliador-4,Avaliador-8,0.0,9.5,7.52,6.5,6.0,7.0,6.5,7.585,10.0,Fase 3 (7° e 8° ano),0,7.8125,,7.25025,Ametista,2023,Fase 3,7° e 8° ano
RA-415,FASE 3,3L,Feminino,2019,Pública,Topázio,Ametista,Ametista,7.695,,,,4.0,Avaliador-21,Avaliador-6,Avaliador-4,Avaliador-8,7.1,8.2,7.52,3.7,2.8,4.0,4.3,7.8325,10.0,Fase 3 (7° e 8° ano),0,7.8125,,7.18805,Ametista,2023,Fase 3,7° e 8° ano
RA-1163,FASE 3,3L,Masculino,2023,Pública,,,,,,,,4.0,Avaliador-21,Avaliador-6,Avaliador-4,Avaliador-8,8.8,9.3,7.52,7.2,7.0,6.7,8.0,7.75,5.0,Fase 4 (9° ano),-1,7.65625,,7.749391667,Ametista,2023,Fase 4,9° ano
RA-273,FASE 3,3L,Feminino,2018,Pública,Ametista,Ametista,Quartzo,5.679,,,,4.0,Avaliador-21,Avaliador-6,Avaliador-4,Avaliador-8,7.9,7.4,2.52,5.0,5.3,6.8,3.0,7.6275,5.0,Fase 4 (9° ano),-1,7.8125,,6.337116667,Ágata,2023,Fase 4,9° ano
RA-471,FASE 3,3L,Feminino,2020,Pública,Ágata,Ágata,Ágata,6.535,,,,4.0,Avaliador-21,Avaliador-6,Avaliador-4,Avaliador-8,0.0,9.0,6.27,5.0,6.3,4.0,4.8,8.125,10.0,Fase 3 (7° e 8° ano),0,7.96875,,6.855541667,Ágata,2023,Fase 3,7° e 8° ano
RA-416,FASE 3,3L,Masculino,2018,Privada - Programa de Apadrinhamento,Ametista,Ametista,Ametista,7.913,,,,4.0,Avaliador-21,Avaliador-6,Avaliador-4,Avaliador-8,9.2,9.8,2.52,7.6,7.0,7.0,8.8,8.3375,10.0,Fase 3 (7° e 8° ano),0,8.28125,,8.144425,Topázio,2023,Fase 3,7° e 8° ano
RA-417,FASE 3,3L,Feminino,2022,Pública,,,Topázio,8.428,,,,4.0,Avaliador-21,Avaliador-6,Avaliador-4,Avaliador-8,5.4,9.7,7.52,7.8,6.7,8.3,8.3,8.2125,10.0,Fase 3 (7° e 8° ano),0,8.28125,,8.257658333,Topázio,2023,Fase 3,7° e 8° ano
RA-305,FASE 3,3L,Masculino,2019,Pública,Ametista,Ágata,Ágata,6.058,,,,4.0,Avaliador-21,Avaliador-6,Avaliador-4,Avaliador-8,0.0,8.9,7.52,5.2,5.2,4.8,5.7,7.75,5.0,Fase 5 (1° EM),-2,7.65625,,6.394291667,Ágata,2023,Fase 5,1° EM
RA-418,FASE 3,3L,Feminino,2020,Privada - Programa de Apadrinhamento,Topázio,Topázio,Topázio,8.175,,,,4.0,Avaliador-21,Avaliador-6,Avaliador-4,Avaliador-8,8.8,10.0,2.52,8.1,6.7,8.3,9.3,8.045,10.0,Fase 2 (5° e 6° ano),1,8.125,,8.1686,Topázio,2023,Fase 2,5° e 6° ano
RA-419,FASE 3,3L,Feminino,2019,Privada - Programa de Apadrinhamento,Ametista,Ametista,Ametista,7.359,,,,4.0,Avaliador-21,Avaliador-6,Avaliador-4,Avaliador-8,6.7,9.5,2.52,7.6,7.0,7.3,8.5,7.875,10.0,Fase 3 (7° e 8° ano),0,8.125,,7.7261,Ametista,2023,Fase 3,7° e 8° ano
RA-421,FASE 3,3L,Masculino,2021,Pública,,Topázio,Topázio,8.717,,,,4.0,Avaliador-21,Avaliador-6,Avaliador-4,Avaliador-8,9.2,9.9,2.52,7.3,8.0,6.2,7.8,8.17,10.0,Fase 3 (7° e 8° ano),0,7.8125,,8.030716667,Topázio,2023,Fase 3,7° e 8° ano
RA-407,FASE 3,3L,Masculino,2022,Pública,,,Ametista,7.195,,,,4.0,Avaliador-21,Avaliador-6,Avaliador-4,Avaliador-8,9.6,8.6,7.52,7.3,7.3,7.2,7.3,7.5,5.0,Fase 4 (9° ano),-1,7.8125,,7.665083333,Ametista,2023,Fase 4,9° ano
RA-425,FASE 3,3L,Masculino,2022,Pública,,,Topázio,8.117,,,,4.0,Avaliador-21,Avaliador-6,Avaliador-4,Avaliador-8,9.2,9.9,2.52,7.5,6.7,7.3,8.5,8.3775,10.0,Fase 3 (7° e 8° ano),0,7.8125,,8.10555,Topázio,2023,Fase 3,7° e 8° ano
RA-426,FASE 3,3M,Feminino,2022,Pública,,,Ágata,6.35,,,,4.0,Avaliador-21,Avaliador-6,Avaliador-4,Avaliador-8,5.4,7.6,5.0,5.0,4.7,5.2,5.0,7.5425,5.0,Fase 4 (9° ano),-1,7.65625,,6.329158333,Ágata,2023,Fase 4,9° ano
RA-430,FASE 3,3M,Masculino,2022,Pública,,,Ametista,7.585,,,,4.0,Avaliador-21,Avaliador-6,Avaliador-4,Avaliador-8,9.2,9.3,2.52,6.4,7.3,5.5,6.5,7.75,5.0,Fase 4 (9° ano),-1,7.8125,,7.146716667,Ametista,2023,Fase 4,9° ano
RA-1164,FASE 3,3M,Masculino,2023,Pública,,,,,,,,4.0,Avaliador-21,Avaliador-6,Avaliador-4,Avaliador-8,9.2,7.5,2.52,4.8,7.0,7.5,0.0,7.545,10.0,Fase 3 (7° e 8° ano),0,7.65625,,6.910091667,Ágata,2023,Fase 3,7° e 8° ano
RA-1165,FASE 3,3M,Feminino,2023,Pública,,,,,,,,4.0,Avaliador-21,Avaliador-6,Avaliador-4,Avaliador-8,9.2,9.1,5.0,7.3,7.0,6.0,9.0,7.2925,10.0,Fase 3 (7° e 8° ano),0,7.1875,,7.880716667,Ametista,2023,Fase 3,7° e 8° ano
RA-432,FASE 3,3M,Feminino,2019,Pública,Quartzo,Quartzo,Ágata,6.34,,,,4.0,Avaliador-21,Avaliador-6,Avaliador-4,Avaliador-8,8.8,9.0,2.52,5.2,5.0,6.3,4.2,8.0425,5.0,Fase 5 (1° EM),-2,7.8125,,6.850183333,Ágata,2023,Fase 5,1° EM
RA-303,FASE 3,3M,Masculino,2019,Pública,Ametista,Ágata,Ágata,6.03,,,,4.0,Avaliador-21,Avaliador-6,Avaliador-4,Avaliador-8,0.0,7.3,7.52,5.1,5.7,5.2,4.5,7.05,5.0,Fase 5 (1° EM),-2,7.65625,,5.914291667,Quartzo,2023,Fase 5,1° EM
RA-420,FASE 3,3M,Feminino,2019,Privada - Programa de Apadrinhamento,Topázio,Ametista,Ametista,7.461,,,,4.0,Avaliador-21,Avaliador-6,Avaliador-4,Avaliador-8,8.3,9.3,2.52,5.3,5.7,5.8,4.3,7.96,10.0,Fase 3 (7° e 8° ano),0,7.65625,,7.356358333,Ametista,2023,Fase 3,7° e 8° ano
RA-1166,FASE 3,3M,Feminino,2023,Pública,,,,,,,,4.0,Avaliador-21,Avaliador-6,Avaliador-4,Avaliador-8,8.3,9.6,7.52,4.8,5.3,2.8,6.2,7.9175,5.0,Fase 5 (1° EM),-2,7.65625,,7.307858333,Ametista,2023,Fase 5,1° EM
RA-1167,FASE 3,3M,Masculino,2023,Pública,,,,,,,,4.0,Avaliador-21,Avaliador-6,Avaliador-4,Avaliador-8,8.8,7.6,2.52,3.8,6.0,3.7,1.8,7.9625,2.5,Fase 6 (2° EM),-3,7.65625,,6.021891667,Quartzo,2023,Fase 6,2° EM
RA-424,FASE 3,3M,Feminino,2022,Pública,,,Ametista,7.94,,,,4.0,Avaliador-21,Avaliador-6,Avaliador-4,Avaliador-8,8.8,9.9,2.52,6.4,5.0,6.7,7.5,7.7925,10.0,Fase 3 (7° e 8° ano),0,7.8125,,7.72685,Ametista,2023,Fase 3,7° e 8° ano
RA-398,FASE 3,3N,Feminino,2022,Pública,,,Ametista,7.742,,,,4.0,Avaliador-21,Avaliador-6,Avaliador-34,Avaliador-8,6.7,8.1,2.52,6.5,9.3,5.8,4.5,7.7925,10.0,Fase 2 (5° e 6° ano),1,7.5,,7.153766667,Ametista,2023,Fase 2,5° e 6° ano
RA-399,FASE 3,3N,Feminino,2022,Pública,,,Ágata,6.58,,,,4.0,Avaliador-21,Avaliador-6,Avaliador-34,Avaliador-8,7.9,8.2,2.52,4.7,5.0,4.2,4.8,8.165,10.0,Fase 3 (7° e 8° ano),0,7.5,,7.000033333,Ametista,2023,Fase 3,7° e 8° ano
RA-428,FASE 3,3N,Masculino,2022,Pública,,,Ametista,7.683,,,,4.0,Avaliador-21,Avaliador-6,Avaliador-34,Avaliador-8,8.3,9.5,2.52,7.2,9.3,4.7,7.7,8.0425,10.0,Fase 3 (7° e 8° ano),0,7.8125,,7.821816667,Ametista,2023,Fase 3,7° e 8° ano
RA-315,FASE 3,3N,Feminino,2022,Pública,,,Quartzo,5.672,,,,4.0,Avaliador-21,Avaliador-6,Avaliador-34,Avaliador-8,0.0,6.8,5.0,6.3,5.7,6.8,6.3,7.8375,5.0,Fase 4 (9° ano),-1,7.96875,,5.977708333,Quartzo,2023,Fase 4,9° ano
RA-402,FASE 3,3N,Feminino,2019,Pública,Ágata,Ágata,Quartzo,5.261,,,,4.0,Avaliador-21,Avaliador-6,Avaliador-34,Avaliador-8,9.2,7.3,2.52,4.2,4.7,4.0,4.0,6.88,10.0,Fase 3 (7° e 8° ano),0,7.8125,,6.632716667,Ágata,2023,Fase 3,7° e 8° ano
RA-1168,FASE 3,3N,Feminino,2023,Pública,,,,,,,,4.0,Avaliador-21,Avaliador-6,Avaliador-34,Avaliador-8,0.0,8.8,2.52,3.5,5.0,2.0,3.5,7.045,10.0,Fase 3 (7° e 8° ano),0,7.65625,,5.886625,Quartzo,2023,Fase 3,7° e 8° ano
RA-613,FASE 3,3N,Masculino,2020,Pública,Ametista,Ametista,Topázio,8.121,,,,4.0,Avaliador-21,Avaliador-6,Avaliador-34,Avaliador-8,9.2,9.4,5.0,4.8,4.3,6.2,3.8,7.2125,5.0,Fase 4 (9° ano),-1,6.71875,,6.864508333,Ágata,2023,Fase 4,9° ano
RA-304,FASE 3,3N,Masculino,2020,Pública,Ametista,Ágata,Ágata,6.355,,,,4.0,Avaliador-21,Avaliador-6,Avaliador-34,Avaliador-8,0.0,8.8,5.0,5.7,7.0,3.7,6.3,7.835,5.0,Fase 5 (1° EM),-2,7.8125,,6.241583333,Ágata,2023,Fase 5,1° EM
RA-457,FASE 3,3N,Feminino,2022,Pública,,,Ametista,7.68,,,,4.0,Avaliador-21,Avaliador-6,Avaliador-34,Avaliador-8,7.5,8.6,7.52,8.1,6.7,8.5,9.0,8.045,10.0,Fase 3 (7° e 8° ano),0,8.125,,8.256833333,Topázio,2023,Fase 3,7° e 8° ano
RA-307,FASE 3,3N,Masculino,2022,Pública,,,Quartzo,4.733,,,,4.0,Avaliador-21,Avaliador-6,Avaliador-34,Avaliador-8,0.0,6.5,7.52,6.3,6.3,7.3,5.2,7.46,5.0,Fase 5 (1° EM),-2,7.5,,6.047333333,Quartzo,2023,Fase 5,1° EM
RA-283,FASE 3,3N,Masculino,2020,Pública,Ágata,Ágata,Ametista,7.131,,,,4.0,Avaliador-21,Avaliador-6,Avaliador-34,Avaliador-8,8.3,9.5,7.52,6.8,6.8,4.8,8.8,7.5025,5.0,Fase 5 (1° EM),-2,7.03125,,7.549025,Ametista,2023,Fase 5,1° EM
RA-459,FASE 3,3N,Masculino,2019,Pública,Ametista,Ametista,Ametista,7.28,,,,4.0,Avaliador-21,Avaliador-6,Avaliador-34,Avaliador-8,6.7,9.3,7.52,8.3,8.3,9.2,7.5,7.88,10.0,Fase 3 (7° e 8° ano),0,7.1875,,8.240016667,Topázio,2023,Fase 3,7° e 8° ano
RA-440,FASE 3,3P,Masculino,2022,Pública,,,Ametista,7.329,,,,4.0,Avaliador-32,Avaliador-6,Avaliador-34,Avaliador-8,0.0,8.2,7.52,6.2,7.3,7.0,4.2,7.835,10.0,Fase 3 (7° e 8° ano),0,7.96875,,6.989208333,Ágata,2023,Fase 3,7° e 8° ano
RA-443,FASE 3,3P,Feminino,2019,Pública,Ametista,Ametista,Ametista,7.482,,,,4.0,Avaliador-32,Avaliador-6,Avaliador-34,Avaliador-8,7.1,7.5,2.52,7.6,7.0,8.7,7.0,8.125,5.0,Fase 4 (9° ano),-1,7.96875,,6.895508333,Ágata,2023,Fase 4,9° ano
RA-454,FASE 3,3P,Masculino,2018,Pública,Quartzo,Ágata,Quartzo,5.561,,,,4.0,Avaliador-32,Avaliador-6,Avaliador-34,Avaliador-8,0.0,7.5,5.0,2.6,4.2,1.2,2.5,5.54,5.0,Fase 5 (1° EM),-2,4.6875,,4.603416667,Quartzo,2023,Fase 5,1° EM
RA-444,FASE 3,3P,Masculino,2018,Pública,Ágata,Ametista,Ágata,6.665,,,,4.0,Avaliador-32,Avaliador-6,Avaliador-34,Avaliador-8,0.0,7.9,5.0,4.7,4.7,5.8,3.7,6.4575,10.0,Fase 2 (5° e 6° ano),1,6.40625,,5.958791667,Quartzo,2023,Fase 2,5° e 6° ano
RA-170,FASE 3,3P,Feminino,2018,Privada - Programa de Apadrinhamento,Ametista,Ametista,Ágata,7.007,,,,4.0,Avaliador-32,Avaliador-6,Avaliador-34,Avaliador-8,8.8,8.9,2.52,7.2,6.3,8.7,6.5,7.6725,5.0,Fase 5 (1° EM),-2,6.875,,7.062433333,Ametista,2023,Fase 5,1° EM
RA-1169,FASE 3,3P,Feminino,2023,Pública,,,,,,,,4.0,Avaliador-32,Avaliador-6,Avaliador-34,Avaliador-8,7.5,9.5,5.0,6.3,6.8,7.3,4.8,8.0025,5.0,Fase 4 (9° ano),-1,7.03125,,7.213625,Ametista,2023,Fase 4,9° ano
RA-458,FASE 3,3P,Masculino,2019,Pública,Ametista,Quartzo,Ágata,6.512,,,,4.0,Avaliador-32,Avaliador-6,Avaliador-34,Avaliador-8,9.6,6.9,7.52,3.8,4.3,4.8,2.2,6.2475,5.0,Fase 4 (9° ano),-1,7.1875,,6.312083333,Ágata,2023,Fase 4,9° ano
RA-1170,FASE 3,3P,Masculino,2023,Pública,,,,,,,,4.0,Avaliador-32,Avaliador-6,Avaliador-34,Avaliador-8,8.8,7.7,7.52,5.9,6.0,6.8,4.8,6.5775,5.0,Fase 4 (9° ano),-1,7.1875,,6.874683333,Ágata,2023,Fase 4,9° ano
RA-1171,FASE 3,3P,Masculino,2023,Pública,,,,,,,,4.0,Avaliador-32,Avaliador-6,Avaliador-34,Avaliador-8,7.9,8.4,5.0,8.7,7.3,9.0,9.7,8.88,5.0,Fase 4 (9° ano),-1,8.75,,7.856033333,Ametista,2023,Fase 4,9° ano
RA-449,FASE 3,3P,Feminino,2022,Pública,,,Ágata,6.143,,,,4.0,Avaliador-32,Avaliador-6,Avaliador-34,Avaliador-8,7.1,7.2,7.52,7.0,5.5,7.7,7.7,6.8425,10.0,Fase 3 (7° e 8° ano),0,7.34375,,7.396508333,Ametista,2023,Fase 3,7° e 8° ano
RA-462,FASE 3,3P,Feminino,2022,Pública,,,Ágata,6.626,,,,4.0,Avaliador-32,Avaliador-6,Avaliador-34,Avaliador-8,10.0,8.1,5.0,2.7,4.0,2.8,1.3,6.5825,5.0,Fase 5 (1° EM),-2,7.5,,6.2267,Ágata,2023,Fase 5,1° EM
RA-176,FASE 4,4A,Feminino,2018,Privada - Programa de Apadrinhamento,Topázio,Ametista,Topázio,8.427,,,,4.0,Avaliador-21,Avaliador-6,Avaliador-23,Avaliador-8,9.6,9.5,2.52,8.0,7.3,7.3,9.3,9.0025,10.0,Fase 4 (9° ano),0,8.125,,8.316833333,Topázio,2023,Fase 4,9° ano
RA-178,FASE 4,4A,Feminino,2016,Privada - Programa de Apadrinhamento,Ametista,Ametista,Ágata,7.025,,,,4.0,Avaliador-21,Avaliador-6,Avaliador-23,Avaliador-8,7.9,8.7,2.52,5.9,6.3,5.8,5.5,8.42,10.0,Fase 4 (9° ano),0,7.65625,,7.406658333,Ametista,2023,Fase 4,9° ano
RA-193,FASE 4,4A,Masculino,2016,Privada - Programa de Apadrinhamento,Topázio,Topázio,Topázio,8.155,,,,4.0,Avaliador-21,Avaliador-6,Avaliador-23,Avaliador-8,8.3,9.4,2.52,6.5,6.0,6.3,7.3,8.17,10.0,Fase 3 (7° e 8° ano),1,8.125,,7.718566667,Ametista,2023,Fase 3,7° e 8° ano
RA-1172,FASE 4,4A,Feminino,2023,Pública,,,,,,,,4.0,Avaliador-21,Avaliador-6,Avaliador-23,Avaliador-8,8.3,7.8,2.52,6.7,6.0,5.7,8.3,8.46,5.0,Fase 6 (2° EM),-2,8.59375,,7.030108333,Ametista,2023,Fase 6,2° EM
RA-180,FASE 4,4A,Masculino,2018,Privada - Programa de Apadrinhamento,Topázio,Topázio,Topázio,8.442,,,,4.0,Avaliador-21,Avaliador-6,Avaliador-23,Avaliador-8,9.2,9.4,2.52,8.0,8.3,7.3,8.5,8.92,10.0,Fase 3 (7° e 8° ano),1,8.4375,,8.283216667,Topázio,2023,Fase 3,7° e 8° ano
RA-181,FASE 4,4A,Feminino,2019,Privada - Programa de Apadrinhamento,Topázio,Ametista,Topázio,8.623,,,,4.0,Avaliador-21,Avaliador-6,Avaliador-23,Avaliador-8,9.6,8.3,2.52,6.8,8.3,6.5,5.5,8.2525,10.0,Fase 4 (9° ano),0,7.96875,,7.671208333,Ametista,2023,Fase 4,9° ano
RA-195,FASE 4,4A,Feminino,2017,Privada - Programa de Apadrinhamento,Ametista,Ametista,Ametista,8.017,,,,4.0,Avaliador-21,Avaliador-6,Avaliador-23,Avaliador-8,7.1,9.2,2.52,6.0,6.3,6.2,5.5,8.79,10.0,Fase 4 (9° ano),0,8.4375,,7.60205,Ametista,2023,Fase 4,9° ano
RA-196,FASE 4,4A,Masculino,2018,Privada - Programa de Apadrinhamento,Ametista,Topázio,Topázio,8.124,,,,4.0,Avaliador-21,Avaliador-6,Avaliador-23,Avaliador-8,7.9,9.0,2.52,6.2,7.0,6.0,5.7,8.2125,10.0,Fase 3 (7° e 8° ano),1,8.28125,,7.560991667,Ametista,2023,Fase 3,7° e 8° ano
RA-211,FASE 4,4A,Masculino,2021,Privada - Programa de Apadrinhamento,,Topázio,Topázio,8.465,,,,4.0,Avaliador-21,Avaliador-6,Avaliador-23,Avaliador-8,9.6,9.4,2.52,7.1,7.7,8.0,5.7,8.71,10.0,Fase 4 (9° ano),0,7.65625,,8.024791667,Topázio,2023,Fase 4,9° ano
RA-197,FASE 4,4A,Feminino,2021,Privada - Programa de Apadrinhamento,,Topázio,Topázio,8.218,,,,4.0,Avaliador-21,Avaliador-6,Avaliador-23,Avaliador-8,8.3,9.8,2.52,7.2,7.0,7.3,7.2,8.46,10.0,Fase 3 (7° e 8° ano),1,7.96875,,7.967608333,Ametista,2023,Fase 3,7° e 8° ano
RA-229,FASE 4,4A,Masculino,2022,Privada - Programa de Apadrinhamento,,,Topázio,8.62,,,,4.0,Avaliador-21,Avaliador-6,Avaliador-23,Avaliador-8,9.2,9.8,2.52,7.8,8.0,8.2,7.3,8.42,10.0,Fase 3 (7° e 8° ano),1,8.28125,,8.207591667,Topázio,2023,Fase 3,7° e 8° ano
RA-186,FASE 4,4A,Feminino,2019,Privada,Ametista,Ametista,Ametista,7.832,,,,4.0,Avaliador-21,Avaliador-6,Avaliador-23,Avaliador-8,7.5,9.7,2.52,6.9,6.8,7.0,7.0,8.46,10.0,Fase 4 (9° ano),0,7.96875,,7.817541667,Ametista,2023,Fase 4,9° ano
RA-189,FASE 4,4A,Masculino,2018,Privada - Programa de Apadrinhamento,Ametista,Ametista,Ametista,7.629,,,,4.0,Avaliador-21,Avaliador-6,Avaliador-23,Avaliador-8,7.9,9.4,2.52,6.5,6.3,6.5,6.7,8.3775,10.0,Fase 4 (9° ano),0,8.28125,,7.727325,Ametista,2023,Fase 4,9° ano
RA-191,FASE 4,4A,Masculino,2019,Privada - Programa de Apadrinhamento,Topázio,Topázio,Topázio,8.74,,,,4.0,Avaliador-21,Avaliador-6,Avaliador-23,Avaliador-8,0.0,9.7,2.52,7.8,8.7,7.0,7.8,8.4625,10.0,Fase 4 (9° ano),0,8.125,,7.263666667,Ametista,2023,Fase 4,9° ano
RA-1173,FASE 4,4A,Masculino,2023,Pública,,,,,,,,4.0,Avaliador-21,Avaliador-6,Avaliador-23,Avaliador-8,8.8,9.7,2.52,6.0,7.0,5.0,6.0,8.1225,10.0,Fase 4 (9° ano),0,7.8125,,7.67285,Ametista,2023,Fase 4,9° ano
RA-217,FASE 4,4B,Feminino,2021,Pública,,Ametista,Ametista,7.397,,,,4.0,Avaliador-21,Avaliador-6,Avaliador-23,Avaliador-8,8.3,8.6,2.52,5.6,6.7,5.3,4.8,8.5025,5.0,Fase 5 (1° EM),-1,8.4375,,6.96965,Ágata,2023,Fase 5,1° EM
RA-1174,FASE 4,4B,Feminino,2023,Pública,,,,,,,,4.0,Avaliador-21,Avaliador-6,Avaliador-23,Avaliador-8,9.2,8.7,2.52,6.8,6.5,7.2,6.8,8.3375,5.0,Fase 5 (1° EM),-1,8.90625,,7.333591667,Ametista,2023,Fase 5,1° EM
RA-192,FASE 4,4B,Masculino,2021,Privada,,Quartzo,Quartzo,4.932,,,,4.0,Avaliador-21,Avaliador-6,Avaliador-23,Avaliador-8,8.8,6.2,5.0,6.5,6.0,5.8,7.8,7.3775,5.0,Fase 6 (2° EM),-2,7.1875,,6.616016667,Ágata,2023,Fase 6,2° EM
RA-184,FASE 4,4B,Masculino,2019,Pública,Ametista,Ametista,Ametista,7.28,,,,4.0,Avaliador-21,Avaliador-6,Avaliador-23,Avaliador-8,7.9,9.5,7.52,7.1,7.3,6.3,7.8,8.5025,10.0,Fase 3 (7° e 8° ano),1,8.59375,,8.430241667,Topázio,2023,Fase 3,7° e 8° ano
RA-200,FASE 4,4B,Masculino,2018,Privada - Programa de Apadrinhamento,Quartzo,Quartzo,Quartzo,5.705,,,,4.0,Avaliador-21,Avaliador-6,Avaliador-23,Avaliador-8,9.6,4.5,2.52,4.3,4.3,4.2,4.5,7.17,5.0,Fase 6 (2° EM),-2,7.5,,5.661166667,Quartzo,2023,Fase 6,2° EM
RA-1175,FASE 4,4B,Feminino,2023,Pública,,,,,,,,4.0,Avaliador-21,Avaliador-6,Avaliador-23,Avaliador-8,8.3,5.3,2.52,6.3,6.3,6.3,6.2,7.6275,2.5,Fase 7 (3° EM),-3,7.65625,,5.939858333,Quartzo,2023,Fase 7,3° EM
RA-204,FASE 4,4B,Feminino,2019,Pública,Ametista,Ametista,Ágata,6.943,,,,4.0,Avaliador-21,Avaliador-6,Avaliador-23,Avaliador-8,8.8,7.9,2.52,7.1,4.7,8.0,8.5,8.045,10.0,Fase 4 (9° ano),0,8.28125,,7.557558333,Ametista,2023,Fase 4,9° ano
RA-1176,FASE 4,4B,Masculino,2023,Pública,,,,,,,,4.0,Avaliador-21,Avaliador-6,Avaliador-23,Avaliador-8,8.3,9.3,7.52,8.2,8.0,7.8,8.7,9.17,10.0,Fase 3 (7° e 8° ano),1,9.6875,,8.881483333,Topázio,2023,Fase 3,7° e 8° ano
RA-1177,FASE 4,4B,Feminino,2023,Pública,,,,,,,,4.0,Avaliador-21,Avaliador-6,Avaliador-23,Avaliador-8,10.0,9.9,2.52,7.2,7.0,6.7,8.0,8.88,10.0,Fase 4 (9° ano),0,8.90625,,8.345491667,Topázio,2023,Fase 4,9° ano
RA-215,FASE 4,4C,Feminino,2021,Pública,,Ágata,Ametista,7.172,,,,4.0,Avaliador-21,Avaliador-6,Avaliador-23,Avaliador-8,8.8,6.6,2.52,6.9,5.7,6.7,8.3,7.7125,10.0,Fase 4 (9° ano),0,7.96875,,7.166475,Ametista,2023,Fase 4,9° ano
RA-1178,FASE 4,4C,Masculino,2023,Pública,,,,,,,,4.0,Avaliador-21,Avaliador-6,Avaliador-23,Avaliador-8,8.8,9.3,2.52,5.7,6.3,4.5,6.3,8.2125,5.0,Fase 6 (2° EM),-2,7.96875,,7.066475,Ametista,2023,Fase 6,2° EM
RA-149,FASE 4,4C,Feminino,2022,Pública,,,Ágata,6.323,,,,4.0,Avaliador-21,Avaliador-6,Avaliador-23,Avaliador-8,8.8,4.2,2.52,4.7,5.7,3.5,5.0,7.2925,5.0,Fase 6 (2° EM),-2,7.5,,5.622266667,Quartzo,2023,Fase 6,2° EM
RA-1179,FASE 4,4C,Masculino,2023,Pública,,,,,,,,4.0,Avaliador-21,Avaliador-6,Avaliador-23,Avaliador-8,9.6,8.1,4.38,5.0,6.7,3.7,4.5,7.17,5.0,Fase 5 (1° EM),-1,6.875,,6.631333333,Ágata,2023,Fase 5,1° EM
RA-218,FASE 4,4C,Feminino,2022,Pública,,,Ágata,6.1,,,,4.0,Avaliador-21,Avaliador-6,Avaliador-23,Avaliador-8,0.0,6.7,2.52,6.7,5.7,7.0,7.5,7.88,5.0,Fase 5 (1° EM),-1,7.96875,,5.811541667,Quartzo,2023,Fase 5,1° EM
RA-220,FASE 4,4C,Feminino,2022,Pública,,,Ágata,7.028,,,,4.0,Avaliador-21,Avaliador-6,Avaliador-23,Avaliador-8,8.8,7.6,2.52,6.1,6.3,5.8,6.3,7.5475,10.0,Fase 4 (9° ano),0,7.1875,,7.102016667,Ametista,2023,Fase 4,9° ano
RA-202,FASE 4,4C,Feminino,2017,Pública,Ametista,Ametista,Quartzo,5.201,,,,4.0,Avaliador-21,Avaliador-6,Avaliador-23,Avaliador-8,8.8,7.9,2.52,5.9,6.3,4.8,6.7,8.005,5.0,Fase 5 (1° EM),-1,7.96875,,6.791641667,Ágata,2023,Fase 5,1° EM
RA-1180,FASE 4,4C,Masculino,2023,Pública,,,,,,,,4.0,Avaliador-21,Avaliador-6,Avaliador-23,Avaliador-8,8.3,9.5,5.0,5.4,6.0,4.8,5.3,7.7125,5.0,Fase 5 (1° EM),-1,7.1875,,7.067983333,Ametista,2023,Fase 5,1° EM
RA-1181,FASE 4,4C,Feminino,2023,Pública,,,,,,,,4.0,Avaliador-21,Avaliador-6,Avaliador-23,Avaliador-8,8.8,8.3,2.52,4.8,5.7,4.3,4.5,7.3375,10.0,Fase 4 (9° ano),0,7.5,,6.971266667,Ágata,2023,Fase 4,9° ano
RA-1182,FASE 4,4C,Feminino,2023,Pública,,,,,,,,4.0,Avaliador-21,Avaliador-6,Avaliador-23,Avaliador-8,7.5,6.3,2.52,4.2,5.3,2.0,5.2,7.2125,5.0,Fase 6 (2° EM),-2,6.71875,,5.709808333,Quartzo,2023,Fase 6,2° EM
RA-205,FASE 4,4C,Masculino,2020,Pública,Ametista,Ametista,Quartzo,5.372,,,,4.0,Avaliador-21,Avaliador-6,Avaliador-23,Avaliador-8,9.6,7.6,4.38,6.6,7.0,5.5,7.3,7.09,5.0,Fase 5 (1° EM),-1,7.03125,,6.857625,Ágata,2023,Fase 5,1° EM
RA-1183,FASE 4,4C,Masculino,2023,Pública,,,,,,,,4.0,Avaliador-21,Avaliador-6,Avaliador-23,Avaliador-8,7.5,8.7,2.52,5.3,6.0,4.0,6.0,6.7575,5.0,Fase 5 (1° EM),-1,6.09375,,6.269541667,Ágata,2023,Fase 5,1° EM
RA-237,FASE 4,4F,Feminino,2022,Privada - Programa de Apadrinhamento,,,Topázio,8.084,,,,4.0,Avaliador-21,Avaliador-6,Avaliador-23,Avaliador-8,8.3,9.5,2.52,6.7,7.7,7.0,5.5,8.96,5.0,Fase 5 (1° EM),-1,8.125,,7.436566667,Ametista,2023,Fase 5,1° EM
RA-147,FASE 4,4F,Feminino,2022,Pública,,,Ametista,7.541,,,,4.0,Avaliador-21,Avaliador-6,Avaliador-23,Avaliador-8,0.0,7.0,5.63,4.5,5.0,6.0,2.5,7.46,5.0,Fase 5 (1° EM),-1,6.875,,5.5425,Quartzo,2023,Fase 5,1° EM
RA-240,FASE 4,4F,Feminino,2017,Privada - Programa de Apadrinhamento,Ametista,Ametista,Ágata,6.943,,,,4.0,Avaliador-21,Avaliador-6,Avaliador-23,Avaliador-8,7.1,6.7,2.52,4.8,7.0,3.3,4.2,6.9175,10.0,Fase 4 (9° ano),0,6.875,,6.337966667,Ágata,2023,Fase 4,9° ano
RA-1184,FASE 4,4F,Masculino,2023,Pública,,,,,,,,4.0,Avaliador-21,Avaliador-6,Avaliador-23,Avaliador-8,8.3,8.3,5.0,7.3,8.0,5.5,8.5,8.045,5.0,Fase 6 (2° EM),-2,8.125,,7.381566667,Ametista,2023,Fase 6,2° EM
RA-241,FASE 4,4F,Masculino,2016,Privada - Programa de Apadrinhamento,Ametista,Topázio,Topázio,8.468,,,,4.0,Avaliador-21,Avaliador-6,Avaliador-23,Avaliador-8,0.0,9.9,2.52,7.5,9.3,7.0,6.2,9.545,5.0,Fase 5 (1° EM),-1,8.75,,7.016,Ametista,2023,Fase 5,1° EM
RA-242,FASE 4,4F,Masculino,2018,Privada - Programa de Apadrinhamento,Ametista,Ametista,Topázio,8.673,,,,4.0,Avaliador-21,Avaliador-6,Avaliador-23,Avaliador-8,7.1,9.7,2.52,7.9,9.3,7.3,7.2,9.3775,10.0,Fase 4 (9° ano),0,8.59375,,8.221841667,Topázio,2023,Fase 4,9° ano
RA-138,FASE 4,4F,Masculino,2016,Pública,Ametista,Ágata,Ágata,6.738,,,,4.0,Avaliador-21,Avaliador-6,Avaliador-23,Avaliador-8,10.0,7.9,6.26,4.3,4.0,3.7,5.2,7.4175,5.0,Fase 6 (2° EM),-2,7.34375,,6.784075,Ágata,2023,Fase 6,2° EM
RA-244,FASE 4,4F,Feminino,2018,Privada - Programa de Apadrinhamento,Topázio,Topázio,Topázio,8.51,,,,4.0,Avaliador-21,Avaliador-6,Avaliador-23,Avaliador-8,0.0,8.8,2.52,7.3,7.0,8.0,6.8,8.8325,10.0,Fase 3 (7° e 8° ano),1,8.125,,7.044333333,Ametista,2023,Fase 3,7° e 8° ano
RA-245,FASE 4,4F,Masculino,2016,Privada - Programa de Apadrinhamento,Ametista,Topázio,Topázio,8.656,,,,4.0,Avaliador-21,Avaliador-6,Avaliador-23,Avaliador-8,0.0,10.0,2.52,8.1,9.3,7.8,7.3,9.5875,5.0,Fase 5 (1° EM),-1,8.75,,7.171166667,Ametista,2023,Fase 5,1° EM
RA-246,FASE 4,4F,Masculino,2022,Privada,,,Topázio,8.639,,,,4.0,Avaliador-21,Avaliador-6,Avaliador-23,Avaliador-8,8.8,9.9,4.39,6.8,7.7,7.0,5.8,8.9175,10.0,Fase 4 (9° ano),0,8.125,,8.256766667,Topázio,2023,Fase 4,9° ano
RA-141,FASE 4,4F,Masculino,2017,Pública,Ágata,Ágata,Ametista,7.118,,,,4.0,Avaliador-21,Avaliador-6,Avaliador-23,Avaliador-8,9.6,8.4,5.63,4.5,6.0,5.3,2.3,7.0425,5.0,Fase 5 (1° EM),-1,7.03125,,6.719791667,Ágata,2023,Fase 5,1° EM
RA-239,FASE 4,4G,Feminino,2021,Pública,,Quartzo,Quartzo,4.572,,,,4.0,Avaliador-21,Avaliador-6,Avaliador-23,Avaliador-8,0.0,8.4,5.0,7.0,6.0,7.2,7.7,7.6275,5.0,Fase 6 (2° EM),-2,8.125,,6.411333333,Ágata,2023,Fase 6,2° EM
RA-1185,FASE 4,4G,Feminino,2023,Pública,,,,,,,,4.0,Avaliador-21,Avaliador-6,Avaliador-23,Avaliador-8,7.5,9.1,5.0,7.5,6.7,6.3,9.5,8.3775,10.0,Fase 3 (7° e 8° ano),1,7.8125,,8.02675,Topázio,2023,Fase 3,7° e 8° ano
RA-262,FASE 4,4G,Masculino,2021,Privada,,Quartzo,Quartzo,4.786,,,,4.0,Avaliador-21,Avaliador-6,Avaliador-23,Avaliador-8,0.0,3.7,5.0,3.8,5.0,3.3,3.0,6.05,5.0,Fase 6 (2° EM),-2,7.03125,,4.406458333,Quartzo,2023,Fase 6,2° EM
RA-1186,FASE 4,4G,Feminino,2023,Pública,,,,,,,,4.0,Avaliador-21,Avaliador-6,Avaliador-23,Avaliador-8,8.8,9.8,6.89,5.5,6.7,5.2,4.5,7.3825,5.0,Fase 6 (2° EM),-2,6.875,,7.281433333,Ametista,2023,Fase 6,2° EM
RA-397,FASE 4,4G,Feminino,2017,Pública,Quartzo,Quartzo,Quartzo,5.852,,,,4.0,Avaliador-21,Avaliador-6,Avaliador-23,Avaliador-8,7.5,7.9,2.52,4.6,6.7,5.0,2.0,7.465,5.0,Fase 5 (1° EM),-1,7.1875,,6.207083333,Ágata,2023,Fase 5,1° EM
RA-1187,FASE 4,4G,Feminino,2023,Pública,,,,,,,,4.0,Avaliador-21,Avaliador-6,Avaliador-23,Avaliador-8,8.8,6.9,2.52,5.3,4.7,5.0,6.2,6.715,10.0,Fase 3 (7° e 8° ano),1,7.34375,,6.644475,Ágata,2023,Fase 3,7° e 8° ano
RA-295,FASE 4,4L,Feminino,2022,Pública,,,Ametista,7.305,,,,4.0,Avaliador-21,Avaliador-6,Avaliador-23,Avaliador-8,8.8,8.8,2.52,7.7,7.3,7.2,8.7,9.005,5.0,Fase 5 (1° EM),-1,9.0625,,7.641016667,Ametista,2023,Fase 5,1° EM
RA-269,FASE 4,4L,Masculino,2022,Pública,,,Topázio,8.231,,,,4.0,Avaliador-21,Avaliador-6,Avaliador-23,Avaliador-8,9.6,9.0,2.52,7.4,8.0,7.3,7.0,8.7975,10.0,Fase 4 (9° ano),0,8.59375,,8.116041667,Topázio,2023,Fase 4,9° ano
RA-313,FASE 4,4L,Feminino,2022,Pública,,,Quartzo,5.8,,,,4.0,Avaliador-21,Avaliador-6,Avaliador-23,Avaliador-8,9.2,8.7,2.52,3.9,4.0,2.8,5.0,7.75,10.0,Fase 4 (9° ano),0,7.65625,,7.011091667,Ametista,2023,Fase 4,9° ano
RA-1190,FASE 4,4L,Masculino,2023,Pública,,,,,,,,4.0,Avaliador-21,Avaliador-6,Avaliador-23,Avaliador-8,0.0,9.2,5.0,4.2,3.0,4.2,5.5,7.045,10.0,Fase 4 (9° ano),0,7.34375,,6.330041667,Ágata,2023,Fase 4,9° ano
RA-301,FASE 4,4L,Feminino,2019,Pública,Ametista,Ametista,Ágata,6.802,,,,4.0,Avaliador-21,Avaliador-6,Avaliador-23,Avaliador-8,9.2,5.4,7.52,5.2,4.7,6.5,4.5,6.465,10.0,Fase 4 (9° ano),0,6.71875,,6.760341667,Ágata,2023,Fase 4,9° ano
RA-286,FASE 4,4L,Feminino,2022,Pública,,,Quartzo,5.424,,,,4.0,Avaliador-21,Avaliador-6,Avaliador-23,Avaliador-8,0.0,7.5,5.0,4.7,3.7,5.0,5.3,7.3375,5.0,Fase 5 (1° EM),-1,8.125,,5.713333333,Quartzo,2023,Fase 5,1° EM
RA-1191,FASE 4,4L,Masculino,2023,Pública,,,,,,,,4.0,Avaliador-21,Avaliador-6,Avaliador-23,Avaliador-8,7.5,7.2,5.0,3.7,2.3,2.5,6.2,6.26,10.0,Fase 4 (9° ano),0,5.0,,6.175333333,Ágata,2023,Fase 4,9° ano
RA-1192,FASE 4,4L,Feminino,2023,Pública,,,,,,,,4.0,Avaliador-21,Avaliador-6,Avaliador-23,Avaliador-8,7.9,8.7,2.52,5.8,4.7,6.0,6.8,7.6675,5.0,Fase 5 (1° EM),-1,7.96875,,6.780741667,Ágata,2023,Fase 5,1° EM
RA-174,FASE 4,4L,Feminino,2019,Pública,Ágata,Ágata,Ágata,6.075,,,,4.0,Avaliador-21,Avaliador-6,Avaliador-23,Avaliador-8,7.9,5.6,5.0,5.1,3.7,7.3,4.3,7.2125,5.0,Fase 6 (2° EM),-2,7.5,,6.1242,Ágata,2023,Fase 6,2° EM
RA-1193,FASE 4,4L,Feminino,2023,Pública,,,,,,,,4.0,Avaliador-21,Avaliador-6,Avaliador-23,Avaliador-8,0.0,7.8,5.0,4.1,3.7,3.5,5.0,7.13,10.0,Fase 4 (9° ano),0,7.1875,,6.018083333,Quartzo,2023,Fase 4,9° ano
RA-308,FASE 4,4L,Masculino,2019,Pública,Ametista,Ametista,Ágata,6.93,,,,4.0,Avaliador-21,Avaliador-6,Avaliador-23,Avaliador-8,5.4,6.8,5.0,4.9,4.7,5.2,4.7,7.5025,10.0,Fase 4 (9° ano),0,7.03125,,6.578558333,Ágata,2023,Fase 4,9° ano
RA-152,FASE 4,4M,Feminino,2022,Pública,,,Ágata,6.712,,,,4.0,Avaliador-21,Avaliador-6,Avaliador-23,Avaliador-8,7.9,7.7,2.52,4.5,4.0,5.0,4.5,7.71,5.0,Fase 6 (2° EM),-2,7.8125,,6.30695,Ágata,2023,Fase 6,2° EM
RA-270,FASE 4,4M,Feminino,2019,Privada - Programa de Apadrinhamento,Ametista,Topázio,Topázio,8.226,,,,4.0,Avaliador-21,Avaliador-6,Avaliador-23,Avaliador-8,9.2,9.0,2.52,6.6,7.7,6.2,5.8,9.1275,10.0,Fase 4 (9° ano),0,8.75,,7.982633333,Ametista,2023,Fase 4,9° ano
RA-271,FASE 4,4M,Feminino,2022,Pública,,,Ametista,7.255,,,,4.0,Avaliador-21,Avaliador-6,Avaliador-23,Avaliador-8,0.0,9.3,2.52,5.9,4.3,7.0,6.3,7.7125,5.0,Fase 6 (2° EM),-2,8.125,,6.140333333,Ágata,2023,Fase 6,2° EM
RA-299,FASE 4,4M,Feminino,2019,Privada - Programa de Apadrinhamento,Topázio,Ametista,Ametista,7.278,,,,4.0,Avaliador-21,Avaliador-6,Avaliador-23,Avaliador-8,0.0,9.6,2.52,6.1,5.0,7.2,6.2,8.005,10.0,Fase 4 (9° ano),0,7.96875,,6.796541667,Ágata,2023,Fase 4,9° ano
RA-316,FASE 4,4M,Feminino,2022,Pública,,,Ametista,7.889,,,,4.0,Avaliador-21,Avaliador-6,Avaliador-23,Avaliador-8,10.0,9.5,7.52,5.7,6.3,5.7,5.0,8.96,10.0,Fase 4 (9° ano),0,8.59375,,8.436908333,Topázio,2023,Fase 4,9° ano
RA-318,FASE 4,4M,Feminino,2019,Pública,Ágata,Ametista,Ágata,6.527,,,,4.0,Avaliador-21,Avaliador-6,Avaliador-23,Avaliador-8,7.9,8.1,6.26,4.9,5.0,5.0,4.7,7.71,5.0,Fase 5 (1° EM),-1,7.96875,,6.856575,Ágata,2023,Fase 5,1° EM
RA-274,FASE 4,4M,Feminino,2019,Privada - Programa de Apadrinhamento,Ametista,Topázio,Ametista,7.946,,,,4.0,Avaliador-21,Avaliador-6,Avaliador-23,Avaliador-8,7.5,9.5,5.63,7.5,7.0,7.7,7.8,8.295,10.0,Fase 3 (7° e 8° ano),1,7.65625,,8.137625,Topázio,2023,Fase 3,7° e 8° ano
RA-320,FASE 4,4M,Feminino,2022,Pública,,,Ametista,7.897,,,,4.0,Avaliador-21,Avaliador-6,Avaliador-23,Avaliador-8,9.2,9.9,7.52,5.5,5.7,6.0,4.7,8.96,10.0,Fase 4 (9° ano),0,8.59375,,8.393508333,Topázio,2023,Fase 4,9° ano
RA-277,FASE 4,4M,Masculino,2021,Pública,,Ametista,Ametista,7.411,,,,4.0,Avaliador-21,Avaliador-6,Avaliador-23,Avaliador-8,8.3,9.9,7.52,5.5,5.7,6.0,4.8,8.7525,5.0,Fase 5 (1° EM),-1,8.125,,7.7284,Ametista,2023,Fase 5,1° EM
RA-278,FASE 4,4M,Masculino,2018,Pública,Ametista,Topázio,Ametista,7.741,,,,4.0,Avaliador-21,Avaliador-6,Avaliador-23,Avaliador-8,0.0,9.8,5.63,5.6,6.0,5.3,5.5,8.3775,10.0,Fase 3 (7° e 8° ano),1,8.75,,7.1935,Ametista,2023,Fase 3,7° e 8° ano
RA-291,FASE 4,4M,Masculino,2022,Privada - Programa de Apadrinhamento,,,Topázio,8.122,,,,4.0,Avaliador-21,Avaliador-6,Avaliador-23,Avaliador-8,8.8,8.6,7.52,7.1,8.0,6.5,6.7,9.21,10.0,Fase 4 (9° ano),0,8.90625,,8.493058333,Topázio,2023,Fase 4,9° ano
RA-306,FASE 4,4M,Feminino,2021,Pública,,Ametista,Ágata,6.427,,,,4.0,Avaliador-21,Avaliador-6,Avaliador-23,Avaliador-8,0.0,7.9,6.26,4.0,4.7,4.5,2.8,7.46,5.0,Fase 5 (1° EM),-1,7.34375,,5.732375,Quartzo,2023,Fase 5,1° EM
RA-279,FASE 4,4M,Masculino,2019,Pública,Topázio,Topázio,Topázio,8.815,,,,4.0,Avaliador-21,Avaliador-6,Avaliador-23,Avaliador-8,8.8,10.0,6.27,8.9,9.0,8.5,9.3,9.2125,10.0,Fase 4 (9° ano),0,8.75,,9.006266667,Topázio,2023,Fase 4,9° ano
RA-280,FASE 4,4M,Feminino,2021,Privada - Programa de Apadrinhamento,,Topázio,Ametista,8.046,,,,4.0,Avaliador-21,Avaliador-6,Avaliador-23,Avaliador-8,6.7,9.5,7.52,6.5,6.3,7.7,5.5,8.7125,10.0,Fase 4 (9° ano),0,8.28125,,8.189225,Topázio,2023,Fase 4,9° ano
RA-276,FASE 4,4M,Feminino,2017,Privada - Programa de Apadrinhamento,Ágata,Quartzo,Quartzo,5.527,,,,4.0,Avaliador-21,Avaliador-6,Avaliador-23,Avaliador-8,6.3,8.5,2.52,5.5,3.7,4.7,8.0,6.585,10.0,Fase 4 (9° ano),0,7.03125,,6.690458333,Ágata,2023,Fase 4,9° ano
RA-285,FASE 4,4N,Feminino,2020,Pública,Ametista,Quartzo,Quartzo,5.063,,,,4.0,Avaliador-21,Avaliador-6,Avaliador-23,Avaliador-8,8.3,4.6,2.52,4.7,4.0,6.0,4.0,7.13,2.5,Fase 7 (3° EM),-3,7.65625,,5.380358333,Quartzo,2023,Fase 7,3° EM
RA-1194,FASE 4,4N,Masculino,2023,Pública,,,,,,,,4.0,Avaliador-21,Avaliador-6,Avaliador-23,Avaliador-8,8.8,9.0,5.0,6.1,6.0,4.2,8.0,7.6675,10.0,Fase 3 (7° e 8° ano),1,7.5,,7.671933333,Ametista,2023,Fase 3,7° e 8° ano
RA-287,FASE 4,4N,Feminino,2022,Pública,,,Quartzo,3.7,,,,4.0,Avaliador-21,Avaliador-6,Avaliador-23,Avaliador-8,0.0,4.8,2.52,3.9,3.0,2.3,6.5,5.375,2.5,Fase 8 (Universitários),-4,4.21875,,3.745541667,Quartzo,2023,Fase 8,Universitários
RA-319,FASE 4,4N,Masculino,2022,Concluiu o 3º EM,,,Ametista,7.448,,,,4.0,Avaliador-21,Avaliador-6,Avaliador-23,Avaliador-8,9.6,9.2,5.0,7.2,5.7,5.8,10.0,8.88,10.0,Fase 4 (9° ano),0,8.59375,,8.367208333,Topázio,2023,Fase 4,9° ano
RA-321,FASE 4,4N,Feminino,2022,Pública,,,Ametista,7.792,,,,4.0,Avaliador-21,Avaliador-6,Avaliador-23,Avaliador-8,8.3,9.4,2.52,6.2,6.0,5.8,6.7,8.42,10.0,Fase 3 (7° e 8° ano),1,8.125,,7.695233333,Ametista,2023,Fase 3,7° e 8° ano
RA-1195,FASE 4,4N,Feminino,2022,Pública,,,,,,,,4.0,Avaliador-21,Avaliador-6,Avaliador-23,Avaliador-8,0.0,8.3,2.52,5.4,4.3,4.7,7.3,8.0025,2.5,Fase 7 (3° EM),-3,8.28125,,5.677291667,Quartzo,2023,Fase 7,3° EM
RA-159,FASE 4,4N,Feminino,2021,Pública,,Ametista,Ágata,6.49,,,,4.0,Avaliador-21,Avaliador-6,Avaliador-23,Avaliador-8,7.9,8.1,2.52,6.3,5.0,6.0,7.8,7.8775,5.0,Fase 6 (2° EM),-2,8.125,,6.805033333,Ágata,2023,Fase 6,2° EM
RA-322,FASE 4,4N,Feminino,2022,Pública,,,Ágata,6.859,,,,4.0,Avaliador-21,Avaliador-6,Avaliador-23,Avaliador-8,6.7,8.3,2.52,5.3,4.0,5.5,6.3,8.045,10.0,Fase 4 (9° ano),0,7.96875,,7.037808333,Ametista,2023,Fase 4,9° ano
RA-251,FASE 4,4N,Masculino,2018,Pública,Ametista,Ametista,Ágata,7.022,,,,4.0,Avaliador-21,Avaliador-6,Avaliador-23,Avaliador-8,9.6,8.0,2.52,5.3,5.0,5.5,5.3,7.835,5.0,Fase 5 (1° EM),-1,7.34375,,6.665208333,Ágata,2023,Fase 5,1° EM
RA-116,FASE 5,5A,Feminino,2019,Pública,Ametista,Ágata,Ágata,6.854,,,,4.0,Avaliador-24,Avaliador-7,Avaliador-23,Avaliador-8,6.7,7.6,5.0,4.7,2.3,5.0,6.8,7.5475,5.0,Fase 7 (3° EM),-2,7.96875,,6.433075,Ágata,2023,Fase 7,3° EM
RA-103,FASE 5,5A,Feminino,2020,Privada - Programa de Apadrinhamento,Ágata,Ametista,Topázio,8.107,,,,4.0,Avaliador-24,Avaliador-7,Avaliador-23,Avaliador-8,8.3,9.2,5.0,7.1,7.3,6.3,7.7,8.09,10.0,Fase 4 (9° ano),1,8.125,,8.0239,Topázio,2023,Fase 4,9° ano
RA-42,FASE 5,5A,Masculino,2019,Privada - Programa de Apadrinhamento,Topázio,Ametista,Ágata,6.72,,,,4.0,Avaliador-24,Avaliador-7,Avaliador-23,Avaliador-8,8.8,8.6,5.63,5.7,6.3,4.2,6.7,6.6675,5.0,Fase 6 (2° EM),-1,6.5625,,6.794516667,Ágata,2023,Fase 6,2° EM
RA-121,FASE 5,5A,Feminino,2021,Pública,,Ágata,Ametista,7.245,,,,4.0,Avaliador-24,Avaliador-7,Avaliador-23,Avaliador-8,6.3,8.8,5.0,6.0,5.0,5.7,7.3,7.4625,5.0,Fase 6 (2° EM),-1,7.34375,,6.811875,Ágata,2023,Fase 6,2° EM
RA-106,FASE 5,5A,Feminino,2016,Privada - Programa de Apadrinhamento,Topázio,Ametista,Ametista,7.973,,,,4.0,Avaliador-24,Avaliador-7,Avaliador-23,Avaliador-8,7.9,9.1,5.0,7.3,6.7,6.8,8.3,7.5075,10.0,Fase 5 (1° EM),0,7.03125,,7.769658333,Ametista,2023,Fase 5,1° EM
RA-123,FASE 5,5A,Masculino,2017,Privada - Programa de Apadrinhamento,Ametista,Ametista,Ametista,7.084,,,,4.0,Avaliador-24,Avaliador-7,Avaliador-23,Avaliador-8,0.0,9.4,5.0,5.7,5.0,5.3,6.7,6.8375,5.0,Fase 7 (3° EM),-2,6.875,,6.068333333,Quartzo,2023,Fase 7,3° EM
RA-46,FASE 5,5A,Feminino,2022,Pública,,,Ágata,6.048,,,,4.0,Avaliador-24,Avaliador-7,Avaliador-23,Avaliador-8,7.1,7.4,2.52,4.4,2.8,3.0,7.3,6.6275,2.5,Fase 8 (Universitários),-3,6.5625,,5.545383333,Quartzo,2023,Fase 8,Universitários
RA-125,FASE 5,5A,Feminino,2022,Privada,,,Ametista,7.619,,,,4.0,Avaliador-24,Avaliador-7,Avaliador-23,Avaliador-8,9.2,7.7,5.0,5.8,3.3,5.8,8.2,7.835,5.0,Fase 6 (2° EM),-1,8.125,,6.989633333,Ágata,2023,Fase 6,2° EM
RA-110,FASE 5,5A,Masculino,2017,Privada - Programa de Apadrinhamento,Ametista,Topázio,Topázio,8.15,,,,4.0,Avaliador-24,Avaliador-7,Avaliador-23,Avaliador-8,8.3,8.6,5.0,7.5,8.3,6.2,8.0,8.2975,10.0,Fase 5 (1° EM),0,8.75,,8.0879,Topázio,2023,Fase 5,1° EM
RA-128,FASE 5,5A,Masculino,2019,Privada,Ametista,Ágata,Quartzo,5.563,,,,4.0,Avaliador-24,Avaliador-7,Avaliador-23,Avaliador-8,6.7,7.3,5.0,5.7,6.3,4.0,6.7,7.5475,5.0,Fase 6 (2° EM),-1,7.34375,,6.503908333,Ágata,2023,Fase 6,2° EM
RA-143,FASE 5,5A,Masculino,2019,Privada - Programa de Apadrinhamento,Topázio,Topázio,Topázio,8.638,,,,4.0,Avaliador-24,Avaliador-7,Avaliador-23,Avaliador-8,8.3,9.6,2.52,6.5,9.2,5.0,5.2,8.3375,10.0,Fase 4 (9° ano),1,8.28125,,7.794358333,Ametista,2023,Fase 4,9° ano
RA-111,FASE 5,5A,Feminino,2020,Privada - Programa de Apadrinhamento,Ametista,Topázio,Topázio,8.646,,,,4.0,Avaliador-24,Avaliador-7,Avaliador-23,Avaliador-8,7.5,8.7,5.0,6.0,6.0,5.2,6.7,8.0875,10.0,Fase 4 (9° ano),1,7.65625,,7.566458333,Ametista,2023,Fase 4,9° ano
RA-112,FASE 5,5A,Feminino,2016,Privada - Programa de Apadrinhamento,Ametista,Ametista,Ametista,7.836,,,,4.0,Avaliador-24,Avaliador-7,Avaliador-23,Avaliador-8,6.7,8.1,5.0,7.4,7.3,6.5,8.3,7.9225,5.0,Fase 6 (2° EM),-1,7.96875,,7.141308333,Ametista,2023,Fase 6,2° EM
RA-115,FASE 5,5A,Feminino,2019,Pública,Ametista,Ametista,Quartzo,5.886,,,,4.0,Avaliador-24,Avaliador-7,Avaliador-23,Avaliador-8,8.8,7.1,5.0,4.2,3.7,3.8,5.2,7.215,5.0,Fase 6 (2° EM),-1,7.34375,,6.319141667,Ágata,2023,Fase 6,2° EM
RA-1196,FASE 5,5B,Masculino,2023,Privada,,,,,,,,4.0,Avaliador-24,Avaliador-7,Avaliador-23,Avaliador-8,0.0,8.2,5.0,7.5,8.0,6.2,8.3,8.045,10.0,Fase 5 (1° EM),0,7.8125,,7.03025,Ametista,2023,Fase 5,1° EM
RA-52,FASE 5,5B,Masculino,2018,Privada - Programa de Apadrinhamento,Topázio,Ametista,Ametista,7.861,,,,4.0,Avaliador-24,Avaliador-7,Avaliador-23,Avaliador-8,10.0,9.8,2.52,6.4,7.7,4.8,6.7,8.2975,10.0,Fase 4 (9° ano),1,8.125,,7.9642,Ametista,2023,Fase 4,9° ano
RA-1197,FASE 5,5B,Feminino,2023,Pública,,,,,,,,4.0,Avaliador-24,Avaliador-7,Avaliador-23,Avaliador-8,6.7,8.4,5.0,7.3,5.3,7.2,9.3,7.215,5.0,Fase 6 (2° EM),-1,7.03125,,6.946058333,Ágata,2023,Fase 6,2° EM
RA-108,FASE 5,5B,Feminino,2019,Concluiu o 3º EM,Ágata,Ágata,Quartzo,5.547,,,,4.0,Avaliador-24,Avaliador-7,Avaliador-23,Avaliador-8,5.8,7.3,2.52,2.9,2.7,3.2,2.8,5.59,5.0,Fase 7 (3° EM),-2,4.375,,4.9308,Quartzo,2023,Fase 7,3° EM
RA-1198,FASE 5,5B,Feminino,2023,Pública,,,,,,,,4.0,Avaliador-24,Avaliador-7,Avaliador-23,Avaliador-8,8.3,9.4,6.26,6.7,7.3,3.7,9.0,7.9625,5.0,Fase 6 (2° EM),-1,7.5,,7.515233333,Ametista,2023,Fase 6,2° EM
RA-127,FASE 5,5B,Feminino,2022,Pública,,,Topázio,8.283,,,,4.0,Avaliador-24,Avaliador-7,Avaliador-23,Avaliador-8,8.8,7.8,6.26,6.4,4.7,6.3,8.2,8.6725,10.0,Fase 5 (1° EM),0,8.4375,,7.91935,Ametista,2023,Fase 5,1° EM
RA-114,FASE 5,5B,Masculino,2022,Pública,,,Quartzo,5.894,,,,4.0,Avaliador-24,Avaliador-7,Avaliador-23,Avaliador-8,0.0,6.0,3.14,5.6,4.0,4.5,8.3,7.255,5.0,Fase 7 (3° EM),-2,7.5,,5.335,Quartzo,2023,Fase 7,3° EM
RA-146,FASE 5,5C,Feminino,2022,Pública,,,Ametista,7.947,,,,4.0,Avaliador-32,Avaliador-5,Avaliador-23,Avaliador-8,6.2,9.5,5.0,7.9,7.8,5.8,10.0,8.2125,5.0,Fase 6 (2° EM),-1,8.4375,,7.584483333,Ametista,2023,Fase 6,2° EM
RA-1199,FASE 5,5C,Masculino,2023,Pública,,,,,,,,4.0,Avaliador-32,Avaliador-5,Avaliador-23,Avaliador-8,6.7,9.1,5.0,6.2,6.8,5.0,6.7,8.0875,5.0,Fase 7 (3° EM),-2,6.875,,7.024933333,Ametista,2023,Fase 7,3° EM
RA-70,FASE 5,5C,Feminino,2017,Pública,Ágata,Quartzo,Quartzo,5.712,,,,4.0,Avaliador-32,Avaliador-5,Avaliador-23,Avaliador-8,9.2,9.2,5.0,4.3,3.0,3.5,6.3,7.545,5.0,Fase 7 (3° EM),-2,7.5,,6.869133333,Ágata,2023,Fase 7,3° EM
RA-107,FASE 5,5C,Feminino,2018,Pública,Topázio,Ágata,Ágata,6.258,,,,4.0,Avaliador-32,Avaliador-5,Avaliador-23,Avaliador-8,0.0,8.5,5.0,7.0,6.0,5.2,9.7,7.5875,10.0,Fase 5 (1° EM),0,7.34375,,6.845208333,Ágata,2023,Fase 5,1° EM
RA-1200,FASE 5,5C,Feminino,2023,Pública,,,,,,,,4.0,Avaliador-32,Avaliador-5,Avaliador-23,Avaliador-8,0.0,6.4,5.0,4.0,4.3,2.3,5.5,6.8725,10.0,Fase 5 (1° EM),0,7.5,,5.711166667,Quartzo,2023,Fase 5,1° EM
RA-151,FASE 5,5C,Feminino,2020,Pública,Ametista,Ametista,Ametista,7.563,,,,4.0,Avaliador-32,Avaliador-5,Avaliador-23,Avaliador-8,0.0,7.8,7.52,7.9,6.8,7.0,10.0,8.1725,5.0,Fase 7 (3° EM),-2,8.59375,,6.892541667,Ágata,2023,Fase 7,3° EM
RA-85,FASE 5,5C,Masculino,2022,Pública,,,Ágata,6.243,,,,4.0,Avaliador-32,Avaliador-5,Avaliador-23,Avaliador-8,8.8,8.9,6.27,5.7,5.8,3.8,7.5,7.8425,5.0,Fase 6 (2° EM),-1,5.9375,,7.08435,Ametista,2023,Fase 6,2° EM
RA-1201,FASE 5,5C,Masculino,2023,Pública,,,,,,,,4.0,Avaliador-32,Avaliador-5,Avaliador-23,Avaliador-8,9.2,9.6,3.77,7.8,8.3,6.5,8.5,8.7575,10.0,Fase 5 (1° EM),0,8.59375,,8.378008333,Topázio,2023,Fase 5,1° EM
RA-131,FASE 5,5F,Feminino,2016,Pública,Topázio,Ametista,Ametista,7.174,,,,4.0,Avaliador-24,Avaliador-7,Avaliador-23,Avaliador-8,8.3,7.8,5.0,2.2,0.0,3.0,3.5,6.8,5.0,Fase 6 (2° EM),-1,7.65625,,5.952358333,Quartzo,2023,Fase 6,2° EM
RA-132,FASE 5,5F,Feminino,2019,Privada - Programa de Apadrinhamento,Topázio,Ametista,Topázio,8.355,,,,4.0,Avaliador-24,Avaliador-7,Avaliador-23,Avaliador-8,7.5,8.7,2.52,6.5,6.3,6.5,6.7,7.715,10.0,Fase 5 (1° EM),0,7.65625,,7.350625,Ametista,2023,Fase 5,1° EM
RA-133,FASE 5,5F,Feminino,2016,Pública,Ametista,Quartzo,Ágata,6.875,,,,4.0,Avaliador-24,Avaliador-7,Avaliador-23,Avaliador-8,7.5,7.9,2.52,5.3,5.0,4.3,6.7,6.505,5.0,Fase 6 (2° EM),-1,7.1875,,6.168416667,Ágata,2023,Fase 6,2° EM
RA-104,FASE 5,5F,Masculino,2022,Pública,,,Ágata,6.315,,,,4.0,Avaliador-24,Avaliador-7,Avaliador-23,Avaliador-8,0.0,7.7,2.52,2.6,3.7,1.8,2.3,5.6275,2.5,Fase 8 (Universitários),-3,5.625,,4.25,Quartzo,2023,Fase 8,Universitários
RA-137,FASE 5,5F,Feminino,2016,Privada - Programa de Apadrinhamento,Quartzo,Ágata,Ametista,7.056,,,,4.0,Avaliador-24,Avaliador-7,Avaliador-23,Avaliador-8,7.1,6.3,2.52,6.0,7.3,4.5,6.2,6.88,5.0,Fase 7 (3° EM),-2,6.40625,,5.937025,Quartzo,2023,Fase 7,3° EM
RA-144,FASE 5,5F,Feminino,2017,Privada - Programa de Apadrinhamento,Ágata,Quartzo,Topázio,8.181,,,,4.0,Avaliador-24,Avaliador-7,Avaliador-23,Avaliador-8,0.0,5.2,2.52,4.4,3.3,2.5,7.3,6.0,10.0,Fase 4 (9° ano),1,6.25,,4.990333333,Quartzo,2023,Fase 4,9° ano
RA-1202,FASE 5,5F,Feminino,2023,Pública,,,,,,,,4.0,Avaliador-24,Avaliador-7,Avaliador-23,Avaliador-8,7.1,7.6,7.52,3.3,4.5,3.3,2.0,6.67,5.0,Fase 6 (2° EM),-1,7.34375,,6.202008333,Ágata,2023,Fase 6,2° EM
RA-90,FASE 5,5L,Feminino,2019,Privada - Programa de Apadrinhamento,Topázio,Topázio,Topázio,9.442,,,,4.0,Avaliador-24,Avaliador-7,Avaliador-23,Avaliador-8,10.0,9.6,7.52,7.7,6.7,6.8,9.5,8.1725,10.0,Fase 4 (9° ano),1,8.59375,,8.699408333,Topázio,2023,Fase 4,9° ano
RA-167,FASE 5,5L,Feminino,2018,Privada - Programa de Apadrinhamento,Ametista,Ametista,Ametista,7.798,,,,4.0,Avaliador-24,Avaliador-7,Avaliador-23,Avaliador-8,8.8,9.9,5.0,7.9,8.3,7.2,8.3,7.8375,5.0,Fase 7 (3° EM),-2,7.96875,,7.806141667,Ametista,2023,Fase 7,3° EM
RA-168,FASE 5,5L,Feminino,2018,Privada - Programa de Apadrinhamento,Ametista,Ametista,Ágata,6.917,,,,4.0,Avaliador-24,Avaliador-7,Avaliador-23,Avaliador-8,0.0,9.6,6.89,4.7,4.3,3.0,6.7,6.4225,10.0,Fase 5 (1° EM),0,6.5625,,6.483083333,Ágata,2023,Fase 5,1° EM
RA-1203,FASE 5,5L,Feminino,2023,Pública,,,,,,,,4.0,Avaliador-24,Avaliador-7,Avaliador-23,Avaliador-8,9.2,10.0,2.52,7.2,6.7,5.8,9.2,7.8775,5.0,Fase 6 (2° EM),-1,7.96875,,7.487841667,Ametista,2023,Fase 6,2° EM
RA-155,FASE 5,5L,Masculino,2022,Pública,,,Ametista,7.051,,,,4.0,Avaliador-24,Avaliador-7,Avaliador-23,Avaliador-8,7.9,8.1,5.0,4.4,5.3,2.8,5.2,6.5875,5.0,Fase 7 (3° EM),-2,7.03125,,6.318991667,Ágata,2023,Fase 7,3° EM
RA-94,FASE 5,5L,Feminino,2018,Privada - Programa de Apadrinhamento,Ametista,Topázio,Topázio,8.921,,,,4.0,Avaliador-24,Avaliador-7,Avaliador-23,Avaliador-8,7.5,9.6,2.52,7.2,7.7,4.8,9.0,7.795,5.0,Fase 6 (2° EM),-1,8.75,,7.289333333,Ametista,2023,Fase 6,2° EM
RA-81,FASE 5,5L,Feminino,2017,Privada - Programa de Apadrinhamento,Ametista,Topázio,Ametista,7.675,,,,4.0,Avaliador-24,Avaliador-7,Avaliador-23,Avaliador-8,9.6,8.8,2.52,6.3,8.7,4.7,5.5,7.2125,10.0,Fase 5 (1° EM),0,7.8125,,7.45425,Ametista,2023,Fase 5,1° EM
RA-302,FASE 5,5L,Masculino,2022,Pública,,,Ágata,6.334,,,,4.0,Avaliador-24,Avaliador-7,Avaliador-23,Avaliador-8,0.0,7.3,5.0,4.3,4.7,2.3,5.8,6.255,5.0,Fase 7 (3° EM),-2,7.5,,5.314333333,Quartzo,2023,Fase 7,3° EM
RA-171,FASE 5,5L,Masculino,2022,Pública,,,Ágata,6.581,,,,4.0,Avaliador-24,Avaliador-7,Avaliador-23,Avaliador-8,7.5,7.2,5.0,5.2,4.5,4.8,6.2,6.755,5.0,Fase 7 (3° EM),-2,7.1875,,6.293083333,Ágata,2023,Fase 7,3° EM
RA-160,FASE 5,5L,Feminino,2021,Privada - Programa de Apadrinhamento,,Ágata,Ágata,6.746,,,,4.0,Avaliador-24,Avaliador-7,Avaliador-23,Avaliador-8,8.8,8.3,2.52,5.0,3.3,3.8,8.0,7.46,5.0,Fase 6 (2° EM),-1,8.125,,6.598266667,Ágata,2023,Fase 6,2° EM
RA-1204,FASE 5,5L,Masculino,2023,Pública,,,,,,,,4.0,Avaliador-24,Avaliador-7,Avaliador-23,Avaliador-8,7.5,8.7,5.0,6.1,5.0,3.7,9.7,7.2125,5.0,Fase 6 (2° EM),-1,7.8125,,6.940416667,Ágata,2023,Fase 6,2° EM
RA-1205,FASE 5,5L,Feminino,2023,Pública,,,,,,,,4.0,Avaliador-24,Avaliador-7,Avaliador-23,Avaliador-8,9.2,9.2,6.26,5.0,5.2,3.7,6.2,7.085,2.5,Fase 8 (Universitários),-3,7.5,,6.806466667,Ágata,2023,Fase 8,Universitários
RA-173,FASE 5,5L,Masculino,2019,Privada - Programa de Apadrinhamento,Ametista,Ametista,Ametista,7.816,,,,4.0,Avaliador-24,Avaliador-7,Avaliador-23,Avaliador-8,9.2,8.5,6.26,8.1,9.0,6.2,9.2,7.8775,5.0,Fase 7 (3° EM),-2,8.125,,7.757466667,Ametista,2023,Fase 7,3° EM
RA-166,FASE 5,5L,Masculino,2020,Privada - Programa de Apadrinhamento,Ametista,Ametista,Topázio,8.253,,,,4.0,Avaliador-24,Avaliador-7,Avaliador-23,Avaliador-8,7.5,8.9,6.26,8.1,7.0,7.2,10.0,7.4625,10.0,Fase 5 (1° EM),0,8.4375,,8.105583333,Topázio,2023,Fase 5,1° EM
RA-175,FASE 5,5L,Feminino,2018,Privada - Programa de Apadrinhamento,Ametista,Ametista,Ágata,6.75,,,,4.0,Avaliador-24,Avaliador-7,Avaliador-23,Avaliador-8,8.8,9.2,2.52,4.8,5.0,5.0,4.5,7.085,5.0,Fase 6 (2° EM),-1,7.1875,,6.569516667,Ágata,2023,Fase 6,2° EM
RA-153,FASE 5,5M,Feminino,2018,Privada - Programa de Apadrinhamento,Ágata,Ametista,Ametista,7.535,,,,4.0,Avaliador-24,Avaliador-7,Avaliador-23,Avaliador-8,9.2,7.4,2.52,6.4,6.0,5.3,8.0,7.71,10.0,Fase 5 (1° EM),0,8.125,,7.289966667,Ametista,2023,Fase 5,1° EM
RA-1206,FASE 5,5M,Feminino,2023,Pública,,,,,,,,4.0,Avaliador-24,Avaliador-7,Avaliador-23,Avaliador-8,8.8,8.3,2.52,5.6,4.7,3.7,8.3,7.7125,5.0,Fase 7 (3° EM),-2,7.8125,,6.724183333,Ágata,2023,Fase 7,3° EM
RA-157,FASE 5,5M,Feminino,2018,Privada - Programa de Apadrinhamento,Ametista,Topázio,Topázio,8.317,,,,4.0,Avaliador-24,Avaliador-7,Avaliador-23,Avaliador-8,7.1,9.9,2.52,6.8,6.0,6.8,7.5,8.63,10.0,Fase 3 (7° e 8° ano),2,8.59375,,7.879008333,Ametista,2023,Fase 3,7° e 8° ano
RA-1207,FASE 5,5M,Feminino,2023,Pública,,,,,,,,4.0,Avaliador-24,Avaliador-7,Avaliador-23,Avaliador-8,8.8,9.0,5.0,5.5,5.0,4.0,7.5,7.63,10.0,Fase 5 (1° EM),0,7.8125,,7.58235,Ametista,2023,Fase 5,1° EM
RA-1208,FASE 5,5M,Masculino,2023,Pública,,,,,,,,4.0,Avaliador-24,Avaliador-7,Avaliador-23,Avaliador-8,8.8,8.8,2.52,6.2,5.0,4.8,8.8,6.2525,10.0,Fase 5 (1° EM),0,6.875,,7.0651,Ametista,2023,Fase 5,1° EM
RA-1209,FASE 5,5M,Feminino,2023,Pública,,,,,,,,4.0,Avaliador-24,Avaliador-7,Avaliador-23,Avaliador-8,7.5,9.4,5.0,7.4,7.7,5.7,8.8,7.7125,5.0,Fase 6 (2° EM),-1,7.8125,,7.43375,Ametista,2023,Fase 6,2° EM
RA-158,FASE 5,5M,Feminino,2017,Privada - Programa de Apadrinhamento,Ametista,Ametista,Ametista,7.302,,,,4.0,Avaliador-24,Avaliador-7,Avaliador-23,Avaliador-8,7.1,9.0,2.52,6.0,6.0,5.7,6.3,7.545,10.0,Fase 4 (9° ano),1,8.28125,,7.297425,Ametista,2023,Fase 4,9° ano
RA-161,FASE 5,5M,Feminino,2018,Privada - Programa de Apadrinhamento,Ametista,Ametista,Ametista,7.957,,,,4.0,Avaliador-24,Avaliador-7,Avaliador-23,Avaliador-8,0.0,7.3,2.52,5.8,7.0,4.5,6.0,7.795,10.0,Fase 4 (9° ano),1,8.125,,6.250166667,Ágata,2023,Fase 4,9° ano
RA-164,FASE 5,5M,Masculino,2018,Privada,Ágata,Ágata,Ágata,6.776,,,,4.0,Avaliador-24,Avaliador-7,Avaliador-23,Avaliador-8,0.0,8.2,2.52,5.8,6.0,4.2,7.3,6.9625,5.0,Fase 6 (2° EM),-1,6.875,,5.638666667,Quartzo,2023,Fase 6,2° EM
RA-1210,FASE 5,5M,Feminino,2023,Pública,,,,,,,,4.0,Avaliador-24,Avaliador-7,Avaliador-23,Avaliador-8,9.6,9.4,5.0,4.7,5.0,2.0,7.0,8.09,5.0,Fase 6 (2° EM),-1,7.8125,,7.171083333,Ametista,2023,Fase 6,2° EM
RA-165,FASE 5,5M,Feminino,2017,Privada - Programa de Apadrinhamento,Ametista,Ametista,Topázio,8.063,,,,4.0,Avaliador-24,Avaliador-7,Avaliador-23,Avaliador-8,6.7,9.2,2.52,7.3,7.3,6.2,8.3,7.795,10.0,Fase 5 (1° EM),0,8.125,,7.583433333,Ametista,2023,Fase 5,1° EM
RA-1211,FASE 5,5M,Feminino,2023,Pública,,,,,,,,4.0,Avaliador-24,Avaliador-7,Avaliador-23,Avaliador-8,7.1,9.1,5.0,6.2,6.3,4.5,7.8,7.7125,5.0,Fase 6 (2° EM),-1,7.8125,,7.09205,Ametista,2023,Fase 6,2° EM
RA-1212,FASE 5,5M,Feminino,2023,Pública,,,,,,,,4.0,Avaliador-24,Avaliador-7,Avaliador-23,Avaliador-8,8.3,8.9,5.0,4.2,0.0,3.5,9.0,7.715,5.0,Fase 6 (2° EM),-1,7.65625,,6.755358333,Ágata,2023,Fase 6,2° EM
RA-1213,FASE 5,5M,Feminino,2023,Pública,,,,,,,,4.0,Avaliador-24,Avaliador-7,Avaliador-23,Avaliador-8,0.0,8.4,2.52,6.0,6.7,4.8,6.5,7.715,5.0,Fase 7 (3° EM),-2,7.8125,,5.95625,Quartzo,2023,Fase 7,3° EM
RA-40,FASE 6,6A,Feminino,2016,Privada - Programa de Apadrinhamento,Ametista,Ágata,Ametista,7.203,,,,4.0,Avaliador-24,Avaliador-7,Avaliador-23,Avaliador-8,7.5,8.2,7.52,5.9,6.2,5.7,5.8,7.755,5.0,Fase 7 (3° EM),-1,7.96875,,7.169975,Ametista,2023,Fase 7,3° EM
RA-1214,FASE 6,6A,Masculino,2023,Pública,,,,,,,,4.0,Avaliador-24,Avaliador-7,Avaliador-23,Avaliador-8,9.6,9.8,6.89,7.4,8.0,5.0,9.3,7.6725,10.0,Fase 6 (2° EM),0,7.5,,8.378666667,Topázio,2023,Fase 6,2° EM
RA-71,FASE 6,6A,Feminino,2019,Pública,Ágata,Ametista,Quartzo,4.332,,,,4.0,Avaliador-24,Avaliador-7,Avaliador-23,Avaliador-8,6.7,9.8,6.26,6.6,7.3,5.5,7.0,7.7125,5.0,Fase 8 (Universitários),-2,7.5,,7.3651,Ametista,2023,Fase 8,Universitários
RA-53,FASE 6,6A,Masculino,2022,Concluiu o 3º EM,,,Ágata,6.725,,,,4.0,Avaliador-24,Avaliador-7,Avaliador-23,Avaliador-8,9.2,9.1,5.63,7.7,7.3,6.5,9.2,7.5875,5.0,Fase 8 (Universitários),-2,7.5,,7.600633333,Ametista,2023,Fase 8,Universitários
RA-43,FASE 6,6A,Feminino,2019,Pública,Ametista,Ágata,Quartzo,5.486,,,,4.0,Avaliador-24,Avaliador-7,Avaliador-23,Avaliador-8,7.9,6.7,5.63,5.0,4.0,5.0,6.0,7.5875,5.0,Fase 7 (3° EM),-1,7.5,,6.4622,Ágata,2023,Fase 7,3° EM
RA-55,FASE 6,6A,Feminino,2017,Pública,Ametista,Ametista,Ágata,6.576,,,,4.0,Avaliador-24,Avaliador-7,Avaliador-23,Avaliador-8,7.9,8.1,3.14,7.1,8.7,6.5,6.0,7.545,5.0,Fase 7 (3° EM),-1,7.5,,6.898033333,Ágata,2023,Fase 7,3° EM
RA-44,FASE 6,6A,Feminino,2021,Pública,,Ametista,Quartzo,5.542,,,,4.0,Avaliador-24,Avaliador-7,Avaliador-23,Avaliador-8,0.0,8.5,5.01,6.9,7.3,5.8,7.5,7.17,5.0,Fase 8 (Universitários),-2,7.5,,6.258333333,Ágata,2023,Fase 8,Universitários
RA-1215,FASE 6,6A,Feminino,2023,Pública,,,,,,,,4.0,Avaliador-24,Avaliador-7,Avaliador-23,Avaliador-8,7.1,5.6,5.0,4.1,5.0,2.7,4.7,7.1725,10.0,Fase 6 (2° EM),0,7.5,,6.339466667,Ágata,2023,Fase 6,2° EM
RA-45,FASE 6,6A,Feminino,2019,Privada - Programa de Apadrinhamento,Ametista,Topázio,Ametista,7.591,,,,4.0,Avaliador-24,Avaliador-7,Avaliador-23,Avaliador-8,7.1,9.6,6.26,7.9,7.8,6.3,9.7,8.1725,10.0,Fase 6 (2° EM),0,8.28125,,8.303591667,Topázio,2023,Fase 6,2° EM
RA-56,FASE 6,6A,Feminino,2019,Privada - Programa de Apadrinhamento,Topázio,Topázio,Topázio,8.404,,,,4.0,Avaliador-24,Avaliador-7,Avaliador-23,Avaliador-8,9.6,9.5,5.0,7.8,7.8,5.5,10.0,7.8,10.0,Fase 6 (2° EM),0,8.125,,8.284333333,Topázio,2023,Fase 6,2° EM
RA-57,FASE 6,6A,Masculino,2017,Privada - Programa de Apadrinhamento,Ametista,Ametista,Ametista,7.305,,,,4.0,Avaliador-24,Avaliador-7,Avaliador-23,Avaliador-8,0.0,8.0,5.63,7.2,7.8,6.8,7.0,7.755,5.0,Fase 7 (3° EM),-1,7.96875,,6.450875,Ágata,2023,Fase 7,3° EM
RA-58,FASE 6,6A,Masculino,2017,Privada - Programa de Apadrinhamento,Topázio,Topázio,Topázio,8.136,,,,4.0,Avaliador-24,Avaliador-7,Avaliador-23,Avaliador-8,0.0,9.7,6.26,8.1,7.8,6.5,10.0,8.3825,10.0,Fase 6 (2° EM),0,8.4375,,7.70625,Ametista,2023,Fase 6,2° EM
RA-59,FASE 6,6A,Masculino,2022,Privada - Programa de Apadrinhamento,,,Ametista,7.642,,,,4.0,Avaliador-24,Avaliador-7,Avaliador-23,Avaliador-8,7.5,9.6,5.63,7.2,7.7,6.8,7.2,8.4225,5.0,Fase 8 (Universitários),-2,8.28125,,7.692291667,Ametista,2023,Fase 8,Universitários
RA-1216,FASE 6,6A,Feminino,2023,Concluiu o 3º EM,,,,,,,,4.0,Avaliador-24,Avaliador-7,Avaliador-23,Avaliador-8,9.6,9.0,5.63,7.9,8.7,5.3,9.7,7.795,5.0,Fase 8 (Universitários),-2,7.5,,7.7105,Ametista,2023,Fase 8,Universitários
RA-78,FASE 6,6A,Feminino,2018,Privada - Programa de Apadrinhamento,Ametista,Ágata,Ametista,7.04,,,,4.0,Avaliador-24,Avaliador-7,Avaliador-23,Avaliador-8,0.0,7.7,6.26,6.7,8.5,4.8,6.8,8.0025,5.0,Fase 8 (Universitários),-2,8.28125,,6.434625,Ágata,2023,Fase 8,Universitários
RA-79,FASE 6,6A,Feminino,2018,Privada - Programa de Apadrinhamento,Ametista,Ágata,Ágata,6.847,,,,4.0,Avaliador-24,Avaliador-7,Avaliador-23,Avaliador-8,5.8,6.2,5.0,7.6,6.0,7.7,9.0,7.59,5.0,Fase 7 (3° EM),-1,7.8125,,6.635883333,Ágata,2023,Fase 7,3° EM
RA-61,FASE 6,6A,Masculino,2021,Pública,,Ágata,Ametista,7.533,,,,4.0,Avaliador-24,Avaliador-7,Avaliador-23,Avaliador-8,8.3,7.0,6.26,6.2,6.7,4.3,7.5,7.4625,10.0,Fase 6 (2° EM),0,7.96875,,7.382108333,Ametista,2023,Fase 6,2° EM
RA-63,FASE 6,6A,Masculino,2018,Pública,Ametista,Ametista,Topázio,8.282,,,,4.0,Avaliador-24,Avaliador-7,Avaliador-23,Avaliador-8,6.7,9.0,6.89,8.7,9.3,7.3,9.5,8.9675,5.0,Fase 7 (3° EM),-1,8.75,,8.0641,Topázio,2023,Fase 7,3° EM
RA-64,FASE 6,6A,Feminino,2019,Privada - Programa de Apadrinhamento,Ametista,Topázio,Ametista,7.368,,,,4.0,Avaliador-24,Avaliador-7,Avaliador-23,Avaliador-8,7.5,9.2,6.89,6.7,7.0,6.0,7.2,7.9625,5.0,Fase 7 (3° EM),-1,7.34375,,7.452541667,Ametista,2023,Fase 7,3° EM
RA-48,FASE 6,6A,Feminino,2017,Privada - Programa de Apadrinhamento,Ametista,Ametista,Ametista,8.006,,,,4.0,Avaliador-24,Avaliador-7,Avaliador-23,Avaliador-8,6.7,8.4,6.26,7.7,8.3,5.7,9.0,7.6275,10.0,Fase 6 (2° EM),0,7.65625,,7.797058333,Ametista,2023,Fase 6,2° EM
RA-109,FASE 6,6A,Masculino,2021,Privada - Programa de Apadrinhamento,,Ametista,Topázio,8.512,,,,4.0,Avaliador-24,Avaliador-7,Avaliador-23,Avaliador-8,8.3,9.9,7.52,8.3,7.0,8.2,9.7,8.59,5.0,Fase 7 (3° EM),-1,8.75,,8.3184,Topázio,2023,Fase 7,3° EM
RA-80,FASE 6,6L,Feminino,2017,Privada - Programa de Apadrinhamento,Ametista,Topázio,Ametista,7.29,,,,4.0,Avaliador-24,Avaliador-7,Avaliador-23,Avaliador-8,8.3,8.4,6.89,6.3,8.2,5.7,5.0,7.465,5.0,Fase 7 (3° EM),-1,7.96875,,7.252275,Ametista,2023,Fase 7,3° EM
RA-91,FASE 6,6L,Feminino,2016,Privada - Programa de Apadrinhamento,Ametista,Ametista,Ágata,6.645,,,,4.0,Avaliador-24,Avaliador-7,Avaliador-23,Avaliador-8,10.0,7.4,6.89,7.4,9.5,5.0,7.7,7.4675,5.0,Fase 7 (3° EM),-1,7.8125,,7.42395,Ametista,2023,Fase 7,3° EM
RA-1217,FASE 6,6L,Feminino,2023,Pública,,,,,,,,4.0,Avaliador-24,Avaliador-7,Avaliador-23,Avaliador-8,0.0,7.9,5.63,5.9,7.0,4.0,6.7,7.38,5.0,Fase 7 (3° EM),-1,7.65625,,6.064625,Quartzo,2023,Fase 7,3° EM
RA-92,FASE 6,6L,Feminino,2016,Privada - Programa de Apadrinhamento,Topázio,Ametista,Ágata,6.957,,,,4.0,Avaliador-24,Avaliador-7,Avaliador-23,Avaliador-8,9.6,9.4,5.63,6.7,8.7,4.8,6.7,7.045,5.0,Fase 7 (3° EM),-1,7.1875,,7.375916667,Ametista,2023,Fase 7,3° EM
RA-96,FASE 6,6L,Masculino,2021,Privada - Programa de Apadrinhamento,,Ametista,Ametista,7.54,,,,4.0,Avaliador-24,Avaliador-7,Avaliador-23,Avaliador-8,9.6,8.9,7.52,6.4,6.8,4.8,7.7,7.84,5.0,Fase 7 (3° EM),-1,7.65625,,7.610791667,Ametista,2023,Fase 7,3° EM
RA-1218,FASE 6,6L,Masculino,2023,Pública,,,,,,,,4.0,Avaliador-24,Avaliador-7,Avaliador-23,Avaliador-8,7.5,9.2,5.0,5.3,6.7,3.5,5.7,7.1325,5.0,Fase 7 (3° EM),-1,7.5,,6.8265,Ágata,2023,Fase 7,3° EM
RA-1219,FASE 6,6L,Feminino,2023,Pública,,,,,,,,4.0,Avaliador-24,Avaliador-7,Avaliador-23,Avaliador-8,8.8,6.5,5.63,6.3,7.2,5.5,6.3,7.38,10.0,Fase 6 (2° EM),0,7.34375,,7.215141667,Ametista,2023,Fase 6,2° EM
RA-1220,FASE 6,6L,Feminino,2023,Pública,,,,,,,,4.0,Avaliador-24,Avaliador-7,Avaliador-23,Avaliador-8,0.0,9.0,5.0,6.8,8.8,5.3,6.3,7.63,5.0,Fase 7 (3° EM),-1,7.8125,,6.46725,Ágata,2023,Fase 7,3° EM
RA-84,FASE 6,6L,Feminino,2018,Privada - Programa de Apadrinhamento,Ametista,Ametista,Ágata,6.682,,,,4.0,Avaliador-24,Avaliador-7,Avaliador-23,Avaliador-8,0.0,8.8,2.52,6.0,6.8,5.8,5.5,7.6725,5.0,Fase 8 (Universitários),-2,7.8125,,6.034416667,Quartzo,2023,Fase 8,Universitários
RA-99,FASE 6,6L,Masculino,2019,Pública,Ágata,Ágata,Ágata,6.158,,,,4.0,Avaliador-24,Avaliador-7,Avaliador-23,Avaliador-8,7.9,8.3,5.63,4.5,4.7,4.0,4.8,7.4225,5.0,Fase 7 (3° EM),-1,7.8125,,6.68045,Ágata,2023,Fase 7,3° EM
RA-87,FASE 6,6L,Masculino,2021,Privada - Programa de Apadrinhamento,,Ametista,Topázio,8.712,,,,4.0,Avaliador-24,Avaliador-7,Avaliador-23,Avaliador-8,7.5,10.0,5.63,9.3,9.5,8.7,9.7,8.385,10.0,Fase 6 (2° EM),0,8.125,,8.6625,Topázio,2023,Fase 6,2° EM
RA-89,FASE 6,6L,Masculino,2021,Pública,,Quartzo,Ametista,7.323,,,,4.0,Avaliador-24,Avaliador-7,Avaliador-23,Avaliador-8,8.3,8.1,5.0,5.1,6.3,2.3,6.7,7.465,5.0,Fase 7 (3° EM),-1,7.34375,,6.700775,Ágata,2023,Fase 7,3° EM
RA-1221,FASE 7,7A,Feminino,2023,Concluiu o 3º EM,,,,,,,,4.0,Avaliador-32,Avaliador-7,Avaliador-23,Avaliador-8,9.2,9.1,6.26,8.7,8.2,8.0,10.0,8.09,5.0,Fase 8 (Universitários),-1,8.0,,8.027466667,Topázio,2023,Fase 8,Universitários
RA-27,FASE 7,7A,Masculino,2016,Privada - Programa de Apadrinhamento,Topázio,Ametista,Ametista,7.124,,,,4.0,Avaliador-32,Avaliador-7,Avaliador-23,Avaliador-8,6.7,7.7,6.89,6.9,7.0,5.8,8.0,8.8825,10.0,Fase 7 (3° EM),0,8.625,,7.921266667,Ametista,2023,Fase 7,3° EM
RA-1222,FASE 7,7A,Feminino,2023,Nenhuma das opções acima,,,,,,,,4.0,Avaliador-32,Avaliador-7,Avaliador-23,Avaliador-8,7.1,10.0,5.63,6.8,5.0,6.5,9.0,6.005,5.0,Fase 8 (Universitários),-1,6.875,,7.026466667,Ametista,2023,Fase 8,Universitários
RA-32,FASE 7,7A,Feminino,2018,Privada - Programa de Apadrinhamento,Ametista,Ametista,Ametista,7.37,,,,4.0,Avaliador-32,Avaliador-7,Avaliador-23,Avaliador-8,0.0,8.2,3.77,7.9,9.0,5.8,9.0,6.8775,10.0,Fase 7 (3° EM),0,7.375,,6.716666667,Ágata,2023,Fase 7,3° EM
RA-19,FASE 7,7A,Feminino,2022,Nenhuma das opções acima,,,Ametista,7.665,,,,4.0,Avaliador-32,Avaliador-7,Avaliador-23,Avaliador-8,7.9,9.4,5.63,7.8,7.7,7.0,8.8,8.1725,5.0,Fase 8 (Universitários),-1,7.75,,7.710866667,Ametista,2023,Fase 8,Universitários
RA-62,FASE 7,7A,Feminino,2022,Pública,,,Ametista,7.891,,,,4.0,Avaliador-32,Avaliador-7,Avaliador-23,Avaliador-8,0.0,9.8,6.89,7.5,9.3,6.8,6.3,8.215,10.0,Fase 7 (3° EM),0,8.25,,7.610333333,Ametista,2023,Fase 7,3° EM
RA-1223,FASE 7,7A,Masculino,2023,Pública,,,,,,,,4.0,Avaliador-32,Avaliador-7,Avaliador-23,Avaliador-8,8.8,9.3,5.0,9.0,9.5,8.3,9.3,7.2925,10.0,Fase 7 (3° EM),0,6.875,,8.187766667,Topázio,2023,Fase 7,3° EM
RA-38,FASE 7,7A,Feminino,2017,Privada - Programa de Apadrinhamento,Ametista,Ametista,Topázio,8.523,,,,4.0,Avaliador-32,Avaliador-7,Avaliador-23,Avaliador-8,9.6,9.7,7.52,7.7,8.2,8.8,6.0,8.8825,10.0,Fase 7 (3° EM),0,8.75,,8.835333333,Topázio,2023,Fase 7,3° EM
RA-1224,FASE 7,7A,Masculino,2023,Concluiu o 3º EM,,,,,,,,4.0,Avaliador-32,Avaliador-7,Avaliador-23,Avaliador-8,8.3,9.4,5.0,8.0,8.2,6.3,9.5,7.6325,5.0,Fase 8 (Universitários),-1,7.125,,7.5524,Ametista,2023,Fase 8,Universitários
RA-39,FASE 7,7A,Feminino,2017,Privada - Programa de Apadrinhamento,Ametista,Ametista,Ágata,6.033,,,,4.0,Avaliador-32,Avaliador-7,Avaliador-23,Avaliador-8,9.6,9.1,7.52,7.8,8.3,7.8,7.2,8.7575,10.0,Fase 7 (3° EM),0,8.75,,8.710333333,Topázio,2023,Fase 7,3° EM
RA-1275,ALFA,ALFA A - G0/G1,Masculino,2024,Pública,,,,,,,,3.0,Avaliador-11,Avaliador-2,Avaliador-9,,10.002,8.6666666665,6.26,8.0,10.0,6.0,,5.446666667,10.0,ALFA (1° e 2° ano),0,5.625,,7.611366666700001,Ametista,2024,ALFA,1° e 2° ano
RA-1276,ALFA,ALFA A - G0/G1,Feminino,2024,Pública,,,,,,,,3.0,Avaliador-11,Avaliador-2,Avaliador-9,,10.002,9.3333333335,3.76,8.0,10.0,6.0,,7.05,10.0,ALFA (1° e 2° ano),0,7.5,,8.002866666700001,Topázio,2024,ALFA,1° e 2° ano
RA-1277,ALFA,ALFA A - G0/G1,Masculino,2024,Pública,,,,,,,,3.0,Avaliador-11,Avaliador-2,Avaliador-9,,10.002,9.0833333335,3.76,8.0,10.0,6.0,,7.046666667,10.0,ALFA (1° e 2° ano),0,7.5,,7.952200000100001,Ametista,2024,ALFA,1° e 2° ano
RA-868,ALFA,ALFA A - G0/G1,Masculino,2023,Pública,,,,,,,,3.0,Avaliador-11,Avaliador-2,Avaliador-9,,8.002,9.75,3.76,7.0,8.0,6.0,,7.213333333,5.0,Fase 1 (3° e 4° ano),-1,6.875,8.63895,7.156366666600001,Ametista,2024,Fase 1,3° e 4° ano
RA-1278,ALFA,ALFA A - G0/G1,Masculino,2024,Pública,,,,,,,,3.0,Avaliador-11,Avaliador-2,Avaliador-9,,9.002,4.1666666665,3.76,7.5,8.0,7.0,,4.173333333,5.0,Fase 1 (3° e 4° ano),-1,5.0,,5.444199999900001,Quartzo,2024,Fase 1,3° e 4° ano
RA-1279,ALFA,ALFA B - G2/G3,Feminino,2024,Pública,,,,,,,,3.0,Avaliador-3,Avaliador-13,Avaliador-9,,10.002,10.0,6.26,8.25,9.0,7.5,,7.78,5.0,Fase 1 (3° e 4° ano),-1,7.5,,8.0822,Topázio,2024,Fase 1,3° e 4° ano
RA-861,ALFA,ALFA B - G2/G3,Feminino,2023,Pública,,,,,,,,3.0,Avaliador-3,Avaliador-13,Avaliador-9,,9.502,10.0,7.51,10.0,10.0,10.0,,9.73,5.0,Fase 1 (3° e 4° ano),-1,8.125,9.31095,8.959700000000002,Topázio,2024,Fase 1,3° e 4° ano
RA-862,ALFA,ALFA B - G2/G3,Masculino,2023,Pública,,,,,,,,3.0,Avaliador-3,Avaliador-13,Avaliador-9,,9.002,8.6136363635,7.51,7.5,10.0,5.0,,6.27,5.0,Fase 2 (5° e 6° ano),-2,7.1875,8.2212,7.346677272700001,Ametista,2024,Fase 2,5° e 6° ano
RA-1280,ALFA,ALFA B - G2/G3,Masculino,2024,Pública,,,,,,,,3.0,Avaliador-3,Avaliador-13,Avaliador-9,,10.002,9.5454545455,6.26,8.5,10.0,7.0,,8.336666667,5.0,Fase 1 (3° e 4° ano),-1,7.5,,8.152624242500002,Topázio,2024,Fase 1,3° e 4° ano
RA-1281,ALFA,ALFA B - G2/G3,Feminino,2024,Pública,,,,,,,,3.0,Avaliador-3,Avaliador-13,Avaliador-9,,7.918,9.5454545455,6.26,9.25,10.0,8.5,,7.78,5.0,Fase 1 (3° e 4° ano),-1,7.5,,7.982890909100001,Ametista,2024,Fase 1,3° e 4° ano
RA-895,ALFA,ALFA B - G2/G3,Feminino,2023,Pública,,,,,,,,3.0,Avaliador-3,Avaliador-13,Avaliador-9,,9.502,9.5454545455,6.26,9.5,10.0,9.0,,8.113333333,5.0,Fase 1 (3° e 4° ano),-1,7.5,8.5397,8.2579575757,Topázio,2024,Fase 1,3° e 4° ano
RA-884,ALFA,ALFA B - G2/G3,Feminino,2023,Pública,,,,,,,,3.0,Avaliador-3,Avaliador-13,Avaliador-9,,10.002,8.818181818,6.26,8.75,10.0,7.5,,8.223333333,5.0,Fase 1 (3° e 4° ano),-1,7.5,8.4587,8.0345030302,Topázio,2024,Fase 1,3° e 4° ano
RA-1282,ALFA,ALFA B - G2/G3,Feminino,2024,Pública,,,,,,,,3.0,Avaliador-3,Avaliador-13,Avaliador-9,,9.502,8.1136363635,6.26,9.25,10.0,8.5,,7.89,5.0,Fase 1 (3° e 4° ano),-1,7.5,,7.8769272727000015,Ametista,2024,Fase 1,3° e 4° ano
RA-889,ALFA,ALFA B - G2/G3,Masculino,2023,Pública,,,,,,,,3.0,Avaliador-3,Avaliador-13,Avaliador-9,,8.502,9.2954545455,6.26,9.75,10.0,9.5,,8.28,5.0,Fase 1 (3° e 4° ano),-1,7.5,8.8092,8.191290909100001,Topázio,2024,Fase 1,3° e 4° ano
RA-867,ALFA,ALFA B - G2/G3,Masculino,2023,Pública,,,,,,,,3.0,Avaliador-3,Avaliador-13,Avaliador-9,,9.002,7.409090909,7.51,8.5,10.0,7.0,,7.5,5.0,Fase 1 (3° e 4° ano),-1,7.5,8.6992,7.583018181800001,Ametista,2024,Fase 1,3° e 4° ano
RA-1283,ALFA,ALFA B - G2/G3,Masculino,2024,Pública,,,,,,,,3.0,Avaliador-3,Avaliador-13,Avaliador-9,,10.002,9.230769231,7.51,9.0,10.0,8.0,,8.28,5.0,Fase 2 (5° e 6° ano),-2,7.5,,8.3033538462,Topázio,2024,Fase 2,5° e 6° ano
RA-891,ALFA,ALFA B - G2/G3,Feminino,2023,Pública,,,,,,,,3.0,Avaliador-3,Avaliador-13,Avaliador-9,,10.002,9.0454545455,6.26,8.75,10.0,7.5,,8.003333333,5.0,Fase 1 (3° e 4° ano),-1,7.5,7.8882,8.035957575700001,Topázio,2024,Fase 1,3° e 4° ano
RA-1284,ALFA,ALFA C - G0/G1,Feminino,2024,Pública,,,,,,,,3.0,Avaliador-3,Avaliador-11,Avaliador-9,,9.002,9.347826087,2.51,10.0,10.0,10.0,,7.89,10.0,ALFA (1° e 2° ano),0,7.8125,,8.3800152174,Topázio,2024,ALFA,1° e 2° ano
RA-1012,ALFA,ALFA C - G0/G1,Feminino,2023,Pública,,,,,,,,3.0,Avaliador-3,Avaliador-11,Avaliador-9,,9.502,9.523809524,2.51,9.75,10.0,9.5,,8.443333333,5.0,Fase 1 (3° e 4° ano),-1,8.125,7.96495,8.057128571400002,Topázio,2024,Fase 1,3° e 4° ano
RA-1285,ALFA,ALFA C - G0/G1,Feminino,2024,Pública,,,,,,,,3.0,Avaliador-3,Avaliador-11,Avaliador-9,,10.002,8.830227742999998,2.51,8.0,8.0,8.0,,8.946666667,10.0,ALFA (1° e 2° ano),0,7.5,,8.156578882000002,Topázio,2024,ALFA,1° e 2° ano
RA-1286,ALFA,ALFA C - G0/G1,Masculino,2024,Pública,,,,,,,,3.0,Avaliador-3,Avaliador-11,Avaliador-9,,8.002,5.051759834,2.51,7.0,8.0,6.0,,4.61,10.0,ALFA (1° e 2° ano),0,5.3125,,5.914801966800001,Quartzo,2024,ALFA,1° e 2° ano
RA-1287,ALFA,ALFA C - G0/G1,Feminino,2024,Pública,,,,,,,,3.0,Avaliador-3,Avaliador-11,Avaliador-9,,10.002,9.3064182195,2.51,7.75,8.0,7.5,,8.223333333,5.0,Fase 1 (3° e 4° ano),-1,8.125,,7.619650310500001,Ametista,2024,Fase 1,3° e 4° ano
RA-1288,ALFA,ALFA C - G0/G1,Feminino,2024,Pública,,,,,,,,3.0,Avaliador-3,Avaliador-11,Avaliador-9,,9.002,7.9813664595,2.51,10.0,10.0,10.0,,7.273333333,10.0,ALFA (1° e 2° ano),0,7.1875,,7.9208899585,Ametista,2024,ALFA,1° e 2° ano
RA-1289,ALFA,ALFA D - G2/G3,Feminino,2024,Pública,,,,,,,,3.0,Avaliador-3,Avaliador-13,Avaliador-9,,7.002,9.4444444445,7.51,7.75,9.0,6.5,,6.166666667,5.0,Fase 1 (3° e 4° ano),-1,5.9375,,7.2171722223,Ametista,2024,Fase 1,3° e 4° ano
RA-1290,ALFA,ALFA D - G2/G3,Masculino,2024,Pública,,,,,,,,3.0,Avaliador-3,Avaliador-13,Avaliador-9,,10.002,10.0,7.51,8.75,10.0,7.5,,8.28,5.0,Fase 1 (3° e 4° ano),-1,7.5,,8.407200000000001,Topázio,2024,Fase 1,3° e 4° ano
RA-1291,ALFA,ALFA D - G2/G3,Masculino,2024,Pública,,,,,,,,3.0,Avaliador-3,Avaliador-13,Avaliador-9,,9.502,9.5,7.51,8.25,10.0,6.5,,7.89,5.0,Fase 1 (3° e 4° ano),-1,7.5,,8.079200000000002,Topázio,2024,Fase 1,3° e 4° ano
RA-885,ALFA,ALFA D - G2/G3,Masculino,2023,Pública,,,,,,,,3.0,Avaliador-3,Avaliador-13,Avaliador-9,,8.502,10.0,7.51,8.5,10.0,7.0,,8.28,5.0,Fase 1 (3° e 4° ano),-1,7.5,8.8252,8.2072,Topázio,2024,Fase 1,3° e 4° ano
RA-1292,ALFA,ALFA D - G2/G3,Feminino,2024,Pública,,,,,,,,3.0,Avaliador-3,Avaliador-13,Avaliador-9,,7.502,4.7727272725,7.51,8.25,10.0,6.5,,7.893333333,5.0,Fase 1 (3° e 4° ano),-1,7.1875,,6.9031621211,Ágata,2024,Fase 1,3° e 4° ano
RA-1293,ALFA,ALFA D - G2/G3,Feminino,2024,Pública,,,,,,,,3.0,Avaliador-3,Avaliador-13,Avaliador-9,,8.002,9.4949494945,7.51,8.5,8.5,8.5,,8.336666667,5.0,Fase 1 (3° e 4° ano),-1,6.875,,8.005023232300001,Topázio,2024,Fase 1,3° e 4° ano
RA-888,ALFA,ALFA D - G2/G3,Masculino,2023,Pública,,,,,,,,3.0,Avaliador-3,Avaliador-13,Avaliador-9,,9.002,10.0,6.88,8.5,9.0,8.0,,8.28,5.0,Fase 1 (3° e 4° ano),-1,7.5,8.9182,8.1942,Topázio,2024,Fase 1,3° e 4° ano
RA-1294,ALFA,ALFA D - G2/G3,Masculino,2024,Pública,,,,,,,,3.0,Avaliador-3,Avaliador-13,Avaliador-9,,9.502,10.0,7.51,7.75,9.0,6.5,,7.553333333,5.0,Fase 2 (5° e 6° ano),-2,6.875,,7.9493666666,Ametista,2024,Fase 2,5° e 6° ano
RA-1009,ALFA,ALFA E - G2/G3,Masculino,2023,Pública,,,,,,,,3.0,Avaliador-3,Avaliador-13,Avaliador-9,,8.002,6.8863636365000005,2.51,7.5,10.0,5.0,,6.553333333,5.0,Fase 1 (3° e 4° ano),-1,6.5625,7.245,6.395389393900001,Ágata,2024,Fase 1,3° e 4° ano
RA-1013,ALFA,ALFA E - G2/G3,Masculino,2023,Pública,,,,,,,,3.0,Avaliador-3,Avaliador-13,Avaliador-9,,9.002,5.6937799039999994,2.51,7.75,8.0,7.5,,4.72,5.0,Fase 1 (3° e 4° ano),-1,5.0,7.6237,5.7839559808,Quartzo,2024,Fase 1,3° e 4° ano
RA-1295,ALFA,ALFA E - G2/G3,Feminino,2024,Pública,,,,,,,,3.0,Avaliador-3,Avaliador-13,Avaliador-9,,10.002,9.5227272725,2.51,7.5,7.0,8.0,,8.28,10.0,ALFA (1° e 2° ano),0,7.5,,8.0617454545,Topázio,2024,ALFA,1° e 2° ano
RA-1296,ALFA,ALFA E - G2/G3,Feminino,2024,Pública,,,,,,,,3.0,Avaliador-3,Avaliador-13,Avaliador-9,,9.002,8.4444444445,2.51,6.5,7.5,5.5,,8.336666667,5.0,Fase 1 (3° e 4° ano),-1,7.5,,7.0574222223000005,Ametista,2024,Fase 1,3° e 4° ano
RA-863,ALFA,ALFA E - G2/G3,Masculino,2023,Pública,,,,,,,,3.0,Avaliador-3,Avaliador-13,Avaliador-9,,8.502,3.159090909,2.51,5.5,10.0,1.0,,4.333333333,5.0,Fase 1 (3° e 4° ano),-1,4.6875,5.92975,4.6684348484000004,Quartzo,2024,Fase 1,3° e 4° ano
RA-1297,ALFA,ALFA E - G2/G3,Masculino,2024,Pública,,,,,,,,3.0,Avaliador-3,Avaliador-13,Avaliador-9,,9.502,9.761904762,2.51,9.25,10.0,8.5,,6.833333333,5.0,Fase 1 (3° e 4° ano),-1,7.5,,7.620247619000001,Ametista,2024,Fase 1,3° e 4° ano
RA-1014,ALFA,ALFA E - G2/G3,Feminino,2023,Pública,,,,,,,,3.0,Avaliador-3,Avaliador-13,Avaliador-9,,8.502,7.8863636365000005,2.51,5.25,6.5,4.0,,7.0,5.0,Fase 1 (3° e 4° ano),-1,6.875,8.2582,6.315972727300001,Ágata,2024,Fase 1,3° e 4° ano
RA-880,ALFA,ALFA E - G2/G3,Feminino,2023,Pública,,,,,,,,3.0,Avaliador-3,Avaliador-13,Avaliador-9,,9.502,8.445652174,2.51,6.5,7.5,5.5,,7.22,5.0,Fase 1 (3° e 4° ano),-1,7.1875,6.724,6.853080434800001,Ágata,2024,Fase 1,3° e 4° ano
RA-886,ALFA,ALFA E - G2/G3,Feminino,2023,Pública,,,,,,,,3.0,Avaliador-3,Avaliador-13,Avaliador-9,,9.502,10.0,8.13,8.75,9.0,8.5,,8.28,5.0,Fase 1 (3° e 4° ano),-1,7.5,8.6422,8.419200000000002,Topázio,2024,Fase 1,3° e 4° ano
RA-1298,ALFA,ALFA E - G2/G3,Masculino,2024,Pública,,,,,,,,3.0,Avaliador-3,Avaliador-13,Avaliador-9,,9.502,6.643356643500001,7.51,6.75,7.0,6.5,,7.393333333,10.0,ALFA (1° e 2° ano),0,7.1875,,7.577287995300001,Ametista,2024,ALFA,1° e 2° ano
RA-1299,ALFA,ALFA E - G2/G3,Masculino,2024,Pública,,,,,,,,3.0,Avaliador-3,Avaliador-13,Avaliador-9,,8.502,7.638888889,7.51,6.5,7.0,6.0,,7.11,5.0,Fase 2 (5° e 6° ano),-2,7.1875,,7.069727777800001,Ametista,2024,Fase 2,5° e 6° ano
RA-904,ALFA,ALFA F - G0/G1,Feminino,2023,Pública,,,,,,,,3.0,Avaliador-11,Avaliador-2,Avaliador-9,,9.502,8.75,7.51,6.0,6.0,6.0,,8.67,5.0,Fase 1 (3° e 4° ano),-1,7.5,8.140783333,7.6352,Ametista,2024,Fase 1,3° e 4° ano
RA-1300,ALFA,ALFA F - G0/G1,Feminino,2024,Pública,,,,,,,,3.0,Avaliador-11,Avaliador-2,Avaliador-9,,8.502,8.75,2.51,9.0,10.0,8.0,,8.613333333,5.0,Fase 1 (3° e 4° ano),-1,7.5,,7.623866666600001,Ametista,2024,Fase 1,3° e 4° ano
RA-1301,ALFA,ALFA F - G0/G1,Masculino,2024,Pública,,,,,,,,3.0,Avaliador-11,Avaliador-2,Avaliador-9,,9.502,2.9166666665000003,2.51,7.0,10.0,4.0,,6.0,5.0,Fase 1 (3° e 4° ano),-1,7.5,,5.6345333333,Quartzo,2024,Fase 1,3° e 4° ano
RA-1302,ALFA,ALFA F - G0/G1,Masculino,2024,Pública,,,,,,,,3.0,Avaliador-11,Avaliador-2,Avaliador-9,,10.002,5.416666667,2.51,4.0,4.0,4.0,,4.996666667,10.0,ALFA (1° e 2° ano),0,6.25,,5.758866666800001,Quartzo,2024,ALFA,1° e 2° ano
RA-1303,ALFA,ALFA F - G0/G1,Feminino,2024,Pública,,,,,,,,3.0,Avaliador-11,Avaliador-2,Avaliador-9,,10.002,10.0,2.51,10.0,10.0,10.0,,9.17,10.0,ALFA (1° e 2° ano),0,7.5,,8.8352,Topázio,2024,ALFA,1° e 2° ano
RA-1304,ALFA,ALFA G - G2/G3,Feminino,2024,Pública,,,,,,,,3.0,Avaliador-3,Avaliador-13,Avaliador-9,,9.002,7.9575163395,8.135,6.0,6.0,6.0,,6.493333333,5.0,Fase 2 (5° e 6° ano),-2,7.8125,,7.085119934500001,Ametista,2024,Fase 2,5° e 6° ano
RA-1305,ALFA,ALFA G - G2/G3,Feminino,2024,Pública,,,,,,,,3.0,Avaliador-3,Avaliador-13,Avaliador-9,,8.502,8.710526316,2.51,4.75,2.0,7.5,,8.053333333,5.0,Fase 1 (3° e 4° ano),-1,7.8125,,6.685221929800001,Ágata,2024,Fase 1,3° e 4° ano
RA-1306,ALFA,ALFA G - G2/G3,Feminino,2024,Pública,,,,,,,,3.0,Avaliador-3,Avaliador-13,Avaliador-9,,9.002,10.0,8.135,9.75,10.0,9.5,,7.946666667,5.0,Fase 1 (3° e 4° ano),-1,7.5,,8.503033333400001,Topázio,2024,Fase 1,3° e 4° ano
RA-702,ALFA,ALFA G - G2/G3,Feminino,2022,Pública,,,Ametista,7.387203380952382,,,,3.0,Avaliador-3,Avaliador-13,Avaliador-9,,9.002,9.75,2.51,9.25,10.0,8.5,,7.163333333,5.0,Fase 2 (5° e 6° ano),-2,7.8125,8.239866667,7.665116666600001,Ametista,2024,Fase 2,5° e 6° ano
RA-725,ALFA,ALFA G - G2/G3,Masculino,2022,Pública,,,Ágata,6.330304030303031,,,,3.0,Avaliador-3,Avaliador-13,Avaliador-9,,7.502,7.6710526315,7.51,7.25,7.0,7.5,,6.773333333,5.0,Fase 1 (3° e 4° ano),-1,7.5,8.117366667,7.0900771929,Ametista,2024,Fase 1,3° e 4° ano
RA-912,ALFA,ALFA G - G2/G3,Feminino,2023,Pública,,,,,,,,3.0,Avaliador-3,Avaliador-13,Avaliador-9,,9.002,9.4736842105,7.51,7.25,7.0,7.5,,6.943333333,5.0,Fase 2 (5° e 6° ano),-2,8.125,7.0797,7.697103508700001,Ametista,2024,Fase 2,5° e 6° ano
RA-918,ALFA,ALFA G - G2/G3,Feminino,2023,Pública,,,,,,,,3.0,Avaliador-3,Avaliador-13,Avaliador-9,,7.918,8.697368421,2.51,2.75,1.0,4.5,,6.156666667,5.0,Fase 1 (3° e 4° ano),-1,5.9375,7.4967,5.657357017600001,Quartzo,2024,Fase 1,3° e 4° ano
RA-920,ALFA,ALFA G - G2/G3,Feminino,2023,Pública,,,,,,,,3.0,Avaliador-3,Avaliador-13,Avaliador-9,,9.502,7.6710526315,7.51,8.25,9.0,7.5,,8.226666667,5.0,Fase 1 (3° e 4° ano),-1,7.1875,6.9647,7.7494938597,Ametista,2024,Fase 1,3° e 4° ano
RA-1307,ALFA,ALFA H - G0/G1,Masculino,2024,Pública,,,,,,,,3.0,Avaliador-11,Avaliador-2,Avaliador-9,,10.002,5.833333333500001,6.255,5.5,7.0,4.0,,5.383333333,10.0,ALFA (1° e 2° ano),0,6.25,,6.5940333333000005,Ágata,2024,ALFA,1° e 2° ano
RA-1308,ALFA,ALFA H - G0/G1,Feminino,2024,Pública,,,,,,,,3.0,Avaliador-11,Avaliador-2,Avaliador-9,,10.002,7.445652174,7.51,6.0,8.0,4.0,,5.933333333,5.0,Fase 1 (3° e 4° ano),-1,7.5,,6.876997101400001,Ágata,2024,Fase 1,3° e 4° ano
RA-1309,ALFA,ALFA H - G0/G1,Feminino,2024,Pública,,,,,,,,3.0,Avaliador-11,Avaliador-2,Avaliador-9,,9.002,9.1666666665,7.51,7.5,8.0,7.0,,8.223333333,10.0,ALFA (1° e 2° ano),0,7.5,,8.379199999899999,Topázio,2024,ALFA,1° e 2° ano
RA-1310,ALFA,ALFA H - G0/G1,Feminino,2024,Pública,,,,,,,,3.0,Avaliador-11,Avaliador-2,Avaliador-9,,8.502,9.375,2.51,10.0,10.0,10.0,,8.166666667,10.0,ALFA (1° e 2° ano),0,7.8125,,8.3907833334,Topázio,2024,ALFA,1° e 2° ano
RA-1311,ALFA,ALFA H - G0/G1,Masculino,2024,Pública,,,,,,,,3.0,Avaliador-11,Avaliador-2,Avaliador-9,,9.002,9.166666667,2.51,0.0,0.0,0.0,,8.386666667,10.0,ALFA (1° e 2° ano),0,7.5,,6.4118666668,Ágata,2024,ALFA,1° e 2° ano
RA-1312,ALFA,ALFA H - G0/G1,Masculino,2024,Pública,,,,,,,,3.0,Avaliador-11,Avaliador-2,Avaliador-9,,10.002,8.333333333,7.51,6.5,8.0,5.0,,8.336666667,5.0,Fase 1 (3° e 4° ano),-1,6.25,,7.510200000000001,Ametista,2024,Fase 1,3° e 4° ano
RA-1313,ALFA,ALFA H - G0/G1,Masculino,2024,Pública,,,,,,,,3.0,Avaliador-11,Avaliador-2,Avaliador-9,,9.502,8.125,7.51,6.25,4.0,8.5,,8.446666667,10.0,ALFA (1° e 2° ano),0,7.5,,8.0155333334,Topázio,2024,ALFA,1° e 2° ano
RA-1314,ALFA,ALFA H - G0/G1,Feminino,2024,Pública,,,,,,,,3.0,Avaliador-11,Avaliador-2,Avaliador-9,,7.418,8.541666667,7.51,9.0,8.0,10.0,,7.443333333,10.0,ALFA (1° e 2° ano),0,7.5,,8.239799999999999,Topázio,2024,ALFA,1° e 2° ano
RA-1315,ALFA,ALFA H - G0/G1,Masculino,2024,Pública,,,,,,,,3.0,Avaliador-11,Avaliador-2,Avaliador-9,,6.834,8.3333333335,7.51,9.0,10.0,8.0,,8.5,10.0,ALFA (1° e 2° ano),0,7.5,,8.3510666667,Topázio,2024,ALFA,1° e 2° ano
RA-921,ALFA,ALFA I - G2/G3,Feminino,2023,Pública,,,,,,,,2.0,Avaliador-3,Avaliador-13,,,8.502,8.6631016045,7.51,6.0,5.0,7.0,,7.5,5.0,Fase 1 (3° e 4° ano),-1,7.5,7.7407,7.2838203209,Ametista,2024,Fase 1,3° e 4° ano
RA-1316,ALFA,ALFA I - G2/G3,Feminino,2024,Pública,,,,,,,,2.0,Avaliador-3,Avaliador-13,,,9.002,8.20855615,7.51,7.75,9.0,6.5,,7.5,5.0,Fase 1 (3° e 4° ano),-1,7.5,,7.59291123,Ametista,2024,Fase 1,3° e 4° ano
RA-1317,ALFA,ALFA I - G2/G3,Feminino,2024,Pública,,,,,,,,2.0,Avaliador-3,Avaliador-13,,,7.502,7.0721925135,7.51,10.0,10.0,10.0,,7.5,5.0,Fase 1 (3° e 4° ano),-1,7.5,,7.665638502700001,Ametista,2024,Fase 1,3° e 4° ano
RA-897,ALFA,ALFA I - G2/G3,Masculino,2023,Pública,,,,,,,,2.0,Avaliador-3,Avaliador-13,,,7.002,2.7525252525,2.51,6.0,5.5,6.5,,6.66,5.0,Fase 1 (3° e 4° ano),-1,6.875,5.48225,5.2212050505,Quartzo,2024,Fase 1,3° e 4° ano
RA-908,ALFA,ALFA I - G2/G3,Feminino,2023,Pública,,,,,,,,2.0,Avaliador-3,Avaliador-13,,,8.502,8.14171123,7.51,4.75,3.0,6.5,,6.83,5.0,Fase 1 (3° e 4° ano),-1,7.1875,8.479366667,6.764292246,Ágata,2024,Fase 1,3° e 4° ano
RA-916,ALFA,ALFA I - G2/G3,Feminino,2023,Pública,,,,,,,,2.0,Avaliador-3,Avaliador-13,,,8.502,7.3320158105,2.51,2.75,3.5,2.0,,6.16,5.0,Fase 2 (5° e 6° ano),-2,6.5625,7.3882,5.5058531621,Quartzo,2024,Fase 2,5° e 6° ano
RA-924,ALFA,ALFA I - G2/G3,Masculino,2023,Pública,,,,,,,,2.0,Avaliador-3,Avaliador-13,,,7.002,4.598930481,7.51,7.0,7.5,6.5,,7.415,5.0,Fase 1 (3° e 4° ano),-1,7.1875,6.5207,6.4727360962,Ágata,2024,Fase 1,3° e 4° ano
RA-925,ALFA,ALFA I - G2/G3,Masculino,2023,Pública,,,,,,,,2.0,Avaliador-3,Avaliador-13,,,8.002,7.005347594,7.51,4.75,3.0,6.5,,7.33,5.0,Fase 1 (3° e 4° ano),-1,7.1875,7.1837,6.587019518800001,Ágata,2024,Fase 1,3° e 4° ano
RA-1008,ALFA,ALFA I - G2/G3,Masculino,2023,Pública,,,,,,,,2.0,Avaliador-3,Avaliador-13,,,7.002,6.483957219,7.51,7.0,6.5,7.5,,7.5,5.0,Fase 1 (3° e 4° ano),-1,7.1875,8.13595,6.8667414438000005,Ágata,2024,Fase 1,3° e 4° ano
RA-919,ALFA,ALFA I - G2/G3,Masculino,2023,Pública,,,,,,,,2.0,Avaliador-3,Avaliador-13,,,7.002,4.692513369,6.255,5.25,6.5,4.0,,6.49,5.0,Fase 2 (5° e 6° ano),-2,6.875,6.225,5.799702673800001,Quartzo,2024,Fase 2,5° e 6° ano
RA-1318,ALFA,ALFA I - G2/G3,Feminino,2024,Pública,,,,,,,,2.0,Avaliador-3,Avaliador-13,,,8.502,7.6871657755000005,7.51,5.0,4.0,6.0,,7.33,5.0,Fase 1 (3° e 4° ano),-1,7.1875,,6.823383155100001,Ágata,2024,Fase 1,3° e 4° ano
RA-1003,ALFA,ALFA J - G2/G3,Masculino,2023,Pública,,,,,,,,2.0,Avaliador-3,Avaliador-13,,,8.002,8.6944444445,7.51,8.25,10.0,6.5,,7.5,5.0,Fase 1 (3° e 4° ano),-1,6.875,7.6522,7.627588888900001,Ametista,2024,Fase 1,3° e 4° ano
RA-1004,ALFA,ALFA J - G2/G3,Feminino,2023,Pública,,,,,,,,2.0,Avaliador-3,Avaliador-13,,,9.502,9.25,7.51,7.5,7.5,7.5,,7.5,5.0,Fase 1 (3° e 4° ano),-1,7.5,8.3137,7.801200000000001,Ametista,2024,Fase 1,3° e 4° ano
RA-1006,ALFA,ALFA J - G2/G3,Feminino,2023,Pública,,,,,,,,2.0,Avaliador-3,Avaliador-13,,,8.502,8.4444444445,7.51,5.0,5.0,5.0,,7.5,5.0,Fase 1 (3° e 4° ano),-1,7.5,8.5922,7.040088888900001,Ametista,2024,Fase 1,3° e 4° ano
RA-1319,ALFA,ALFA J - G2/G3,Masculino,2024,Pública,,,,,,,,2.0,Avaliador-3,Avaliador-13,,,8.502,5.7516339865,7.51,8.5,10.0,7.0,,7.5,5.0,Fase 1 (3° e 4° ano),-1,7.5,,7.201526797300001,Ametista,2024,Fase 1,3° e 4° ano
RA-858,ALFA,ALFA J - G2/G3,Masculino,2022,Pública,,,Ametista,7.523491593073594,,,,2.0,Avaliador-3,Avaliador-13,,,9.002,6.833333333500001,2.51,8.25,10.0,6.5,,7.5,5.0,Fase 1 (3° e 4° ano),-1,7.5,7.248833333,6.917866666700001,Ágata,2024,Fase 1,3° e 4° ano
RA-905,ALFA,ALFA J - G2/G3,Masculino,2023,Pública,,,,,,,,2.0,Avaliador-3,Avaliador-13,,,9.002,7.7794117645,7.51,3.0,2.0,4.0,,6.99,5.0,Fase 2 (5° e 6° ano),-2,6.875,7.831033333,6.3925823529,Ágata,2024,Fase 2,5° e 6° ano
RA-907,ALFA,ALFA J - G2/G3,Feminino,2023,Privada,,,,,,,,2.0,Avaliador-3,Avaliador-13,,,9.002,8.9444444445,7.51,8.75,10.0,7.5,,7.5,5.0,Fase 1 (3° e 4° ano),-1,7.5,8.962033333,7.9400888889,Ametista,2024,Fase 1,3° e 4° ano
RA-1320,ALFA,ALFA J - G2/G3,Masculino,2024,Pública,,,,,,,,2.0,Avaliador-3,Avaliador-13,,,9.002,9.1666666665,7.51,8.25,9.0,7.5,,7.5,5.0,Fase 1 (3° e 4° ano),-1,7.5,,7.8845333333,Ametista,2024,Fase 1,3° e 4° ano
RA-909,ALFA,ALFA J - G2/G3,Feminino,2023,Pública,,,,,,,,2.0,Avaliador-3,Avaliador-13,,,10.002,8.1666666665,7.51,8.25,10.0,6.5,,7.5,5.0,Fase 2 (5° e 6° ano),-2,6.875,8.486033333,7.722033333300001,Ametista,2024,Fase 2,5° e 6° ano
RA-729,ALFA,ALFA J - G2/G3,Feminino,2022,Pública,,,Topázio,8.154543650793652,,,,2.0,Avaliador-3,Avaliador-13,,,8.002,8.4166666665,2.51,6.0,6.0,6.0,,7.5,5.0,Fase 1 (3° e 4° ano),-1,7.5,7.26545,6.684533333300001,Ágata,2024,Fase 1,3° e 4° ano
RA-1321,ALFA,ALFA K - G0/G1,Masculino,2024,Pública,,,,,,,,2.0,Avaliador-12,Avaliador-11,,,9.002,8.875,6.885,8.75,10.0,7.5,,5.915,10.0,ALFA (1° e 2° ano),0,6.5625,,7.95295,Ametista,2024,ALFA,1° e 2° ano
RA-1322,ALFA,ALFA K - G0/G1,Feminino,2024,Pública,,,,,,,,2.0,Avaliador-12,Avaliador-11,,,9.502,9.0,7.51,7.5,8.5,6.5,,8.165,10.0,ALFA (1° e 2° ano),0,8.4375,,8.47795,Topázio,2024,ALFA,1° e 2° ano
RA-1323,ALFA,ALFA K - G0/G1,Masculino,2024,Pública,,,,,,,,2.0,Avaliador-12,Avaliador-11,,,10.002,9.0833333335,7.51,7.0,10.0,4.0,,6.66,5.0,Fase 1 (3° e 4° ano),-1,6.875,,7.487366666700001,Ametista,2024,Fase 1,3° e 4° ano
RA-1324,ALFA,ALFA K - G0/G1,Masculino,2024,Pública,,,,,,,,2.0,Avaliador-12,Avaliador-11,,,10.002,10.0,7.51,8.5,10.0,7.0,,8.0,5.0,Fase 1 (3° e 4° ano),-1,7.8125,,8.332450000000001,Topázio,2024,Fase 1,3° e 4° ano
RA-931,ALFA,ALFA K - G0/G1,Masculino,2023,Pública,,,,,,,,2.0,Avaliador-12,Avaliador-11,,,7.918,8.5833333335,2.51,8.5,8.0,9.0,,6.83,5.0,Fase 1 (3° e 4° ano),-1,7.5,7.3747,7.075466666700001,Ametista,2024,Fase 1,3° e 4° ano
RA-1325,ALFA,ALFA K - G0/G1,Masculino,2024,Pública,,,,,,,,2.0,Avaliador-12,Avaliador-11,,,9.002,9.5227272725,7.51,10.0,10.0,10.0,,7.915,10.0,ALFA (1° e 2° ano),0,8.4375,,8.9824954545,Topázio,2024,ALFA,1° e 2° ano
RA-1326,ALFA,ALFA K - G0/G1,Feminino,2024,Pública,,,,,,,,2.0,Avaliador-12,Avaliador-11,,,9.002,9.2916666665,7.51,4.5,0.0,9.0,,7.245,10.0,ALFA (1° e 2° ano),0,7.8125,,7.6397833333000005,Ametista,2024,ALFA,1° e 2° ano
RA-1327,ALFA,ALFA K - G0/G1,Feminino,2024,Pública,,,,,,,,2.0,Avaliador-12,Avaliador-11,,,9.002,9.3333333335,7.51,7.5,10.0,5.0,,7.325,10.0,ALFA (1° e 2° ano),0,7.8125,,8.264116666700001,Topázio,2024,ALFA,1° e 2° ano
RA-1328,ALFA,ALFA K - G0/G1,Feminino,2024,Pública,,,,,,,,2.0,Avaliador-12,Avaliador-11,,,8.502,8.2083333335,7.51,10.0,10.0,10.0,,7.83,5.0,Fase 1 (3° e 4° ano),-1,7.5,,8.0588666667,Topázio,2024,Fase 1,3° e 4° ano
RA-1329,ALFA,ALFA K - G0/G1,Masculino,2024,Pública,,,,,,,,2.0,Avaliador-12,Avaliador-11,,,9.502,10.0,7.51,6.5,10.0,3.0,,6.66,10.0,ALFA (1° e 2° ano),0,6.5625,,7.98945,Ametista,2024,ALFA,1° e 2° ano
RA-1330,ALFA,ALFA K - G0/G1,Feminino,2024,Pública,,,,,,,,2.0,Avaliador-12,Avaliador-11,,,10.002,9.3333333335,7.51,9.5,10.0,9.0,,7.915,10.0,ALFA (1° e 2° ano),0,8.4375,,8.944616666700002,Topázio,2024,ALFA,1° e 2° ano
RA-1331,ALFA,ALFA K - G0/G1,Feminino,2024,Pública,,,,,,,,2.0,Avaliador-12,Avaliador-11,,,9.002,7.291666666499999,7.51,7.25,8.0,6.5,,7.245,10.0,ALFA (1° e 2° ano),0,8.4375,,7.8522833333,Ametista,2024,ALFA,1° e 2° ano
RA-944,ALFA,ALFA L - G2/G3,Feminino,2023,Pública,,,,,,,,2.0,Avaliador-12,Avaliador-13,,,9.002,7.25,7.51,9.0,10.0,8.0,,7.75,5.0,Fase 2 (5° e 6° ano),-2,8.75,7.0687,7.8262,Ametista,2024,Fase 2,5° e 6° ano
RA-1332,ALFA,ALFA L - G2/G3,Masculino,2024,Pública,,,,,,,,2.0,Avaliador-12,Avaliador-13,,,8.502,9.411764706,7.51,8.25,10.0,6.5,,7.665,5.0,Fase 2 (5° e 6° ano),-2,9.375,,8.1040529412,Topázio,2024,Fase 2,5° e 6° ano
RA-754,ALFA,ALFA L - G2/G3,Masculino,2022,Pública,,,Ágata,6.602085000000001,,,,2.0,Avaliador-12,Avaliador-13,,,8.502,6.25,5.625,6.25,6.0,6.5,,4.75,5.0,Fase 2 (5° e 6° ano),-2,2.5,6.0537,5.6127,Quartzo,2024,Fase 2,5° e 6° ano
RA-1333,ALFA,ALFA L - G2/G3,Masculino,2024,Pública,,,,,,,,2.0,Avaliador-12,Avaliador-13,,,7.502,10.0,6.255,9.25,10.0,8.5,,7.75,5.0,Fase 1 (3° e 4° ano),-1,9.375,,8.213199999999999,Topázio,2024,Fase 1,3° e 4° ano
RA-934,ALFA,ALFA L - G2/G3,Feminino,2023,Pública,,,,,,,,2.0,Avaliador-12,Avaliador-13,,,9.502,9.75,7.51,8.5,10.0,7.0,,7.75,5.0,Fase 1 (3° e 4° ano),-1,9.375,9.1737,8.338700000000001,Topázio,2024,Fase 1,3° e 4° ano
RA-1334,ALFA,ALFA L - G2/G3,Masculino,2024,Pública,,,,,,,,2.0,Avaliador-12,Avaliador-13,,,10.002,10.0,5.625,9.0,10.0,8.0,,7.75,5.0,Fase 1 (3° e 4° ano),-1,9.375,,8.350200000000001,Topázio,2024,Fase 1,3° e 4° ano
RA-941,ALFA,ALFA L - G2/G3,Feminino,2023,Pública,,,,,,,,2.0,Avaliador-12,Avaliador-13,,,8.002,9.25,5.01,8.75,10.0,7.5,,7.665,5.0,Fase 1 (3° e 4° ano),-1,8.125,7.6872,7.746700000000001,Ametista,2024,Fase 1,3° e 4° ano
RA-756,ALFA,ALFA L - G2/G3,Masculino,2022,Pública,,,Ágata,6.9760288087452,,,,2.0,Avaliador-12,Avaliador-13,,,10.002,8.75,7.51,5.5,10.0,1.0,,7.24,5.0,Fase 2 (5° e 6° ano),-2,8.125,7.0927,7.361700000000001,Ametista,2024,Fase 2,5° e 6° ano
RA-1335,ALFA,ALFA L - G2/G3,Masculino,2024,Pública,,,,,,,,2.0,Avaliador-12,Avaliador-13,,,9.002,9.75,7.51,8.75,10.0,7.5,,7.665,5.0,Fase 2 (5° e 6° ano),-2,9.375,,8.3217,Topázio,2024,Fase 2,5° e 6° ano
RA-773,ALFA,ALFA L - G2/G3,Feminino,2022,Pública,,,Ágata,6.921727523809524,,,,2.0,Avaliador-12,Avaliador-13,,,10.002,8.75,2.51,5.0,8.0,2.0,,6.575,5.0,Fase 2 (5° e 6° ano),-2,7.5,6.9287,6.566200000000001,Ágata,2024,Fase 2,5° e 6° ano
RA-938,ALFA,ALFA L - G2/G3,Masculino,2023,Pública,,,,,,,,2.0,Avaliador-12,Avaliador-13,,,9.502,9.544513457499999,7.51,7.75,10.0,5.5,,7.665,5.0,Fase 1 (3° e 4° ano),-1,8.125,6.7372,8.0056026915,Topázio,2024,Fase 1,3° e 4° ano
RA-1336,ALFA,ALFA M - G0/G1,Feminino,2024,Pública,,,,,,,,2.0,Avaliador-3,Avaliador-11,,,9.502,6.2008281575,2.51,9.5,10.0,9.0,,7.75,5.0,Fase 1 (3° e 4° ano),-1,7.5,,7.141365631500001,Ametista,2024,Fase 1,3° e 4° ano
RA-1337,ALFA,ALFA M - G0/G1,Masculino,2024,Pública,,,,,,,,2.0,Avaliador-3,Avaliador-11,,,8.002,4.722222222,7.51,6.0,6.0,6.0,,5.66,5.0,Fase 2 (5° e 6° ano),-2,6.875,,6.015144444400001,Quartzo,2024,Fase 2,5° e 6° ano
RA-1338,ALFA,ALFA M - G0/G1,Masculino,2024,Pública,,,,,,,,2.0,Avaliador-3,Avaliador-11,,,8.002,8.6607142855,7.51,3.0,2.0,4.0,,5.33,5.0,Fase 1 (3° e 4° ano),-1,6.875,,6.1368428571,Ágata,2024,Fase 1,3° e 4° ano
RA-1339,ALFA,ALFA M - G0/G1,Feminino,2024,Pública,,,,,,,,2.0,Avaliador-3,Avaliador-11,,,8.502,10.0,6.885,8.75,10.0,7.5,,5.33,5.0,Fase 1 (3° e 4° ano),-1,5.0,,7.3547,Ametista,2024,Fase 1,3° e 4° ano
RA-1340,ALFA,ALFA M - G0/G1,Feminino,2024,Pública,,,,,,,,2.0,Avaliador-3,Avaliador-11,,,9.502,8.392857143,7.51,10.0,10.0,10.0,,7.0,10.0,ALFA (1° e 2° ano),0,5.625,,8.3422714286,Topázio,2024,ALFA,1° e 2° ano
RA-1341,ALFA,ALFA M - G0/G1,Masculino,2024,Pública,,,,,,,,2.0,Avaliador-3,Avaliador-11,,,10.002,9.246031746,7.51,10.0,10.0,10.0,,6.0,5.0,Fase 1 (3° e 4° ano),-1,5.625,,7.862906349200001,Ametista,2024,Fase 1,3° e 4° ano
RA-947,ALFA,ALFA M - G0/G1,Masculino,2023,Pública,,,,,,,,2.0,Avaliador-3,Avaliador-11,,,9.002,7.619047619,7.51,4.5,4.0,5.0,,4.58,5.0,Fase 1 (3° e 4° ano),-1,5.625,6.3457,6.053509523800001,Quartzo,2024,Fase 1,3° e 4° ano
RA-1342,ALFA,ALFA M - G0/G1,Masculino,2024,Pública,,,,,,,,2.0,Avaliador-3,Avaliador-11,,,9.502,9.761904762,7.51,9.0,10.0,8.0,,5.575,5.0,Fase 1 (3° e 4° ano),-1,7.5,,7.8185809524000005,Ametista,2024,Fase 1,3° e 4° ano
RA-1343,ALFA,ALFA M - G0/G1,Feminino,2024,Pública,,,,,,,,2.0,Avaliador-3,Avaliador-11,,,8.002,10.0,7.51,9.75,10.0,9.5,,8.5,10.0,ALFA (1° e 2° ano),0,6.25,,8.8262,Topázio,2024,ALFA,1° e 2° ano
RA-1344,ALFA,ALFA N - G2/G3,Feminino,2024,Pública,,,,,,,,2.0,Avaliador-13,Avaliador-2,,,8.502,10.0,7.51,10.0,10.0,10.0,,9.425,10.0,ALFA (1° e 2° ano),0,8.75,,9.3612,Topázio,2024,ALFA,1° e 2° ano
RA-945,ALFA,ALFA N - G2/G3,Masculino,2023,Pública,,,,,,,,2.0,Avaliador-13,Avaliador-2,,,9.002,9.511904762,2.51,8.75,10.0,7.5,,6.83,5.0,Fase 1 (3° e 4° ano),-1,7.5,8.0777,7.4195809524000005,Ametista,2024,Fase 1,3° e 4° ano
RA-946,ALFA,ALFA N - G2/G3,Masculino,2023,Pública,,,,,,,,2.0,Avaliador-13,Avaliador-2,,,9.502,8.7976190475,2.51,4.5,3.0,6.0,,7.835,5.0,Fase 1 (3° e 4° ano),-1,7.5,8.5822,6.677723809500001,Ágata,2024,Fase 1,3° e 4° ano
RA-1345,ALFA,ALFA N - G2/G3,Masculino,2023,Pública,,,,,,,,2.0,Avaliador-13,Avaliador-2,,,8.502,9.4590643275,7.51,6.25,6.0,6.5,,6.83,5.0,Fase 1 (3° e 4° ano),-1,6.25,,7.2340128655000004,Ametista,2024,Fase 1,3° e 4° ano
RA-771,ALFA,ALFA N - G2/G3,Feminino,2022,Pública,,,Ametista,7.873412973084886,,,,2.0,Avaliador-13,Avaliador-2,,,8.502,6.619047619,3.135,6.5,6.5,6.5,,6.08,5.0,Fase 1 (3° e 4° ano),-1,5.625,7.056,6.066009523800001,Quartzo,2024,Fase 1,3° e 4° ano
RA-1346,ALFA,ALFA N - G2/G3,Masculino,2024,Pública,,,,,,,,2.0,Avaliador-13,Avaliador-2,,,9.502,8.0595238095,7.51,5.5,5.0,6.0,,6.66,10.0,ALFA (1° e 2° ano),0,6.25,,7.3701047619,Ametista,2024,ALFA,1° e 2° ano
RA-1347,ALFA,ALFA N - G2/G3,Masculino,2024,Pública,,,,,,,,2.0,Avaliador-13,Avaliador-2,,,8.502,8.7857142855,2.51,5.0,5.0,5.0,,6.165,5.0,Fase 1 (3° e 4° ano),-1,5.625,,6.153842857100001,Ágata,2024,Fase 1,3° e 4° ano
RA-949,ALFA,ALFA N - G2/G3,Feminino,2023,Pública,,,,,,,,2.0,Avaliador-13,Avaliador-2,,,9.002,8.7857142855,7.51,6.5,6.0,7.0,,6.495,5.0,Fase 1 (3° e 4° ano),-1,6.25,8.0172,7.1323428571,Ametista,2024,Fase 1,3° e 4° ano
RA-950,ALFA,ALFA N - G2/G3,Feminino,2023,Pública,,,,,,,,2.0,Avaliador-13,Avaliador-2,,,9.502,9.023809524,7.51,7.0,7.5,6.5,,8.0,5.0,Fase 1 (3° e 4° ano),-1,6.875,8.8862,7.693461904800001,Ametista,2024,Fase 1,3° e 4° ano
RA-951,ALFA,ALFA N - G2/G3,Feminino,2023,Privada,,,,,,,,2.0,Avaliador-13,Avaliador-2,,,10.002,9.0357142855,2.51,4.0,5.0,3.0,,7.325,5.0,Fase 1 (3° e 4° ano),-1,6.25,8.8902,6.4483428571,Ágata,2024,Fase 1,3° e 4° ano
RA-1002,ALFA,ALFA N - G2/G3,Feminino,2023,Pública,,,,,,,,2.0,Avaliador-13,Avaliador-2,,,9.002,7.833333333500001,7.51,9.25,10.0,8.5,,8.25,5.0,Fase 1 (3° e 4° ano),-1,7.5,7.9012,7.967866666700001,Ametista,2024,Fase 1,3° e 4° ano
RA-774,ALFA,ALFA N - G2/G3,Feminino,2022,Pública,,,Ametista,7.587060296442688,,,,2.0,Avaliador-13,Avaliador-2,,,10.002,6.3928571430000005,2.51,3.75,2.0,5.5,,6.405,5.0,Fase 1 (3° e 4° ano),-1,6.25,5.852,5.685771428600001,Quartzo,2024,Fase 1,3° e 4° ano
RA-749,ALFA,ALFA O - G2/G3,Masculino,2022,Pública,,,Ametista,7.484211146117041,,,,2.0,Avaliador-12,Avaliador-13,,,9.502,9.7368421055,8.13,8.75,10.0,7.5,,7.665,5.0,Fase 2 (5° e 6° ano),-2,8.4375,7.7597,8.3373184211,Topázio,2024,Fase 2,5° e 6° ano
RA-929,ALFA,ALFA O - G2/G3,Feminino,2023,Pública,,,,,,,,2.0,Avaliador-12,Avaliador-13,,,9.002,9.4736842105,7.51,6.75,7.0,6.5,,7.58,5.0,Fase 1 (3° e 4° ano),-1,8.125,9.1312,7.7244368421,Ametista,2024,Fase 1,3° e 4° ano
RA-930,ALFA,ALFA O - G2/G3,Masculino,2023,Pública,,,,,,,,2.0,Avaliador-12,Avaliador-13,,,8.502,9.7368421055,7.51,8.0,8.0,8.0,,7.5,5.0,Fase 1 (3° e 4° ano),-1,7.8125,8.8872,7.9298184211,Ametista,2024,Fase 1,3° e 4° ano
RA-787,ALFA,ALFA O - G2/G3,Masculino,2022,Pública,,,Ametista,7.205336595776773,,,,2.0,Avaliador-12,Avaliador-13,,,9.002,9.75,7.51,7.25,10.0,4.5,,7.325,5.0,Fase 1 (3° e 4° ano),-1,7.1875,7.5227,7.73495,Ametista,2024,Fase 1,3° e 4° ano
RA-1348,ALFA,ALFA O - G2/G3,Masculino,2024,Pública,,,,,,,,2.0,Avaliador-12,Avaliador-13,,,7.502,8.5913312695,7.51,9.0,10.0,8.0,,7.83,5.0,Fase 1 (3° e 4° ano),-1,8.75,,7.9604662539,Ametista,2024,Fase 1,3° e 4° ano
RA-935,ALFA,ALFA O - G2/G3,Masculino,2023,Pública,,,,,,,,2.0,Avaliador-12,Avaliador-13,,,9.502,10.0,7.51,8.5,10.0,7.0,,7.83,5.0,Fase 1 (3° e 4° ano),-1,8.75,7.9535,8.3422,Topázio,2024,Fase 1,3° e 4° ano
RA-1349,ALFA,ALFA O - G2/G3,Masculino,2024,Pública,,,,,,,,2.0,Avaliador-12,Avaliador-13,,,8.002,8.388888889,7.51,8.5,10.0,7.0,,7.915,5.0,Fase 1 (3° e 4° ano),-1,8.4375,,7.855727777800001,Ametista,2024,Fase 1,3° e 4° ano
RA-937,ALFA,ALFA O - G2/G3,Feminino,2023,Pública,,,,,,,,2.0,Avaliador-12,Avaliador-13,,,10.002,10.0,9.38,7.5,8.0,7.0,,7.83,5.0,Fase 1 (3° e 4° ano),-1,8.75,9.3237,8.3792,Topázio,2024,Fase 1,3° e 4° ano
RA-1350,ALFA,ALFA O - G2/G3,Feminino,2024,Pública,,,,,,,,2.0,Avaliador-12,Avaliador-13,,,8.502,10.0,8.755,8.5,10.0,7.0,,7.83,5.0,Fase 2 (5° e 6° ano),-2,8.4375,,8.335450000000002,Topázio,2024,Fase 2,5° e 6° ano
RA-1351,ALFA,ALFA O - G2/G3,Masculino,2024,Pública,,,,,,,,2.0,Avaliador-12,Avaliador-13,,,9.002,9.230769231,8.13,8.75,10.0,7.5,,7.665,5.0,Fase 1 (3° e 4° ano),-1,8.4375,,8.1861038462,Topázio,2024,Fase 1,3° e 4° ano
RA-959,ALFA,ALFA O - G2/G3,Masculino,2023,Pública,,,,,,,,2.0,Avaliador-12,Avaliador-13,,,10.002,9.7368421055,7.51,9.5,10.0,9.0,,7.5,5.0,Fase 1 (3° e 4° ano),-1,7.8125,8.6677,8.379818421100001,Topázio,2024,Fase 1,3° e 4° ano
RA-1352,ALFA,ALFA O - G2/G3,Masculino,2024,Pública,,,,,,,,2.0,Avaliador-12,Avaliador-13,,,10.002,9.5,8.13,8.5,8.0,9.0,,7.665,5.0,Fase 1 (3° e 4° ano),-1,8.4375,,8.289950000000001,Topázio,2024,Fase 1,3° e 4° ano
RA-1353,ALFA,ALFA Q - G2/G3,Feminino,2024,Pública,,,,,,,,2.0,Avaliador-12,Avaliador-13,,,8.002,9.5,7.51,3.0,3.5,2.5,,6.08,5.0,Fase 1 (3° e 4° ano),-1,6.875,,6.454700000000001,Ágata,2024,Fase 1,3° e 4° ano
RA-1354,ALFA,ALFA Q - G2/G3,Feminino,2024,Pública,,,,,,,,2.0,Avaliador-12,Avaliador-13,,,9.502,8.3636363635,7.51,6.0,6.5,5.5,,7.335,5.0,Fase 1 (3° e 4° ano),-1,8.125,,7.353427272700001,Ametista,2024,Fase 1,3° e 4° ano
RA-979,ALFA,ALFA Q - G2/G3,Masculino,2023,Pública,,,,,,,,2.0,Avaliador-12,Avaliador-13,,,9.502,9.5227272725,7.51,8.25,9.5,7.0,,7.335,5.0,Fase 1 (3° e 4° ano),-1,8.125,8.1617,8.0352454545,Topázio,2024,Fase 1,3° e 4° ano
RA-1355,ALFA,ALFA Q - G2/G3,Masculino,2024,Pública,,,,,,,,2.0,Avaliador-12,Avaliador-13,,,10.002,6.5227272725,7.51,7.0,8.0,6.0,,7.17,5.0,Fase 1 (3° e 4° ano),-1,8.125,,7.202245454500001,Ametista,2024,Fase 1,3° e 4° ano
RA-971,ALFA,ALFA Q - G2/G3,Masculino,2023,Pública,,,,,,,,2.0,Avaliador-12,Avaliador-13,,,7.418,7.909090909,7.51,6.75,8.5,5.0,,6.085,5.0,Fase 1 (3° e 4° ano),-1,7.5,7.0169,6.8916181818,Ágata,2024,Fase 1,3° e 4° ano
RA-972,ALFA,ALFA Q - G2/G3,Masculino,2023,Pública,,,,,,,,2.0,Avaliador-12,Avaliador-13,,,9.502,8.3863636365,7.51,6.75,8.0,5.5,,7.17,5.0,Fase 1 (3° e 4° ano),-1,8.75,7.5427,7.537472727300001,Ametista,2024,Fase 1,3° e 4° ano
RA-965,ALFA,ALFA Q - G2/G3,Feminino,2023,Pública,,,,,,,,2.0,Avaliador-12,Avaliador-13,,,9.002,6.4772727275,7.51,2.25,2.0,2.5,,6.83,5.0,Fase 2 (5° e 6° ano),-2,8.75,6.4832,6.1376545455,Ágata,2024,Fase 2,5° e 6° ano
RA-973,ALFA,ALFA Q - G2/G3,Masculino,2023,Pública,,,,,,,,2.0,Avaliador-12,Avaliador-13,,,10.002,9.318181818,7.51,3.75,6.5,1.0,,6.585,5.0,Fase 2 (5° e 6° ano),-2,7.5,5.82875,6.9318363636,Ágata,2024,Fase 2,5° e 6° ano
RA-1356,ALFA,ALFA Q - G2/G3,Feminino,2024,Pública,,,,,,,,2.0,Avaliador-12,Avaliador-13,,,9.002,9.4444444445,7.51,5.5,5.5,5.5,,7.085,10.0,ALFA (1° e 2° ano),0,8.125,,7.8695888889,Ametista,2024,ALFA,1° e 2° ano
RA-966,ALFA,ALFA Q - G2/G3,Masculino,2023,Pública,,,,,,,,2.0,Avaliador-12,Avaliador-13,,,9.502,8.568181818,7.51,9.0,9.5,8.5,,7.335,5.0,Fase 2 (5° e 6° ano),-2,8.125,7.44345,7.9943363636,Ametista,2024,Fase 2,5° e 6° ano
RA-1357,ALFA,ALFA Q - G2/G3,Masculino,2024,Pública,,,,,,,,2.0,Avaliador-12,Avaliador-13,,,8.002,7.5,7.51,6.75,8.0,5.5,,7.335,5.0,Fase 1 (3° e 4° ano),-1,8.125,,7.1807,Ametista,2024,Fase 1,3° e 4° ano
RA-969,ALFA,ALFA Q - G2/G3,Masculino,2023,Pública,,,,,,,,2.0,Avaliador-12,Avaliador-13,,,9.002,7.8636363634999995,7.51,7.25,9.0,5.5,,7.335,5.0,Fase 1 (3° e 4° ano),-1,8.125,7.7692,7.453427272700001,Ametista,2024,Fase 1,3° e 4° ano
RA-1358,ALFA,ALFA R - G0/G1,Feminino,2024,Pública,,,,,,,,2.0,Avaliador-3,Avaliador-11,,,9.168,7.380952381,5.01,4.0,4.0,4.0,,6.17,10.0,ALFA (1° e 2° ano),0,6.25,,6.552990476200001,Ágata,2024,ALFA,1° e 2° ano
RA-1359,ALFA,ALFA R - G0/G1,Feminino,2024,Pública,,,,,,,,2.0,Avaliador-3,Avaliador-11,,,8.502,9.0,5.635,6.0,4.0,8.0,,6.17,10.0,ALFA (1° e 2° ano),0,5.625,,7.2102,Ametista,2024,ALFA,1° e 2° ano
RA-1360,ALFA,ALFA R - G0/G1,Masculino,2024,Pública,,,,,,,,2.0,Avaliador-3,Avaliador-11,,,8.502,7.0018115945,7.51,5.0,0.0,10.0,,6.42,10.0,ALFA (1° e 2° ano),0,5.625,,6.8480623189,Ágata,2024,ALFA,1° e 2° ano
RA-1361,ALFA,ALFA R - G0/G1,Feminino,2024,Pública,,,,,,,,2.0,Avaliador-3,Avaliador-11,,,9.502,9.375,5.635,10.0,10.0,10.0,,8.0,10.0,ALFA (1° e 2° ano),0,7.5,,8.738700000000001,Topázio,2024,ALFA,1° e 2° ano
RA-975,ALFA,ALFA R - G0/G1,Feminino,2023,Pública,,,,,,,,2.0,Avaliador-3,Avaliador-11,,,8.502,7.708333333500001,5.01,8.0,8.0,8.0,,7.33,5.0,Fase 1 (3° e 4° ano),-1,6.875,7.7803,7.1463666667000005,Ametista,2024,Fase 1,3° e 4° ano
RA-1362,ALFA,ALFA R - G0/G1,Masculino,2024,Pública,,,,,,,,2.0,Avaliador-3,Avaliador-11,,,10.002,6.875,5.635,8.5,8.0,9.0,,6.915,10.0,ALFA (1° e 2° ano),0,6.875,,7.709200000000001,Ametista,2024,ALFA,1° e 2° ano
RA-977,ALFA,ALFA R - G0/G1,Feminino,2023,Pública,,,,,,,,2.0,Avaliador-3,Avaliador-11,,,10.002,7.291666666499999,6.26,7.0,5.0,9.0,,7.58,5.0,Fase 1 (3° e 4° ano),-1,6.875,7.1717,7.188033333300001,Ametista,2024,Fase 1,3° e 4° ano
RA-1363,ALFA,ALFA S - G2/G3,Feminino,2024,Pública,,,,,,,,2.0,Avaliador-3,Avaliador-13,,,7.418,10.0,5.635,6.5,6.5,6.5,,6.99,10.0,ALFA (1° e 2° ano),0,6.875,,7.690800000000001,Ametista,2024,ALFA,1° e 2° ano
RA-981,ALFA,ALFA S - G2/G3,Feminino,2023,Pública,,,,,,,,2.0,Avaliador-3,Avaliador-13,,,9.002,7.010869565,6.26,6.0,6.0,6.0,,6.99,5.0,Fase 1 (3° e 4° ano),-1,6.25,7.5367,6.6513739130000005,Ágata,2024,Fase 1,3° e 4° ano
RA-1364,ALFA,ALFA S - G2/G3,Masculino,2024,Pública,,,,,,,,2.0,Avaliador-3,Avaliador-13,,,8.002,8.4166666665,7.51,8.75,9.5,8.0,,6.99,5.0,Fase 1 (3° e 4° ano),-1,6.875,,7.570033333300001,Ametista,2024,Fase 1,3° e 4° ano
RA-1365,ALFA,ALFA S - G2/G3,Masculino,2024,Pública,,,,,,,,2.0,Avaliador-3,Avaliador-13,,,9.002,9.7916666665,6.26,6.5,5.5,7.5,,6.99,5.0,Fase 1 (3° e 4° ano),-1,6.875,,7.3700333333,Ametista,2024,Fase 1,3° e 4° ano
RA-1366,ALFA,ALFA S - G2/G3,Feminino,2024,Pública,,,,,,,,2.0,Avaliador-3,Avaliador-13,,,9.002,6.6032608695,7.51,6.5,6.5,6.5,,6.99,5.0,Fase 1 (3° e 4° ano),-1,7.5,,6.919852173900001,Ágata,2024,Fase 1,3° e 4° ano
RA-974,ALFA,ALFA S - G2/G3,Masculino,2023,Pública,,,,,,,,2.0,Avaliador-3,Avaliador-13,,,9.502,9.282608695499999,7.51,6.5,6.0,7.0,,7.5,5.0,Fase 1 (3° e 4° ano),-1,7.5,8.4752,7.6077217391,Ametista,2024,Fase 1,3° e 4° ano
RA-1367,ALFA,ALFA S - G2/G3,Feminino,2024,Pública,,,,,,,,2.0,Avaliador-3,Avaliador-13,,,10.002,8.3804347825,7.51,8.75,9.0,8.5,,7.5,10.0,ALFA (1° e 2° ano),0,7.5,,8.427286956500001,Topázio,2024,ALFA,1° e 2° ano
RA-1368,ALFA,ALFA S - G2/G3,Masculino,2024,Pública,,,,,,,,2.0,Avaliador-3,Avaliador-13,,,7.002,10.0,7.51,9.5,10.0,9.0,,7.5,10.0,ALFA (1° e 2° ano),0,7.5,,8.6012,Topázio,2024,ALFA,1° e 2° ano
RA-1369,ALFA,ALFA S - G2/G3,Feminino,2024,Pública,,,,,,,,2.0,Avaliador-3,Avaliador-13,,,8.502,8.6304347825,6.26,8.0,8.0,8.0,,7.5,10.0,ALFA (1° e 2° ano),0,7.5,,8.052286956500001,Topázio,2024,ALFA,1° e 2° ano
RA-978,ALFA,ALFA S - G2/G3,Feminino,2023,Pública,,,,,,,,2.0,Avaliador-3,Avaliador-13,,,9.502,9.5,6.26,6.5,6.0,7.0,,7.5,5.0,Fase 1 (3° e 4° ano),-1,6.875,8.3877,7.4637,Ametista,2024,Fase 1,3° e 4° ano
RA-1370,ALFA,ALFA S - G2/G3,Masculino,2024,Pública,,,,,,,,2.0,Avaliador-3,Avaliador-13,,,10.002,8.722222222,7.51,9.0,10.0,8.0,,7.5,5.0,Fase 1 (3° e 4° ano),-1,7.5,,8.0456444444,Topázio,2024,Fase 1,3° e 4° ano
RA-1371,ALFA,ALFA S - G2/G3,Feminino,2024,Pública,,,,,,,,2.0,Avaliador-3,Avaliador-13,,,7.502,6.9782608695,7.51,4.5,3.0,6.0,,7.5,5.0,Fase 1 (3° e 4° ano),-1,6.875,,6.4843521739,Ágata,2024,Fase 1,3° e 4° ano
RA-1372,ALFA,ALFA T - G2/G3,Feminino,2024,Pública,,,,,,,,2.0,Avaliador-3,Avaliador-13,,,9.502,10.0,8.13,4.75,3.0,6.5,,7.5,10.0,ALFA (1° e 2° ano),0,7.5,,7.9632000000000005,Ametista,2024,ALFA,1° e 2° ano
RA-1373,ALFA,ALFA T - G2/G3,Feminino,2024,Pública,,,,,,,,2.0,Avaliador-3,Avaliador-13,,,9.502,8.8804347825,7.51,6.75,6.0,7.5,,7.5,5.0,Fase 1 (3° e 4° ano),-1,7.5,,7.577286956500001,Ametista,2024,Fase 1,3° e 4° ano
RA-1374,ALFA,ALFA T - G2/G3,Masculino,2024,Pública,,,,,,,,2.0,Avaliador-3,Avaliador-13,,,9.502,9.347826087,7.51,5.25,5.0,5.5,,7.5,5.0,Fase 1 (3° e 4° ano),-1,7.5,,7.3707652174,Ametista,2024,Fase 1,3° e 4° ano
RA-1375,ALFA,ALFA T - G2/G3,Masculino,2024,Pública,,,,,,,,2.0,Avaliador-3,Avaliador-13,,,9.502,10.0,7.51,8.25,10.0,6.5,,7.5,5.0,Fase 1 (3° e 4° ano),-1,7.5,,8.101200000000002,Topázio,2024,Fase 1,3° e 4° ano
RA-1376,ALFA,ALFA T - G2/G3,Masculino,2024,Pública,,,,,,,,2.0,Avaliador-3,Avaliador-13,,,9.002,9.6153846155,7.51,9.75,10.0,9.5,,7.5,5.0,Fase 1 (3° e 4° ano),-1,7.5,,8.2742769231,Topázio,2024,Fase 1,3° e 4° ano
RA-994,ALFA,ALFA T - G2/G3,Feminino,2023,Pública,,,,,,,,2.0,Avaliador-3,Avaliador-13,,,9.002,9.532608695499999,6.88,8.25,10.0,6.5,,7.33,5.0,Fase 1 (3° e 4° ano),-1,6.875,7.4127,7.7982217391,Ametista,2024,Fase 1,3° e 4° ano
RA-1377,ALFA,ALFA T - G2/G3,Masculino,2024,Pública,,,,,,,,2.0,Avaliador-3,Avaliador-13,,,9.002,10.0,8.13,5.5,5.0,6.0,,6.99,10.0,ALFA (1° e 2° ano),0,6.875,,7.8987,Ametista,2024,ALFA,1° e 2° ano
RA-1378,ALFA,ALFA U - G2/G3,Feminino,2024,Pública,,,,,,,,2.0,Avaliador-3,Avaliador-13,,,9.002,9.2857142855,8.13,6.75,7.5,6.0,,7.5,5.0,Fase 1 (3° e 4° ano),-1,7.5,,7.6703428571,Ametista,2024,Fase 1,3° e 4° ano
RA-1379,ALFA,ALFA U - G2/G3,Masculino,2024,Pública,,,,,,,,2.0,Avaliador-3,Avaliador-13,,,9.502,8.6842105265,3.755,7.25,8.5,6.0,,5.16,5.0,Fase 1 (3° e 4° ano),-1,5.9375,,6.638292105300001,Ágata,2024,Fase 1,3° e 4° ano
RA-1380,ALFA,ALFA U - G2/G3,Masculino,2024,Pública,,,,,,,,2.0,Avaliador-3,Avaliador-13,,,9.502,8.784461152999999,4.385,8.0,10.0,6.0,,7.5,10.0,ALFA (1° e 2° ano),0,7.1875,,7.964342230600001,Ametista,2024,ALFA,1° e 2° ano
RA-770,ALFA,ALFA U - G2/G3,Masculino,2022,Pública,,,Topázio,8.143474555555557,,,,2.0,Avaliador-3,Avaliador-13,,,10.002,9.022556391,7.51,5.0,4.0,6.0,,7.5,5.0,Fase 1 (3° e 4° ano),-1,7.5,6.6785,7.3057112782,Ametista,2024,Fase 1,3° e 4° ano
RA-1381,ALFA,ALFA U - G2/G3,Feminino,2024,Pública,,,,,,,,2.0,Avaliador-3,Avaliador-13,,,9.502,10.0,8.13,9.5,10.0,9.0,,7.5,10.0,ALFA (1° e 2° ano),0,8.75,,9.038200000000002,Topázio,2024,ALFA,1° e 2° ano
RA-1382,ALFA,ALFA U - G2/G3,Feminino,2024,Pública,,,,,,,,2.0,Avaliador-3,Avaliador-13,,,8.502,9.761904762,7.51,7.5,8.0,7.0,,7.5,5.0,Fase 1 (3° e 4° ano),-1,7.8125,,7.834830952400001,Ametista,2024,Fase 1,3° e 4° ano
RA-1383,ALFA,ALFA U - G2/G3,Feminino,2024,Pública,,,,,,,,2.0,Avaliador-3,Avaliador-13,,,8.502,9.2606516295,7.51,8.5,10.0,7.0,,7.5,10.0,ALFA (1° e 2° ano),0,7.1875,,8.3720803259,Topázio,2024,ALFA,1° e 2° ano
RA-1384,ALFA,ALFA U - G2/G3,Masculino,2024,Pública,,,,,,,,2.0,Avaliador-3,Avaliador-13,,,8.002,7.5689223055,7.51,5.0,5.0,5.0,,5.16,5.0,Fase 2 (5° e 6° ano),-2,6.25,,6.221984461100001,Ágata,2024,Fase 2,5° e 6° ano
RA-1385,ALFA,ALFA U - G2/G3,Masculino,2024,Pública,,,,,,,,2.0,Avaliador-3,Avaliador-13,,,10.002,10.0,4.385,8.0,9.0,7.0,,7.5,5.0,Fase 1 (3° e 4° ano),-1,6.875,,7.7262,Ametista,2024,Fase 1,3° e 4° ano
RA-1386,ALFA,ALFA U - G2/G3,Feminino,2024,Pública,,,,,,,,2.0,Avaliador-3,Avaliador-13,,,9.002,9.761904762,7.51,7.25,8.5,6.0,,7.5,5.0,Fase 1 (3° e 4° ano),-1,7.5,,7.803580952400001,Ametista,2024,Fase 1,3° e 4° ano
RA-1387,ALFA,ALFA U - G2/G3,Feminino,2024,Pública,,,,,,,,2.0,Avaliador-3,Avaliador-13,,,9.502,8.759398496,7.51,8.0,9.0,7.0,,7.5,5.0,Fase 1 (3° e 4° ano),-1,7.5,,7.8030796992,Ametista,2024,Fase 1,3° e 4° ano
RA-1388,ALFA,ALFA Y - G0/G1,Feminino,2024,Pública,,,,,,,,2.0,Avaliador-11,Avaliador-2,,,9.002,8.214285713999999,6.88,5.0,4.0,6.0,,7.67,5.0,Fase 1 (3° e 4° ano),-1,7.5,,7.015057142799999,Ametista,2024,Fase 1,3° e 4° ano
RA-1389,ALFA,ALFA Y - G0/G1,Feminino,2024,Pública,,,,,,,,2.0,Avaliador-11,Avaliador-2,,,9.002,9.7916666665,6.88,10.0,10.0,10.0,,8.42,10.0,ALFA (1° e 2° ano),0,7.5,,8.980533333299999,Topázio,2024,ALFA,1° e 2° ano
RA-1390,ALFA,ALFA Y - G0/G1,Feminino,2024,Pública,,,,,,,,2.0,Avaliador-11,Avaliador-2,,,9.502,9.7916666665,5.005,8.25,8.0,8.5,,8.42,10.0,ALFA (1° e 2° ano),0,7.5,,8.4930333333,Topázio,2024,ALFA,1° e 2° ano
RA-1391,ALFA,ALFA Y - G0/G1,Masculino,2024,Pública,,,,,,,,2.0,Avaliador-11,Avaliador-2,,,8.502,9.2916666665,7.51,10.0,10.0,10.0,,8.17,10.0,ALFA (1° e 2° ano),0,7.5,,8.8435333333,Topázio,2024,ALFA,1° e 2° ano
RA-1392,ALFA,ALFA Y - G0/G1,Masculino,2024,Pública,,,,,,,,2.0,Avaliador-11,Avaliador-2,,,9.002,5.625,7.51,0.0,0.0,0.0,,7.0,5.0,Fase 1 (3° e 4° ano),-1,7.5,,5.4262,Quartzo,2024,Fase 1,3° e 4° ano
RA-1393,ALFA,ALFA Y - G0/G1,Feminino,2024,Pública,,,,,,,,2.0,Avaliador-11,Avaliador-2,,,9.502,7.5,3.755,5.0,10.0,0.0,,8.42,10.0,ALFA (1° e 2° ano),0,7.5,,7.2597000000000005,Ametista,2024,ALFA,1° e 2° ano
RA-990,1A,1A,Masculino,2023,Pública,,,,,,,,3.0,Avaliador-14,Avaliador-3,Avaliador-15,,9.502,7.5,7.51,8.0,9.5,6.5,,8.336666667,5.0,Fase 2 (5° e 6° ano),-1,8.4375,7.254,7.812283333400001,Ametista,2024,Fase 2,5° e 6° ano
RA-1394,1A,1A,Feminino,2024,Pública,,,,,,,,3.0,Avaliador-14,Avaliador-3,Avaliador-15,,9.502,8.6944444445,7.51,5.75,5.5,6.0,,8.003333333,5.0,Fase 2 (5° e 6° ano),-1,8.125,,7.503255555500002,Ametista,2024,Fase 2,5° e 6° ano
RA-991,1A,1A,Feminino,2023,Pública,,,,,,,,3.0,Avaliador-14,Avaliador-3,Avaliador-15,,9.002,8.181818182,6.26,6.5,7.0,6.0,,6.723333333,5.0,Fase 2 (5° e 6° ano),-1,7.5,7.7687,7.057230303000001,Ametista,2024,Fase 2,5° e 6° ano
RA-1018,1A,1A,Masculino,2023,Pública,,,,,,,,3.0,Avaliador-14,Avaliador-3,Avaliador-15,,8.502,7.727272727,6.26,8.25,8.5,8.0,,8.45,5.0,Fase 2 (5° e 6° ano),-1,8.4375,6.824,7.7054045454,Ametista,2024,Fase 2,5° e 6° ano
RA-1395,1A,1A,Feminino,2024,Pública,,,,,,,,3.0,Avaliador-14,Avaliador-3,Avaliador-15,,9.502,10.0,7.51,7.75,7.5,8.0,,7.836666667,10.0,Fase 1 (3° e 4° ano),0,7.8125,,8.5997833334,Topázio,2024,Fase 1,3° e 4° ano
RA-1396,1A,1A,Feminino,2024,Pública,,,,,,,,3.0,Avaliador-14,Avaliador-3,Avaliador-15,,9.502,10.0,7.51,6.5,6.0,7.0,,7.67,5.0,Fase 2 (5° e 6° ano),-1,8.125,,7.8477,Ametista,2024,Fase 2,5° e 6° ano
RA-1025,1A,1A,Masculino,2023,Pública,,,,,,,,3.0,Avaliador-14,Avaliador-3,Avaliador-15,,9.002,7.727272727,7.51,9.0,10.0,8.0,,7.783333333,5.0,Fase 2 (5° e 6° ano),-1,8.4375,8.215158333,7.897071212,Ametista,2024,Fase 2,5° e 6° ano
RA-1019,1A,1A,Feminino,2023,Pública,,,,,,,,3.0,Avaliador-14,Avaliador-3,Avaliador-15,,9.502,9.3073593075,6.26,8.75,9.5,8.0,,8.616666667,10.0,Fase 1 (3° e 4° ano),0,7.8125,7.177033333,8.692255194900001,Topázio,2024,Fase 1,3° e 4° ano
RA-879,1A,1A,Feminino,2023,Pública,,,,,,,,3.0,Avaliador-14,Avaliador-3,Avaliador-15,,9.502,9.090909091,6.26,8.5,8.0,9.0,,8.67,5.0,Fase 2 (5° e 6° ano),-1,7.8125,6.8225,8.1096318182,Topázio,2024,Fase 2,5° e 6° ano
RA-1020,1A,1A,Feminino,2023,Pública,,,,,,,,3.0,Avaliador-14,Avaliador-3,Avaliador-15,,9.002,9.7727272725,6.88,9.0,10.0,8.0,,8.84,10.0,Fase 1 (3° e 4° ano),0,8.4375,7.612283333,8.9544954545,Topázio,2024,Fase 1,3° e 4° ano
RA-1021,1A,1A,Masculino,2023,Pública,,,,,,,,3.0,Avaliador-14,Avaliador-3,Avaliador-15,,9.502,9.318181818,7.51,8.0,9.0,7.0,,7.95,5.0,Fase 2 (5° e 6° ano),-1,8.4375,6.964616667,8.0985863636,Topázio,2024,Fase 2,5° e 6° ano
RA-1022,1A,1A,Masculino,2023,Pública,,,,,,,,3.0,Avaliador-14,Avaliador-3,Avaliador-15,,9.502,9.318181818,6.26,6.5,5.5,7.5,,8.116666667,5.0,Fase 2 (5° e 6° ano),-1,7.5,7.164616667,7.613169697000002,Ametista,2024,Fase 2,5° e 6° ano
RA-1397,1A,1A,Feminino,2024,Pública,,,,,,,,3.0,Avaliador-14,Avaliador-3,Avaliador-15,,9.002,10.0,6.26,7.0,7.0,7.0,,7.946666667,5.0,Fase 2 (5° e 6° ano),-1,8.125,,7.8280333334000005,Ametista,2024,Fase 2,5° e 6° ano
RA-699,1A,1A,Masculino,2022,Pública,,,Ágata,6.657746209461563,,,,3.0,Avaliador-14,Avaliador-3,Avaliador-15,,6.334,7.727272727000001,6.26,6.5,7.0,6.0,,5.833333333,5.0,Fase 2 (5° e 6° ano),-1,6.5625,6.389991667,6.427771212000001,Ágata,2024,Fase 2,5° e 6° ano
RA-1398,1B,1B,Feminino,2024,Pública,,,,,,,,3.0,Avaliador-14,Avaliador-3,Avaliador-15,,6.918,9.555335968,7.51,8.0,8.0,8.0,,8.616666667,5.0,Fase 2 (5° e 6° ano),-1,8.125,,7.989700527000001,Ametista,2024,Fase 2,5° e 6° ano
RA-871,1B,1B,Masculino,2023,Pública,,,,,,,,3.0,Avaliador-14,Avaliador-3,Avaliador-15,,8.502,9.328063240999999,4.38,7.25,6.0,8.5,,5.783333333,10.0,Fase 1 (3° e 4° ano),0,5.3125,6.8617,7.2917293147999995,Ametista,2024,Fase 1,3° e 4° ano
RA-1399,1B,1B,Feminino,2024,Pública,,,,,,,,3.0,Avaliador-14,Avaliador-3,Avaliador-15,,9.002,9.7727272725,5.005,6.0,6.0,6.0,,8.166666667,5.0,Fase 2 (5° e 6° ano),-1,7.5,,7.438578787899999,Ametista,2024,Fase 2,5° e 6° ano
RA-873,1B,1B,Feminino,2023,Pública,,,,,,,,3.0,Avaliador-14,Avaliador-3,Avaliador-15,,8.002,10.0,6.88,6.75,7.0,6.5,,7.77,5.0,Fase 3 (7° e 8° ano),-2,7.1875,7.8012,7.61095,Ametista,2024,Fase 3,7° e 8° ano
RA-898,1B,1B,Masculino,2023,Pública,,,,,,,,3.0,Avaliador-14,Avaliador-3,Avaliador-15,,6.418,10.0,7.51,7.5,9.0,6.0,,8.616666667,5.0,Fase 2 (5° e 6° ano),-1,7.5,8.4217,7.8661333334000005,Ametista,2024,Fase 2,5° e 6° ano
RA-750,1B,1B,Masculino,2021,Pública,Ágata,Ágata,Ágata,6.344244591269144,,,,3.0,Avaliador-14,Avaliador-3,Avaliador-15,,6.249,5.938735178,4.38,3.75,0.5,7.0,,3.176666667,5.0,Fase 3 (7° e 8° ano),-2,4.0625,5.6857,4.542230369,Quartzo,2024,Fase 3,7° e 8° ano
RA-899,1B,1B,Masculino,2023,Pública,,,,,,,,3.0,Avaliador-14,Avaliador-3,Avaliador-15,,10.002,9.1007905135,5.635,8.25,8.0,8.5,,7.893333333,10.0,Fase 1 (3° e 4° ano),0,8.125,8.8452,8.425024769300002,Topázio,2024,Fase 1,3° e 4° ano
RA-878,1B,1B,Masculino,2023,Pública,,,,,,,,3.0,Avaliador-14,Avaliador-3,Avaliador-15,,9.002,6.1363636360000005,4.38,6.75,6.0,7.5,,6.996666667,5.0,Fase 2 (5° e 6° ano),-1,7.1875,6.24,6.5335560606000005,Ágata,2024,Fase 2,5° e 6° ano
RA-893,1B,1B,Masculino,2023,Pública,,,,,,,,3.0,Avaliador-14,Avaliador-3,Avaliador-15,,9.002,10.0,7.51,9.25,10.0,8.5,,7.886666667,10.0,Fase 1 (3° e 4° ano),0,8.125,8.8042,8.8910333334,Topázio,2024,Fase 1,3° e 4° ano
RA-1024,1B,1B,Feminino,2023,Pública,,,,,,,,3.0,Avaliador-14,Avaliador-3,Avaliador-15,,8.002,10.0,7.51,10.0,10.0,10.0,,8.783333333,5.0,Fase 2 (5° e 6° ano),-1,8.4375,7.788875,8.6516166666,Topázio,2024,Fase 2,5° e 6° ano
RA-900,1B,1B,Feminino,2023,Pública,,,,,,,,3.0,Avaliador-14,Avaliador-3,Avaliador-15,,9.002,9.318181818,8.13,8.5,8.0,9.0,,8.563333333,10.0,Fase 1 (3° e 4° ano),0,8.125,8.8947,8.802003030200002,Topázio,2024,Fase 1,3° e 4° ano
RA-903,1B,1B,Feminino,2023,Pública,,,,,,,,3.0,Avaliador-14,Avaliador-3,Avaliador-15,,10.002,9.7727272725,7.505,5.0,6.0,4.0,,7.946666667,10.0,Fase 1 (3° e 4° ano),0,7.8125,8.5242,8.0758287879,Topázio,2024,Fase 1,3° e 4° ano
RA-1400,1B,1B,Masculino,2024,Pública,,,,,,,,3.0,Avaliador-14,Avaliador-3,Avaliador-15,,8.418,6.6501976285,7.51,7.25,6.5,8.0,,7.5,10.0,Fase 1 (3° e 4° ano),0,7.5,,7.622839525700001,Ametista,2024,Fase 1,3° e 4° ano
RA-851,1B,1B,Masculino,2022,Pública,,,Ametista,7.515200746031747,,,,3.0,Avaliador-14,Avaliador-3,Avaliador-15,,9.002,7.3221343875,5.63,6.0,5.0,7.0,,5.106666667,5.0,Fase 2 (5° e 6° ano),-1,5.625,6.1683,6.2114602109,Ágata,2024,Fase 2,5° e 6° ano
RA-1028,1B,1B,Masculino,2023,Pública,,,,,,,,3.0,Avaliador-14,Avaliador-3,Avaliador-15,,8.002,7.055335968,5.63,7.5,6.0,9.0,,8.393333333,5.0,Fase 3 (7° e 8° ano),-2,6.875,6.415708333,7.1404338602,Ametista,2024,Fase 3,7° e 8° ano
RA-922,1C,1C,Feminino,2023,Pública,,,,,,,,2.0,Avaliador-3,Avaliador-15,,,9.002,9.5227272725,7.51,7.75,7.5,8.0,,8.17,10.0,Fase 1 (3° e 4° ano),0,7.8125,8.5262,8.5209954545,Topázio,2024,Fase 1,3° e 4° ano
RA-684,1C,1C,Masculino,2022,Privada,,,Topázio,8.259504831168831,,,,2.0,Avaliador-3,Avaliador-15,,,10.002,9.090909091,7.51,4.25,2.5,6.0,,8.0,10.0,Fase 1 (3° e 4° ano),0,7.5,7.4277,7.769381818200001,Ametista,2024,Fase 1,3° e 4° ano
RA-1031,1C,1C,Masculino,2023,Pública,,,,,,,,2.0,Avaliador-3,Avaliador-15,,,9.502,8.6363636365,7.51,6.25,5.5,7.0,,5.83,5.0,Fase 2 (5° e 6° ano),-1,5.3125,7.0602,6.8757227273,Ágata,2024,Fase 2,5° e 6° ano
RA-892,1C,1C,Masculino,2023,Pública,,,,,,,,2.0,Avaliador-3,Avaliador-15,,,8.002,10.0,7.51,8.75,10.0,7.5,,7.92,10.0,Fase 1 (3° e 4° ano),0,8.125,8.8112,8.697700000000001,Topázio,2024,Fase 1,3° e 4° ano
RA-1029,1C,1C,Feminino,2023,Pública,,,,,,,,2.0,Avaliador-3,Avaliador-15,,,9.002,8.7954545455,6.885,8.75,8.0,9.5,,7.25,5.0,Fase 2 (5° e 6° ano),-1,7.5,7.058533333,7.797790909100001,Ametista,2024,Fase 2,5° e 6° ano
RA-1032,1C,1C,Masculino,2023,Pública,,,,,,,,2.0,Avaliador-3,Avaliador-15,,,8.502,9.75,7.51,8.0,9.0,7.0,,7.92,5.0,Fase 2 (5° e 6° ano),-1,7.8125,7.434033333,8.01645,Topázio,2024,Fase 2,5° e 6° ano
RA-894,1C,1C,Feminino,2023,Pública,,,,,,,,2.0,Avaliador-3,Avaliador-15,,,10.002,10.0,7.51,9.5,9.0,10.0,,8.42,5.0,Fase 2 (5° e 6° ano),-1,8.4375,8.8142,8.67895,Topázio,2024,Fase 2,5° e 6° ano
RA-1401,1C,1C,Masculino,2024,Pública,,,,,,,,2.0,Avaliador-3,Avaliador-15,,,6.918,8.888888889,7.51,10.0,10.0,10.0,,8.085,5.0,Fase 3 (7° e 8° ano),-2,7.8125,,8.1188277778,Topázio,2024,Fase 3,7° e 8° ano
RA-896,1C,1C,Masculino,2023,Pública,,,,,,,,2.0,Avaliador-3,Avaliador-15,,,8.502,9.7727272725,7.51,6.5,6.5,6.5,,8.085,10.0,Fase 1 (3° e 4° ano),0,8.125,9.0912,8.2852454545,Topázio,2024,Fase 1,3° e 4° ano
RA-693,1C,1C,Feminino,2022,Pública,,,Ametista,7.9440482857142865,,,,2.0,Avaliador-3,Avaliador-15,,,10.002,9.5227272725,9.38,8.0,8.0,8.0,,8.42,10.0,Fase 1 (3° e 4° ano),0,7.8125,9.0112,8.9079954545,Topázio,2024,Fase 1,3° e 4° ano
RA-743,1C,1C,Feminino,2022,Pública,,,Ágata,6.671589693957115,,,,2.0,Avaliador-3,Avaliador-15,,,9.002,9.2727272725,7.51,7.0,6.5,7.5,,7.5,5.0,Fase 2 (5° e 6° ano),-1,7.5,6.659,7.655745454500001,Ametista,2024,Fase 2,5° e 6° ano
RA-681,1C,1C,Masculino,2022,Privada,,,Ametista,7.203704703703704,,,,2.0,Avaliador-3,Avaliador-15,,,9.502,7.840909091,6.26,2.5,5.0,0.0,,6.665,5.0,Fase 2 (5° e 6° ano),-1,5.625,6.2955,6.0398818182000005,Quartzo,2024,Fase 2,5° e 6° ano
RA-1035,1C,1C,Masculino,2023,Pública,,,,,,,,2.0,Avaliador-3,Avaliador-15,,,9.502,9.0227272725,7.51,7.0,6.5,7.5,,7.92,5.0,Fase 2 (5° e 6° ano),-1,8.4375,6.888833333,7.833495454500001,Ametista,2024,Fase 2,5° e 6° ano
RA-850,1C,1C,Masculino,2022,Pública,,,Ametista,7.640722218045114,,,,2.0,Avaliador-3,Avaliador-15,,,10.002,9.2727272725,6.255,7.75,6.0,9.5,,7.92,5.0,Fase 2 (5° e 6° ano),-1,7.5,6.06525,7.864245454500001,Ametista,2024,Fase 2,5° e 6° ano
RA-1402,1D,1D,Feminino,2024,Pública,,,,,,,,2.0,Avaliador-3,Avaliador-15,,,10.002,9.5454545455,7.51,7.25,7.0,7.5,,8.17,10.0,Fase 1 (3° e 4° ano),0,8.4375,,8.588040909100002,Topázio,2024,Fase 1,3° e 4° ano
RA-1403,1D,1D,Feminino,2024,Pública,,,,,,,,2.0,Avaliador-3,Avaliador-15,,,9.002,9.3073593075,7.51,8.75,7.5,10.0,,8.255,5.0,Fase 2 (5° e 6° ano),-1,8.4375,,8.257421861500001,Topázio,2024,Fase 2,5° e 6° ano
RA-1404,1D,1D,Feminino,2024,Pública,,,,,,,,2.0,Avaliador-3,Avaliador-15,,,8.502,9.090909091,7.51,7.5,6.0,9.0,,8.17,10.0,Fase 1 (3° e 4° ano),0,8.4375,,8.3971318182,Topázio,2024,Fase 1,3° e 4° ano
RA-923,1D,1D,Feminino,2023,Pública,,,,,,,,2.0,Avaliador-3,Avaliador-15,,,8.002,7.9545454545,7.51,5.5,5.0,6.0,,8.17,10.0,Fase 1 (3° e 4° ano),0,8.125,8.8842,7.688609090900001,Ametista,2024,Fase 1,3° e 4° ano
RA-847,1D,1D,Masculino,2022,Pública,,,Ágata,6.83936507936508,,,,2.0,Avaliador-3,Avaliador-15,,,9.002,4.5454545455,5.01,1.0,0.0,2.0,,6.245,5.0,Fase 2 (5° e 6° ano),-1,7.5,6.5418,5.009290909100001,Quartzo,2024,Fase 2,5° e 6° ano
RA-1405,1D,1D,Feminino,2024,Pública,,,,,,,,2.0,Avaliador-3,Avaliador-15,,,8.002,8.6363636365,7.51,8.75,8.0,9.5,,8.17,10.0,Fase 1 (3° e 4° ano),0,8.125,,8.4749727273,Topázio,2024,Fase 1,3° e 4° ano
RA-1406,1D,1D,Feminino,2024,Pública,,,,,,,,2.0,Avaliador-3,Avaliador-15,,,8.002,8.8636363635,7.51,7.5,5.5,9.5,,8.255,5.0,Fase 2 (5° e 6° ano),-1,8.4375,,7.8186772727000005,Ametista,2024,Fase 2,5° e 6° ano
RA-1407,1D,1D,Masculino,2024,Pública,,,,,,,,2.0,Avaliador-3,Avaliador-15,,,10.002,9.318181818,7.51,5.75,5.5,6.0,,7.5,5.0,Fase 2 (5° e 6° ano),-1,7.8125,,7.546086363600001,Ametista,2024,Fase 2,5° e 6° ano
RA-1408,1D,1D,Masculino,2024,Pública,,,,,,,,2.0,Avaliador-3,Avaliador-15,,,10.002,8.409090909,7.51,6.75,5.5,8.0,,7.5,5.0,Fase 2 (5° e 6° ano),-1,8.4375,,7.626768181800001,Ametista,2024,Fase 2,5° e 6° ano
RA-1409,1D,1D,Masculino,2024,Pública,,,,,,,,2.0,Avaliador-3,Avaliador-15,,,10.002,9.0909090905,7.51,7.25,7.5,7.0,,7.5,5.0,Fase 2 (5° e 6° ano),-1,8.4375,,7.863131818100001,Ametista,2024,Fase 2,5° e 6° ano
RA-1410,1E,1E,Masculino,2024,Pública,,,,,,,,2.0,Avaliador-15,Avaliador-2,,,9.002,8.1136363635,7.51,6.25,6.5,6.0,,8.165,5.0,Fase 2 (5° e 6° ano),-1,8.75,,7.5319272727,Ametista,2024,Fase 2,5° e 6° ano
RA-874,1E,1E,Masculino,2023,Pública,,,,,,,,2.0,Avaliador-15,Avaliador-2,,,9.502,4.696969697,6.26,7.75,6.0,9.5,,7.915,5.0,Fase 2 (5° e 6° ano),-1,8.75,5.811,7.0235939394,Ametista,2024,Fase 2,5° e 6° ano
RA-1411,1E,1E,Masculino,2024,Pública,,,,,,,,2.0,Avaliador-15,Avaliador-2,,,9.002,9.5,6.26,2.75,5.5,0.0,,7.835,5.0,Fase 2 (5° e 6° ano),-1,8.4375,,6.886950000000001,Ágata,2024,Fase 2,5° e 6° ano
RA-1412,1E,1E,Masculino,2024,Pública,,,,,,,,2.0,Avaliador-15,Avaliador-2,,,10.002,9.3073593075,7.51,9.75,10.0,9.5,,8.835,10.0,Fase 1 (3° e 4° ano),0,8.75,,9.204671861500001,Topázio,2024,Fase 1,3° e 4° ano
RA-690,1E,1E,Feminino,2022,Pública,,,Ametista,7.5405708421052635,,,,2.0,Avaliador-15,Avaliador-2,,,7.918,8.409090909,7.51,6.25,7.5,5.0,,7.835,5.0,Fase 2 (5° e 6° ano),-1,8.4375,8.6112,7.3853681818000005,Ametista,2024,Fase 2,5° e 6° ano
RA-1413,1E,1E,Masculino,2024,Pública,,,,,,,,2.0,Avaliador-15,Avaliador-2,,,9.002,8.593073593,7.51,7.25,7.5,7.0,,7.92,5.0,Fase 3 (7° e 8° ano),-2,8.4375,,7.747564718600001,Ametista,2024,Fase 3,7° e 8° ano
RA-1414,1E,1E,Feminino,2024,Pública,,,,,,,,2.0,Avaliador-15,Avaliador-2,,,9.502,9.2965367965,6.885,8.5,10.0,7.0,,8.835,10.0,Fase 1 (3° e 4° ano),0,8.75,,8.840007359300001,Topázio,2024,Fase 1,3° e 4° ano
RA-995,1E,1E,Feminino,2023,Pública,,,,,,,,2.0,Avaliador-15,Avaliador-2,,,10.002,5.3896103895,5.635,2.0,0.0,4.0,,4.25,5.0,Fase 3 (7° e 8° ano),-2,7.1875,6.4782,5.110372077899999,Quartzo,2024,Fase 3,7° e 8° ano
RA-853,1G,1G,Feminino,2022,Pública,,,Topázio,8.616243765480895,,,,3.0,Avaliador-16,Avaliador-3,Avaliador-15,,8.502,9.5833333335,6.26,6.25,6.5,6.0,,7.553333333,10.0,Fase 1 (3° e 4° ano),0,8.333333333,7.8402,7.986866666600001,Ametista,2024,Fase 1,3° e 4° ano
RA-854,1G,1G,Feminino,2022,Pública,,,Topázio,8.098496318150449,,,,3.0,Avaliador-16,Avaliador-3,Avaliador-15,,9.502,10.0,6.26,7.0,7.0,7.0,,6.333333333,10.0,Fase 1 (3° e 4° ano),0,5.833333333,6.6415,7.826199999900001,Ametista,2024,Fase 1,3° e 4° ano
RA-1415,1G,1G,Feminino,2024,Pública,,,,,,,,3.0,Avaliador-16,Avaliador-3,Avaliador-15,,8.002,9.7727272725,6.26,6.75,6.5,7.0,,7.056666667,5.0,Fase 2 (5° e 6° ano),-1,7.291666667,,7.3712454546,Ametista,2024,Fase 2,5° e 6° ano
RA-842,1G,1G,Feminino,2022,Pública,,,Ametista,7.95176506926407,,,,3.0,Avaliador-16,Avaliador-3,Avaliador-15,,8.502,7.549407115,6.26,7.5,6.0,9.0,,6.996666667,5.0,Fase 2 (5° e 6° ano),-1,6.875,7.2117,7.072914756400001,Ametista,2024,Fase 2,5° e 6° ano
RA-700,1G,1G,Feminino,2022,Pública,,,Ametista,7.738020410934745,,,,3.0,Avaliador-16,Avaliador-3,Avaliador-15,,8.502,9.564393939,5.635,5.25,5.0,5.5,,7.0,5.0,Fase 2 (5° e 6° ano),-1,7.291666667,8.2852,7.005745454500001,Ametista,2024,Fase 2,5° e 6° ano
RA-1416,1G,1G,Feminino,2024,Pública,,,,,,,,3.0,Avaliador-16,Avaliador-3,Avaliador-15,,8.502,8.2765151515,7.51,7.75,6.5,9.0,,6.386666667,5.0,Fase 2 (5° e 6° ano),-1,7.916666667,,7.375503030400001,Ametista,2024,Fase 2,5° e 6° ano
RA-911,1G,1G,Masculino,2023,Pública,,,,,,,,3.0,Avaliador-16,Avaliador-3,Avaliador-15,,8.002,4.772727273,7.51,4.5,5.0,4.0,,4.726666667,5.0,Fase 3 (7° e 8° ano),-2,6.041666667,5.59545,5.4552454547,Quartzo,2024,Fase 3,7° e 8° ano
RA-859,1G,1G,Feminino,2022,Pública,,,Topázio,8.325132654369785,,,,3.0,Avaliador-16,Avaliador-3,Avaliador-15,,8.002,9.337121212,7.51,8.0,8.0,8.0,,8.336666667,10.0,Fase 1 (3° e 4° ano),0,8.958333333,8.6042,8.5817909091,Topázio,2024,Fase 1,3° e 4° ano
RA-860,1G,1G,Masculino,2022,Pública,,,Topázio,8.135541086517346,,,,3.0,Avaliador-16,Avaliador-3,Avaliador-15,,9.002,9.7916666665,7.51,8.5,8.0,9.0,,7.946666667,10.0,Fase 1 (3° e 4° ano),0,8.75,8.2372,8.7738666667,Topázio,2024,Fase 1,3° e 4° ano
RA-727,1G,1G,Masculino,2022,Pública,,,Ametista,7.736100484848485,,,,3.0,Avaliador-16,Avaliador-3,Avaliador-15,,10.002,8.4848484845,6.26,8.5,10.0,7.0,,8.056666667,10.0,Fase 1 (3° e 4° ano),0,8.125,7.6802,8.447003030300001,Topázio,2024,Fase 1,3° e 4° ano
RA-1417,1G,1G,Masculino,2024,Pública,,,,,,,,3.0,Avaliador-16,Avaliador-3,Avaliador-15,,9.002,9.337121212,7.51,9.0,10.0,8.0,,6.5,5.0,Fase 2 (5° e 6° ano),-1,6.25,,7.7436242424,Ametista,2024,Fase 2,5° e 6° ano
RA-910,1G,1G,Masculino,2023,Pública,,,,,,,,3.0,Avaliador-16,Avaliador-3,Avaliador-15,,8.502,8.674242424500001,7.51,7.5,9.0,6.0,,7.443333333,10.0,Fase 1 (3° e 4° ano),0,7.916666667,7.801,8.1163818182,Topázio,2024,Fase 1,3° e 4° ano
RA-840,1G,1G,Masculino,2022,Pública,,,Ametista,7.874720643467644,,,,3.0,Avaliador-16,Avaliador-3,Avaliador-15,,9.502,9.337121212,7.51,8.0,7.0,9.0,,7.946666667,10.0,Fase 1 (3° e 4° ano),0,8.333333333,7.7862,8.5912909091,Topázio,2024,Fase 1,3° e 4° ano
RA-926,1G,1G,Feminino,2023,Pública,,,,,,,,3.0,Avaliador-16,Avaliador-3,Avaliador-15,,9.002,9.7727272725,7.51,7.0,7.0,7.0,,7.22,5.0,Fase 2 (5° e 6° ano),-1,8.333333333,7.7792,7.7830787878,Ametista,2024,Fase 2,5° e 6° ano
RA-1418,1G,1G,Masculino,2024,Pública,,,,,,,,3.0,Avaliador-16,Avaliador-3,Avaliador-15,,8.502,9.128787879,7.51,8.25,8.5,8.0,,6.833333333,5.0,Fase 2 (5° e 6° ano),-1,7.916666667,,7.7352909091000015,Ametista,2024,Fase 2,5° e 6° ano
RA-927,1G,1G,Feminino,2023,Pública,,,,,,,,3.0,Avaliador-16,Avaliador-3,Avaliador-15,,8.002,9.318181818,7.51,6.5,7.0,6.0,,7.22,10.0,Fase 1 (3° e 4° ano),0,8.333333333,7.5982,7.9921696969000005,Ametista,2024,Fase 1,3° e 4° ano
RA-672,1H,1H,Feminino,2021,Pública,,Ametista,Ametista,7.479539037037037,,,,3.0,Avaliador-3,Avaliador-16,Avaliador-15,,7.918,3.9525691700000003,6.26,0.0,0.0,0.0,,4.496666667,5.0,Fase 2 (5° e 6° ano),-1,6.041666667,6.5623,4.2118138341,Quartzo,2024,Fase 2,5° e 6° ano
RA-1043,1H,1H,Masculino,2023,Pública,,,,,,,,3.0,Avaliador-3,Avaliador-16,Avaliador-15,,10.002,7.994071146,7.51,8.25,8.5,8.0,,6.553333333,5.0,Fase 2 (5° e 6° ano),-1,7.291666667,6.5447,7.539847562500002,Ametista,2024,Fase 2,5° e 6° ano
RA-738,1H,1H,Feminino,2022,Pública,,,Ametista,7.22724271539961,,,,3.0,Avaliador-3,Avaliador-16,Avaliador-15,,10.002,7.292490119,6.885,7.25,7.5,7.0,,7.39,5.0,Fase 2 (5° e 6° ano),-1,6.875,8.123283333,7.2626980238000005,Ametista,2024,Fase 2,5° e 6° ano
RA-1419,1H,1H,Feminino,2024,Pública,,,,,,,,3.0,Avaliador-3,Avaliador-16,Avaliador-15,,8.502,10.0,7.51,7.5,6.0,9.0,,8.783333333,10.0,Fase 1 (3° e 4° ano),0,8.958333333,,8.7536999999,Topázio,2024,Fase 1,3° e 4° ano
RA-704,1H,1H,Masculino,2022,Pública,,,Ágata,6.741243719576721,,,,3.0,Avaliador-3,Avaliador-16,Avaliador-15,,7.502,8.646245059,5.635,6.5,6.0,7.0,,6.616666667,5.0,Fase 2 (5° e 6° ano),-1,6.458333333,6.8297,6.8121156785000005,Ágata,2024,Fase 2,5° e 6° ano
RA-705,1H,1H,Masculino,2022,Pública,,,Ágata,6.634286047619048,,,,3.0,Avaliador-3,Avaliador-16,Avaliador-15,,9.002,6.4285714285,5.005,3.5,2.0,5.0,,4.226666667,5.0,Fase 2 (5° e 6° ano),-1,5.625,6.982,5.294247619100001,Quartzo,2024,Fase 2,5° e 6° ano
RA-822,1H,1H,Masculino,2022,Pública,,,Ágata,6.92155010708899,,,,3.0,Avaliador-3,Avaliador-16,Avaliador-15,,0.0,4.6245059285,5.01,6.75,7.5,6.0,,6.61,5.0,Fase 3 (7° e 8° ano),-2,6.666666667,6.4497,5.2645678524,Quartzo,2024,Fase 3,7° e 8° ano
RA-740,1H,1H,Feminino,2022,Privada,,,Ametista,7.217943583732057,,,,3.0,Avaliador-3,Avaliador-16,Avaliador-15,,9.002,9.555335968,7.51,8.0,8.0,8.0,,8.223333333,5.0,Fase 2 (5° e 6° ano),-1,8.541666667,7.2845,8.1611005269,Topázio,2024,Fase 2,5° e 6° ano
RA-741,1H,1H,Feminino,2022,Pública,,,Ágata,6.895951771280052,,,,3.0,Avaliador-3,Avaliador-16,Avaliador-15,,8.418,5.2964426875,5.005,3.75,3.5,4.0,,4.223333333,5.0,Fase 2 (5° e 6° ano),-1,5.833333333,6.2707,5.0795885374,Quartzo,2024,Fase 2,5° e 6° ano
RA-1420,1H,1H,Masculino,2024,Pública,,,,,,,,3.0,Avaliador-3,Avaliador-16,Avaliador-15,,7.918,5.520833333500001,6.26,4.5,5.0,4.0,,5.44,5.0,Fase 3 (7° e 8° ano),-2,6.458333333,,5.6558,Quartzo,2024,Fase 3,7° e 8° ano
RA-709,1H,1H,Feminino,2022,Pública,,,Quartzo,5.313189368606702,,,,3.0,Avaliador-3,Avaliador-16,Avaliador-15,,7.418,7.994071146,7.51,6.0,6.0,6.0,,6.773333333,5.0,Fase 2 (5° e 6° ano),-1,6.875,6.6927,6.833780895800001,Ágata,2024,Fase 2,5° e 6° ano
RA-1421,1H,1H,Masculino,2024,Pública,,,,,,,,3.0,Avaliador-3,Avaliador-16,Avaliador-15,,9.002,6.777777778,7.51,7.5,8.0,7.0,,7.163333333,5.0,Fase 2 (5° e 6° ano),-1,6.875,,7.126922222200001,Ametista,2024,Fase 2,5° e 6° ano
RA-1422,1J,1J,Feminino,2024,Pública,,,,,,,,4.0,Avaliador-16,Avaliador-18,Avaliador-15,Avaliador-2,9.502,7.5,7.51,4.75,0.0,9.5,,7.7475,5.0,Fase 2 (5° e 6° ano),-1,8.125,,7.0132,Ametista,2024,Fase 2,5° e 6° ano
RA-1423,1J,1J,Masculino,2024,Pública,,,,,,,,4.0,Avaliador-16,Avaliador-18,Avaliador-15,Avaliador-2,8.502,5.3125,7.51,5.75,4.0,7.5,,6.5425,5.0,Fase 2 (5° e 6° ano),-1,7.8125,,6.403450000000001,Ágata,2024,Fase 2,5° e 6° ano
RA-733,1J,1J,Feminino,2022,Pública,,,Ágata,6.683821329434698,,,,4.0,Avaliador-16,Avaliador-18,Avaliador-15,Avaliador-2,10.002,10.0,7.51,9.25,9.0,9.5,,9.085,5.0,Fase 2 (5° e 6° ano),-1,8.90625,8.3342,8.808825,Topázio,2024,Fase 2,5° e 6° ano
RA-836,1J,1J,Masculino,2022,Pública,,,Ametista,7.664923985754986,,,,4.0,Avaliador-16,Avaliador-18,Avaliador-15,Avaliador-2,9.502,6.439393939,7.51,2.75,5.5,0.0,,6.25,5.0,Fase 2 (5° e 6° ano),-1,7.34375,7.6417,6.0234537878,Quartzo,2024,Fase 2,5° e 6° ano
RA-1424,1J,1J,Feminino,2024,Pública,,,,,,,,4.0,Avaliador-16,Avaliador-18,Avaliador-15,Avaliador-2,9.002,8.9444444445,7.51,7.25,7.5,7.0,,6.915,5.0,Fase 2 (5° e 6° ano),-1,7.8125,,7.5543388889,Ametista,2024,Fase 2,5° e 6° ano
RA-1425,1J,1J,Masculino,2024,Pública,,,,,,,,4.0,Avaliador-16,Avaliador-18,Avaliador-15,Avaliador-2,9.002,6.7976190475,7.51,7.0,6.0,8.0,,5.92,5.0,Fase 2 (5° e 6° ano),-1,7.34375,,6.8290988095000005,Ágata,2024,Fase 2,5° e 6° ano
RA-1426,1J,1J,Feminino,2023,Pública,,,,,,,,4.0,Avaliador-16,Avaliador-18,Avaliador-15,Avaliador-2,9.502,5.845238095,7.51,2.75,5.5,0.0,,5.8325,5.0,Fase 2 (5° e 6° ano),-1,7.5,,5.8367476190000005,Quartzo,2024,Fase 2,5° e 6° ano
RA-716,1J,1J,Masculino,2022,Pública,,,Ágata,6.524519230769231,,,,4.0,Avaliador-16,Avaliador-18,Avaliador-15,Avaliador-2,9.002,5.5335968375,7.51,5.75,5.5,6.0,,5.7875,5.0,Fase 2 (5° e 6° ano),-1,6.71875,6.813366667,6.2372943675000005,Ágata,2024,Fase 2,5° e 6° ano
RA-1049,1J,1J,Masculino,2023,Pública,,,,,,,,4.0,Avaliador-16,Avaliador-18,Avaliador-15,Avaliador-2,9.502,8.03030303,7.51,4.5,4.0,5.0,,6.745,5.0,Fase 2 (5° e 6° ano),-1,7.65625,7.443366667,6.821885606,Ágata,2024,Fase 2,5° e 6° ano
RA-1427,1J,1J,Feminino,2024,Pública,,,,,,,,4.0,Avaliador-16,Avaliador-18,Avaliador-15,Avaliador-2,9.502,10.0,7.51,8.0,6.5,9.5,,8.6675,5.0,Fase 2 (5° e 6° ano),-1,8.90625,,8.425325,Topázio,2024,Fase 2,5° e 6° ano
RA-1052,1J,1J,Masculino,2023,Pública,,,,,,,,4.0,Avaliador-16,Avaliador-18,Avaliador-15,Avaliador-2,5.834,9.128787879,6.26,8.25,8.5,8.0,,8.4975,5.0,Fase 2 (5° e 6° ano),-1,8.59375,6.960333333,7.744032575800001,Ametista,2024,Fase 2,5° e 6° ano
RA-719,1J,1J,Masculino,2021,Pública,,Quartzo,Quartzo,5.552244923076923,,,,4.0,Avaliador-16,Avaliador-18,Avaliador-15,Avaliador-2,10.002,7.3484848485,7.51,6.5,5.0,8.0,,6.7425,5.0,Fase 2 (5° e 6° ano),-1,7.5,6.4137,7.1193969697,Ametista,2024,Fase 2,5° e 6° ano
RA-1055,1J,1J,Masculino,2023,Pública,,,,,,,,4.0,Avaliador-16,Avaliador-18,Avaliador-15,Avaliador-2,10.002,5.7954545455,7.51,5.5,4.0,7.0,,5.87,5.0,Fase 3 (7° e 8° ano),-2,7.1875,5.9765,6.403040909100001,Ágata,2024,Fase 3,7° e 8° ano
RA-747,1K,1K,Feminino,2022,Pública,,,Ametista,7.675509353106849,,,,2.0,Avaliador-15,Avaliador-2,,,10.002,8.095238095,5.005,2.25,4.5,0.0,,5.335,5.0,Fase 3 (7° e 8° ano),-2,7.083333333,6.026366667,5.8450809523,Quartzo,2024,Fase 3,7° e 8° ano
RA-928,1K,1K,Feminino,2023,Pública,,,,,,,,2.0,Avaliador-15,Avaliador-2,,,8.002,10.0,7.51,8.75,8.5,9.0,,8.59,10.0,Fase 1 (3° e 4° ano),0,8.541666667,9.3712,8.8733666667,Topázio,2024,Fase 1,3° e 4° ano
RA-748,1K,1K,Masculino,2021,Pública,,,Topázio,8.083535682039548,,,,2.0,Avaliador-15,Avaliador-2,,,9.502,10.0,7.51,7.75,7.5,8.0,,8.005,5.0,Fase 2 (5° e 6° ano),-1,8.75,8.7142,8.2272,Topázio,2024,Fase 2,5° e 6° ano
RA-769,1K,1K,Feminino,2022,Pública,,,Ametista,7.598297219273481,,,,2.0,Avaliador-15,Avaliador-2,,,10.002,5.9523809525,7.51,6.0,6.0,6.0,,8.33,5.0,Fase 2 (5° e 6° ano),-1,7.916666667,7.85345,7.099342857200002,Ametista,2024,Fase 2,5° e 6° ano
RA-876,1K,1K,Masculino,2023,Pública,,,,,,,,2.0,Avaliador-15,Avaliador-2,,,8.502,9.0476190475,7.51,3.75,7.5,0.0,,8.09,10.0,Fase 1 (3° e 4° ano),0,8.333333333,8.6492,7.612057142800001,Ametista,2024,Fase 1,3° e 4° ano
RA-776,1K,1K,Feminino,2022,Pública,,,Quartzo,3.8980647821350765,,,,2.0,Avaliador-15,Avaliador-2,,,7.917,5.9523809525,5.63,0.0,0.0,0.0,,6.5,5.0,Fase 2 (5° e 6° ano),-1,8.333333333,5.567916667,5.178509523800001,Quartzo,2024,Fase 2,5° e 6° ano
RA-753,1K,1K,Feminino,2022,Pública,,,Topázio,8.480834141954665,,,,2.0,Avaliador-15,Avaliador-2,,,10.002,9.047619048,7.51,8.5,9.0,8.0,,8.255,5.0,Fase 2 (5° e 6° ano),-1,8.333333333,8.6672,8.2450571429,Topázio,2024,Fase 2,5° e 6° ano
RA-601,1K,1K,Masculino,2021,Pública,,Topázio,Ametista,7.71314478904992,,,,2.0,Avaliador-15,Avaliador-2,,,9.502,10.0,7.505,8.75,9.5,8.0,,8.425,5.0,Fase 2 (5° e 6° ano),-1,8.75,8.955783333,8.5107,Topázio,2024,Fase 2,5° e 6° ano
RA-955,1K,1K,Feminino,2023,Pública,,,,,,,,2.0,Avaliador-15,Avaliador-2,,,0.0,6.904761905,7.51,5.75,6.5,5.0,,8.255,5.0,Fase 2 (5° e 6° ano),-1,8.125,7.1297,6.245452381,Ágata,2024,Fase 2,5° e 6° ano
RA-831,1K,1K,Masculino,2022,Pública,,,Ametista,7.4100721416504225,,,,2.0,Avaliador-15,Avaliador-2,,,10.002,9.523809524,6.26,7.75,6.5,9.0,,8.17,5.0,Fase 2 (5° e 6° ano),-1,7.916666667,7.71645,8.0066285715,Topázio,2024,Fase 2,5° e 6° ano
RA-1067,1K,1K,Masculino,2023,Pública,,,,,,,,2.0,Avaliador-15,Avaliador-2,,,10.002,8.333333332999999,7.51,6.75,6.5,7.0,,8.59,5.0,Fase 2 (5° e 6° ano),-1,8.541666667,6.541458333,7.840033333300001,Ametista,2024,Fase 2,5° e 6° ano
RA-1058,1K,1K,Feminino,2023,Pública,,,,,,,,2.0,Avaliador-15,Avaliador-2,,,9.168,8.095238095,6.88,7.75,7.5,8.0,,8.085,5.0,Fase 2 (5° e 6° ano),-1,8.125,7.356533333,7.703347619,Ametista,2024,Fase 2,5° e 6° ano
RA-757,1K,1K,Feminino,2022,Pública,,,Topázio,8.259535082249474,,,,2.0,Avaliador-15,Avaliador-2,,,9.502,9.285714286000001,7.51,7.0,6.5,7.5,,8.34,5.0,Fase 2 (5° e 6° ano),-1,8.125,8.6742,7.938842857200001,Ametista,2024,Fase 2,5° e 6° ano
RA-794,1K,1K,Feminino,2022,Pública,,,Ametista,7.334936230769231,,,,2.0,Avaliador-15,Avaliador-2,,,9.502,6.9047619045,7.51,3.0,6.0,0.0,,8.255,10.0,Fase 1 (3° e 4° ano),0,8.125,7.9842,7.145652380900001,Ametista,2024,Fase 1,3° e 4° ano
RA-960,1K,1K,Masculino,2023,Pública,,,,,,,,2.0,Avaliador-15,Avaliador-2,,,0.0,8.095238095,7.51,3.0,6.0,0.0,,5.33,5.0,Fase 2 (5° e 6° ano),-1,7.5,7.0847,5.286047619,Quartzo,2024,Fase 2,5° e 6° ano
RA-587,1L,1L,Masculino,2022,Pública,,,Ágata,6.631987865319865,,,,2.0,Avaliador-15,Avaliador-2,,,9.002,7.380952381,7.51,6.25,6.5,6.0,,5.74,5.0,Fase 3 (7° e 8° ano),-2,7.916666667,6.032033333,6.817057142900001,Ágata,2024,Fase 3,7° e 8° ano
RA-826,1L,1L,Masculino,2022,Pública,,,Ametista,7.775658894736842,,,,2.0,Avaliador-15,Avaliador-2,,,10.002,10.0,6.26,6.75,5.5,8.0,,8.59,5.0,Fase 2 (5° e 6° ano),-1,7.5,7.77645,7.9442,Ametista,2024,Fase 2,5° e 6° ano
RA-789,1L,1L,Feminino,2022,Pública,,,Ametista,7.405336262443439,,,,2.0,Avaliador-15,Avaliador-2,,,9.002,9.047619048,7.51,5.25,5.5,5.0,,8.085,10.0,Fase 1 (3° e 4° ano),0,9.166666667,7.974,8.0443904763,Topázio,2024,Fase 1,3° e 4° ano
RA-1056,1L,1L,Masculino,2023,Pública,,,,,,,,2.0,Avaliador-15,Avaliador-2,,,8.502,9.2857142855,7.51,8.25,8.5,8.0,,8.335,5.0,Fase 2 (5° e 6° ano),-1,9.166666667,8.551741667,8.192009523800001,Topázio,2024,Fase 2,5° e 6° ano
RA-1428,1L,1L,Masculino,2024,Pública,,,,,,,,2.0,Avaliador-15,Avaliador-2,,,8.502,8.8562091505,7.51,8.0,7.0,9.0,,8.085,5.0,Fase 2 (5° e 6° ano),-1,9.166666667,,8.006108496800001,Topázio,2024,Fase 2,5° e 6° ano
RA-830,1L,1L,Feminino,2022,Pública,,,Ametista,7.234398335932424,,,,2.0,Avaliador-15,Avaliador-2,,,9.002,7.619047619,5.63,6.75,6.5,7.0,,7.335,5.0,Fase 2 (5° e 6° ano),-1,8.333333333,6.78,7.1373428571,Ametista,2024,Fase 2,5° e 6° ano
RA-780,1L,1L,Feminino,2022,Pública,,,Ágata,6.954987237893207,,,,2.0,Avaliador-15,Avaliador-2,,,9.502,10.0,5.63,6.0,6.0,6.0,,8.17,5.0,Fase 2 (5° e 6° ano),-1,8.958333333,7.7842,7.7430333333,Ametista,2024,Fase 2,5° e 6° ano
RA-1057,1L,1L,Feminino,2023,Pública,,,,,,,,2.0,Avaliador-15,Avaliador-2,,,10.002,10.0,6.26,8.0,8.0,8.0,,8.17,5.0,Fase 2 (5° e 6° ano),-1,8.75,8.4827,8.2352,Topázio,2024,Fase 2,5° e 6° ano
RA-1062,1L,1L,Masculino,2023,Pública,,,,,,,,2.0,Avaliador-15,Avaliador-2,,,8.002,9.047619048,5.63,7.25,6.5,8.0,,8.085,5.0,Fase 2 (5° e 6° ano),-1,8.75,7.448841667,7.6147238096,Ametista,2024,Fase 2,5° e 6° ano
RA-1429,1L,1L,Masculino,2024,Pública,,,,,,,,2.0,Avaliador-15,Avaliador-2,,,9.502,8.888888889,7.51,7.75,8.5,7.0,,8.085,5.0,Fase 2 (5° e 6° ano),-1,8.958333333,,8.041811111100001,Topázio,2024,Fase 2,5° e 6° ano
RA-1430,1L,1L,Masculino,2024,Pública,,,,,,,,2.0,Avaliador-15,Avaliador-2,,,8.502,10.0,7.51,6.25,6.0,6.5,,8.085,5.0,Fase 2 (5° e 6° ano),-1,8.958333333,,7.864033333300001,Ametista,2024,Fase 2,5° e 6° ano
RA-767,1L,1L,Masculino,2021,Pública,,Ametista,Ametista,7.510987800569801,,,,2.0,Avaliador-15,Avaliador-2,,,9.502,9.0476190475,7.51,8.25,8.5,8.0,,8.085,5.0,Fase 3 (7° e 8° ano),-2,8.541666667,7.3807,8.131890476200002,Topázio,2024,Fase 3,7° e 8° ano
RA-943,1L,1L,Feminino,2023,Pública,,,,,,,,2.0,Avaliador-15,Avaliador-2,,,10.002,10.0,7.51,8.0,7.0,9.0,,8.59,10.0,Fase 1 (3° e 4° ano),0,8.958333333,8.9172,8.965033333300001,Topázio,2024,Fase 1,3° e 4° ano
RA-782,1L,1L,Masculino,2022,Pública,,,Ametista,7.484593745480259,,,,2.0,Avaliador-15,Avaliador-2,,,9.502,7.8571428569999995,7.51,7.75,7.5,8.0,,8.085,10.0,Fase 1 (3° e 4° ano),0,7.5,7.6812,8.1896285714,Topázio,2024,Fase 1,3° e 4° ano
RA-795,1L,1L,Feminino,2022,Pública,,,Topázio,8.064310288084464,,,,2.0,Avaliador-15,Avaliador-2,,,9.502,9.761904762,6.26,9.5,10.0,9.0,,8.085,5.0,Fase 2 (5° e 6° ano),-1,8.958333333,8.4642,8.441414285700002,Topázio,2024,Fase 2,5° e 6° ano
RA-1431,1M,1M,Feminino,2024,Pública,,,,,,,,2.0,Avaliador-17,Avaliador-2,,,9.002,7.7432712215,7.51,8.0,8.0,8.0,,9.09,5.0,Fase 2 (5° e 6° ano),-1,7.96875,,7.9147292443,Ametista,2024,Fase 2,5° e 6° ano
RA-1432,1M,1M,Feminino,2024,Pública,,,,,,,,2.0,Avaliador-17,Avaliador-2,,,10.002,10.0,7.51,9.5,10.0,9.0,,8.505,5.0,Fase 2 (5° e 6° ano),-1,9.21875,,8.774075000000002,Topázio,2024,Fase 2,5° e 6° ano
RA-1433,1M,1M,Feminino,2024,Pública,,,,,,,,2.0,Avaliador-17,Avaliador-2,,,8.502,9.068322981,7.51,8.75,8.0,9.5,,8.505,5.0,Fase 2 (5° e 6° ano),-1,8.28125,,8.1939895962,Topázio,2024,Fase 2,5° e 6° ano
RA-1434,1M,1M,Masculino,2024,Pública,,,,,,,,2.0,Avaliador-17,Avaliador-2,,,8.502,7.9813664595,6.26,9.0,10.0,8.0,,9.76,5.0,Fase 2 (5° e 6° ano),-1,9.53125,,8.2775982919,Topázio,2024,Fase 2,5° e 6° ano
RA-958,1M,1M,Feminino,2023,Pública,,,,,,,,2.0,Avaliador-17,Avaliador-2,,,10.002,10.0,6.26,10.0,10.0,10.0,,9.76,10.0,Fase 1 (3° e 4° ano),0,9.53125,9.2902,9.531325,Topázio,2024,Fase 1,3° e 4° ano
RA-961,1M,1M,Masculino,2023,Pública,,,,,,,,2.0,Avaliador-17,Avaliador-2,,,9.002,8.8923395445,6.26,5.5,6.0,5.0,,5.155,5.0,Fase 2 (5° e 6° ano),-1,5.9375,5.99625,6.529417908900001,Ágata,2024,Fase 2,5° e 6° ano
RA-1435,1M,1M,Masculino,2024,Pública,,,,,,,,2.0,Avaliador-17,Avaliador-2,,,9.502,7.833333333500001,7.51,7.5,7.5,7.5,,6.165,10.0,Fase 1 (3° e 4° ano),0,7.1875,,7.7196166667,Ametista,2024,Fase 1,3° e 4° ano
RA-755,1M,1M,Masculino,2022,Pública,,,Topázio,8.565661700730832,,,,2.0,Avaliador-17,Avaliador-2,,,10.002,10.0,7.51,9.75,10.0,9.5,,9.09,5.0,Fase 2 (5° e 6° ano),-1,9.0625,8.7442,8.925450000000001,Topázio,2024,Fase 2,5° e 6° ano
RA-1436,1M,1M,Feminino,2024,Pública,,,,,,,,2.0,Avaliador-17,Avaliador-2,,,7.418,8.674948240500001,7.51,8.0,8.0,8.0,,7.17,5.0,Fase 2 (5° e 6° ano),-1,8.28125,,7.589914648100001,Ametista,2024,Fase 2,5° e 6° ano
RA-1437,1M,1M,Feminino,2024,Pública,,,,,,,,2.0,Avaliador-17,Avaliador-2,,,8.502,9.347826087,7.51,8.0,8.0,8.0,,7.92,5.0,Fase 2 (5° e 6° ano),-1,8.28125,,7.982890217400001,Ametista,2024,Fase 2,5° e 6° ano
RA-1438,1M,1M,Feminino,2024,Pública,,,,,,,,2.0,Avaliador-17,Avaliador-2,,,10.002,9.0,7.51,7.0,6.0,8.0,,9.175,5.0,Fase 2 (5° e 6° ano),-1,8.90625,,8.176825000000001,Topázio,2024,Fase 2,5° e 6° ano
RA-1439,1M,1M,Feminino,2024,Pública,,,,,,,,2.0,Avaliador-17,Avaliador-2,,,7.502,10.0,7.51,8.5,9.0,8.0,,9.345,5.0,Fase 2 (5° e 6° ano),-1,9.375,,8.507700000000002,Topázio,2024,Fase 2,5° e 6° ano
RA-1440,1M,1M,Feminino,2024,Pública,,,,,,,,2.0,Avaliador-17,Avaliador-2,,,9.002,9.544513457499999,7.51,4.5,9.0,0.0,,8.17,5.0,Fase 2 (5° e 6° ano),-1,8.75,,7.469102691500001,Ametista,2024,Fase 2,5° e 6° ano
RA-1441,1M,1M,Masculino,2024,Pública,,,,,,,,2.0,Avaliador-17,Avaliador-2,,,9.502,9.109730849,7.51,8.5,9.0,8.0,,9.005,10.0,Fase 1 (3° e 4° ano),0,9.375,,8.961646169800002,Topázio,2024,Fase 1,3° e 4° ano
RA-1442,1M,1M,Masculino,2024,Pública,,,,,,,,2.0,Avaliador-17,Avaliador-2,,,8.002,8.674948240500001,7.51,7.25,8.5,6.0,,5.745,5.0,Fase 3 (7° e 8° ano),-2,7.5,,7.135189648100001,Ametista,2024,Fase 3,7° e 8° ano
RA-1443,1N,1N,Feminino,2024,Pública,,,,,,,,2.0,Avaliador-15,Avaliador-2,,,6.918,7.5,6.26,6.75,6.5,7.0,,7.415,5.0,Fase 3 (7° e 8° ano),-2,7.708333333,,6.921633333300001,Ágata,2024,Fase 3,7° e 8° ano
RA-1444,1N,1N,Masculino,2024,Pública,,,,,,,,2.0,Avaliador-15,Avaliador-2,,,8.502,5.277777778,7.51,6.0,8.0,4.0,,7.415,5.0,Fase 2 (5° e 6° ano),-1,7.708333333,,6.610588888900001,Ágata,2024,Fase 2,5° e 6° ano
RA-956,1N,1N,Masculino,2023,Pública,,,,,,,,2.0,Avaliador-15,Avaliador-2,,,9.502,6.017786561,6.885,3.25,6.5,0.0,,7.085,5.0,Fase 2 (5° e 6° ano),-1,7.083333333,7.7312,6.1175906455,Ágata,2024,Fase 2,5° e 6° ano
RA-952,1N,1N,Masculino,2023,Pública,,,,,,,,2.0,Avaliador-15,Avaliador-2,,,9.502,9.545454545,6.26,8.5,8.0,9.0,,9.175,10.0,Fase 1 (3° e 4° ano),0,8.333333333,8.37095,8.853624242300002,Topázio,2024,Fase 1,3° e 4° ano
RA-939,1N,1N,Feminino,2023,Pública,,,,,,,,2.0,Avaliador-15,Avaliador-2,,,9.002,8.8833992095,5.63,5.0,6.0,4.0,,7.495,5.0,Fase 2 (5° e 6° ano),-1,8.125,7.9742,7.051379841899999,Ametista,2024,Fase 2,5° e 6° ano
RA-953,1N,1N,Feminino,2023,Pública,,,,,,,,2.0,Avaliador-15,Avaliador-2,,,9.002,6.85770751,6.26,8.5,8.0,9.0,,7.755,10.0,Fase 1 (3° e 4° ano),0,8.125,7.54005,7.961241502000001,Ametista,2024,Fase 1,3° e 4° ano
RA-954,1N,1N,Feminino,2023,Pública,,,,,,,,2.0,Avaliador-15,Avaliador-2,,,9.502,8.8833992095,6.26,7.75,6.5,9.0,,7.835,10.0,Fase 1 (3° e 4° ano),0,8.125,6.82375,8.2823798419,Topázio,2024,Fase 1,3° e 4° ano
RA-792,1N,1N,Feminino,2022,Pública,,,Ágata,7.02532017948718,,,,2.0,Avaliador-15,Avaliador-2,,,8.502,5.2865612650000005,7.51,3.25,6.5,0.0,,7.075,5.0,Fase 2 (5° e 6° ano),-1,8.125,7.6267,6.036012253,Quartzo,2024,Fase 2,5° e 6° ano
RA-1000,1N,1N,Feminino,2023,Pública,,,,,,,,2.0,Avaliador-15,Avaliador-2,,,9.002,9.5454545455,6.26,7.75,7.5,8.0,,7.835,10.0,Fase 1 (3° e 4° ano),0,8.125,7.9162,8.364790909100002,Topázio,2024,Fase 1,3° e 4° ano
RA-763,1N,1N,Feminino,2021,Pública,,Ágata,Ametista,7.401904937321937,,,,2.0,Avaliador-15,Avaliador-2,,,9.002,8.8636363635,6.26,5.25,6.5,4.0,,6.825,5.0,Fase 2 (5° e 6° ano),-1,7.708333333,6.7215,6.984760606,Ágata,2024,Fase 2,5° e 6° ano
RA-1001,1N,1N,Feminino,2023,Pública,,,,,,,,2.0,Avaliador-15,Avaliador-2,,,7.502,9.347826087,7.51,7.75,6.5,9.0,,7.92,5.0,Fase 2 (5° e 6° ano),-1,7.916666667,8.1162,7.7964318841,Ametista,2024,Fase 2,5° e 6° ano
RA-1445,1N,1N,Feminino,2024,Pública,,,,,,,,2.0,Avaliador-15,Avaliador-2,,,9.502,9.5,7.51,7.25,6.5,8.0,,7.5,5.0,Fase 2 (5° e 6° ano),-1,7.916666667,,7.842866666700001,Ametista,2024,Fase 2,5° e 6° ano
RA-1446,1N,1N,Masculino,2024,Pública,,,,,,,,2.0,Avaliador-15,Avaliador-2,,,8.002,6.6501976285,6.26,0.0,0.0,0.0,,7.075,10.0,Fase 1 (3° e 4° ano),0,7.291666667,,5.9004061924,Quartzo,2024,Fase 1,3° e 4° ano
RA-768,1N,1N,Feminino,2021,Pública,,Ametista,Ametista,7.645834666666667,,,,2.0,Avaliador-15,Avaliador-2,,,9.002,7.9841897235,6.26,5.5,6.0,5.0,,7.495,5.0,Fase 2 (5° e 6° ano),-1,8.125,8.4042,7.0345379447,Ametista,2024,Fase 2,5° e 6° ano
RA-1447,1N,1N,Feminino,2024,Pública,,,,,,,,2.0,Avaliador-15,Avaliador-2,,,9.502,9.7368421055,7.51,5.25,6.5,4.0,,7.75,5.0,Fase 2 (5° e 6° ano),-1,7.916666667,,7.5402350878,Ametista,2024,Fase 2,5° e 6° ano
RA-980,1P,1P,Feminino,2023,Pública,,,,,,,,4.0,Avaliador-3,Avaliador-18,Avaliador-17,Avaliador-15,9.002,9.058441558,7.51,6.25,6.5,6.0,,7.4175,10.0,Fase 1 (3° e 4° ano),0,7.5,7.1425,7.946388311600001,Ametista,2024,Fase 1,3° e 4° ano
RA-982,1P,1P,Masculino,2023,Pública,,,,,,,,4.0,Avaliador-3,Avaliador-18,Avaliador-17,Avaliador-15,10.002,8.365800865499999,7.51,8.25,6.5,10.0,,6.79,10.0,Fase 1 (3° e 4° ano),0,6.875,7.1215,8.119860173100001,Topázio,2024,Fase 1,3° e 4° ano
RA-1448,1P,1P,Feminino,2024,Pública,,,,,,,,4.0,Avaliador-3,Avaliador-18,Avaliador-17,Avaliador-15,9.002,9.5346320345,7.51,6.0,6.0,6.0,,7.29,5.0,Fase 3 (7° e 8° ano),-2,7.5,,7.466126406900001,Ametista,2024,Fase 3,7° e 8° ano
RA-1070,1P,1P,Masculino,2023,Pública,,,,,,,,4.0,Avaliador-3,Avaliador-18,Avaliador-17,Avaliador-15,9.002,9.3073593075,5.635,2.25,4.5,0.0,,6.6225,5.0,Fase 2 (5° e 6° ano),-1,6.875,6.939033333,6.287171861500001,Ágata,2024,Fase 2,5° e 6° ano
RA-985,1P,1P,Masculino,2023,Pública,,,,,,,,4.0,Avaliador-3,Avaliador-18,Avaliador-17,Avaliador-15,8.502,10.0,6.26,7.5,8.0,7.0,,7.585,10.0,Fase 1 (3° e 4° ano),0,7.5,7.6247,8.2432,Topázio,2024,Fase 1,3° e 4° ano
RA-986,1P,1P,Feminino,2023,Pública,,,,,,,,4.0,Avaliador-3,Avaliador-18,Avaliador-17,Avaliador-15,10.002,9.2965367965,6.26,8.5,7.5,9.5,,6.8325,10.0,Fase 1 (3° e 4° ano),0,7.083333333,8.0107,8.2603406926,Topázio,2024,Fase 1,3° e 4° ano
RA-810,1P,1P,Masculino,2021,Pública,,Ametista,Ametista,7.886571512820513,,,,4.0,Avaliador-3,Avaliador-18,Avaliador-17,Avaliador-15,7.502,9.4736842105,5.635,9.0,8.0,10.0,,7.7525,5.0,Fase 2 (5° e 6° ano),-1,6.458333333,7.782866667,7.704770175400001,Ametista,2024,Fase 2,5° e 6° ano
RA-987,1P,1P,Masculino,2023,Pública,,,,,,,,4.0,Avaliador-3,Avaliador-18,Avaliador-17,Avaliador-15,9.002,9.0692640695,7.51,7.5,8.0,7.0,,7.835,10.0,Fase 1 (3° e 4° ano),0,7.708333333,7.6765,8.3028861472,Topázio,2024,Fase 1,3° e 4° ano
RA-988,1P,1P,Feminino,2023,Pública,,,,,,,,4.0,Avaliador-3,Avaliador-18,Avaliador-17,Avaliador-15,9.502,10.0,7.51,7.75,6.5,9.0,,7.96,5.0,Fase 2 (5° e 6° ano),-1,8.333333333,7.9568,8.1765333333,Topázio,2024,Fase 2,5° e 6° ano
RA-805,1R,1R,Masculino,2021,Pública,,Ametista,Topázio,8.27865517948718,,,,4.0,Avaliador-18,Avaliador-17,Avaliador-15,Avaliador-2,8.502,9.523809524,4.38,6.0,7.0,5.0,,6.7075,5.0,Fase 2 (5° e 6° ano),-1,7.03125,6.492,6.9375869048,Ágata,2024,Fase 2,5° e 6° ano
RA-806,1R,1R,Masculino,2022,Pública,,,Ametista,7.560770897435898,,,,4.0,Avaliador-18,Avaliador-17,Avaliador-15,Avaliador-2,8.502,6.9047619045,7.51,6.75,6.5,7.0,,6.875,5.0,Fase 2 (5° e 6° ano),-1,7.65625,7.2937,6.972777380900001,Ágata,2024,Fase 2,5° e 6° ano
RA-807,1R,1R,Masculino,2022,Pública,,,Topázio,8.121155846153847,,,,4.0,Avaliador-18,Avaliador-17,Avaliador-15,Avaliador-2,9.002,7.8571428569999995,7.51,7.0,6.0,8.0,,7.125,10.0,Fase 1 (3° e 4° ano),0,7.5,7.8632,7.797628571400001,Ametista,2024,Fase 1,3° e 4° ano
RA-808,1R,1R,Masculino,2022,Pública,,,Topázio,8.361187897435897,,,,4.0,Avaliador-18,Avaliador-17,Avaliador-15,Avaliador-2,9.002,10.0,7.51,8.75,7.5,10.0,,7.88,10.0,Fase 1 (3° e 4° ano),0,8.125,8.1932,8.7897,Topázio,2024,Fase 1,3° e 4° ano
RA-963,1R,1R,Feminino,2023,Pública,,,,,,,,4.0,Avaliador-18,Avaliador-17,Avaliador-15,Avaliador-2,7.502,9.761904762,7.51,7.5,5.0,10.0,,8.045,10.0,Fase 1 (3° e 4° ano),0,8.125,8.6142,8.375080952400001,Topázio,2024,Fase 1,3° e 4° ano
RA-989,1R,1R,Masculino,2023,Pública,,,,,,,,4.0,Avaliador-18,Avaliador-17,Avaliador-15,Avaliador-2,9.502,7.8571428569999995,6.26,6.0,6.0,6.0,,6.54,10.0,Fase 1 (3° e 4° ano),0,7.1875,7.7242,7.3743785714,Ametista,2024,Fase 1,3° e 4° ano
RA-964,1R,1R,Masculino,2023,Pública,,,,,,,,4.0,Avaliador-18,Avaliador-17,Avaliador-15,Avaliador-2,9.502,8.333333332999999,7.51,7.25,7.5,7.0,,7.1675,5.0,Fase 2 (5° e 6° ano),-1,7.96875,7.7997,7.548241666600001,Ametista,2024,Fase 2,5° e 6° ano
RA-1449,1R,1R,Feminino,2024,Pública,,,,,,,,4.0,Avaliador-18,Avaliador-17,Avaliador-15,Avaliador-2,7.418,8.3333333335,7.51,6.75,6.5,7.0,,7.04,5.0,Fase 2 (5° e 6° ano),-1,7.96875,,7.214341666700001,Ametista,2024,Fase 2,5° e 6° ano
RA-801,1R,1R,Masculino,2022,Pública,,,Ágata,6.6443414183535765,,,,4.0,Avaliador-18,Avaliador-17,Avaliador-15,Avaliador-2,9.002,5.75,7.51,8.0,7.0,9.0,,5.745,5.0,Fase 2 (5° e 6° ano),-1,6.25,6.8735,6.6752,Ágata,2024,Fase 2,5° e 6° ano
RA-1450,1R,1R,Masculino,2024,Pública,,,,,,,,4.0,Avaliador-18,Avaliador-17,Avaliador-15,Avaliador-2,9.502,8.571428571,7.51,3.5,0.0,7.0,,7.5425,10.0,Fase 1 (3° e 4° ano),0,7.8125,,7.405235714200002,Ametista,2024,Fase 1,3° e 4° ano
RA-984,1R,1R,Feminino,2023,Pública,,,,,,,,4.0,Avaliador-18,Avaliador-17,Avaliador-15,Avaliador-2,9.502,9.761904762,7.51,7.0,7.5,6.5,,8.045,10.0,Fase 1 (3° e 4° ano),0,8.125,8.8177,8.475080952400003,Topázio,2024,Fase 1,3° e 4° ano
RA-1451,1R,1R,Feminino,2024,Pública,,,,,,,,4.0,Avaliador-18,Avaliador-17,Avaliador-15,Avaliador-2,10.002,8.8095238095,7.51,6.0,6.0,6.0,,7.7525,5.0,Fase 2 (5° e 6° ano),-1,7.96875,,7.560479761900002,Ametista,2024,Fase 2,5° e 6° ano
RA-967,1R,1R,Masculino,2023,Pública,,,,,,,,4.0,Avaliador-18,Avaliador-17,Avaliador-15,Avaliador-2,9.502,3.5714285715,7.51,4.75,3.5,6.0,,4.995,5.0,Fase 2 (5° e 6° ano),-1,5.78125,7.1347,5.442610714300001,Quartzo,2024,Fase 2,5° e 6° ano
RA-968,1R,1R,Feminino,2023,Pública,,,,,,,,4.0,Avaliador-18,Avaliador-17,Avaliador-15,Avaliador-2,9.002,8.8095238095,7.51,7.75,8.5,7.0,,7.6675,5.0,Fase 2 (5° e 6° ano),-1,8.4375,8.4942,7.8403547619000005,Ametista,2024,Fase 2,5° e 6° ano
RA-521,2A,2A,Masculino,2022,Privada,,,Ametista,7.725002,,,,3.0,Avaliador-19,Avaliador-5,Avaliador-2,,8.002,9.0357142855,5.005,6.25,7.0,5.5,,7.276666667,10.0,Fase 2 (5° e 6° ano),0,6.666666667,6.768666667,7.4798428571999995,Ametista,2024,Fase 2,5° e 6° ano
RA-821,2A,2A,Masculino,2022,Pública,,,Ágata,6.342157529411765,,,,3.0,Avaliador-19,Avaliador-5,Avaliador-2,,8.502,5.9166666665,7.51,4.25,4.5,4.0,,6.713333333,10.0,Fase 2 (5° e 6° ano),0,6.666666667,,6.643866666600001,Ágata,2024,Fase 2,5° e 6° ano
RA-1075,2A,2A,Feminino,2023,Pública,,,,,,,,3.0,Avaliador-19,Avaliador-5,Avaliador-2,,7.5,8.5154061625,3.755,6.0,5.0,7.0,,7.553333333,5.0,Fase 3 (7° e 8° ano),-1,7.708333333,6.591333333,6.8100812324,Ágata,2024,Fase 3,7° e 8° ano
RA-1048,2A,2A,Feminino,2023,Privada,,,,,,,,3.0,Avaliador-19,Avaliador-5,Avaliador-2,,8.502,6.833333333500001,6.255,6.25,6.5,6.0,,8.283333333,10.0,Fase 1 (3° e 4° ano),1,7.708333333,7.811366667,7.5198666666000005,Ametista,2024,Fase 1,3° e 4° ano
RA-1082,2A,2A,Feminino,2023,Pública,,,,,,,,3.0,Avaliador-19,Avaliador-5,Avaliador-2,,7.502,7.5714285715,10.0,3.75,2.0,5.5,,6.943333333,5.0,Fase 3 (7° e 8° ano),-1,7.083333333,7.1617,6.6114857142,Ágata,2024,Fase 3,7° e 8° ano
RA-680,2A,2A,Feminino,2021,Pública,Ametista,Ametista,Ametista,7.5177707180986655,,,,3.0,Avaliador-19,Avaliador-5,Avaliador-2,,0.0,6.6428571430000005,5.635,3.0,2.5,3.5,,6.606666667,5.0,Fase 3 (7° e 8° ano),-1,6.666666667,6.5855,4.9800714287000005,Quartzo,2024,Fase 3,7° e 8° ano
RA-698,2A,2A,Masculino,2021,Pública,,Ametista,Ametista,7.440048629629629,,,,3.0,Avaliador-19,Avaliador-5,Avaliador-2,,9.002,8.3214285715,6.88,4.5,3.0,6.0,,7.273333333,10.0,Fase 2 (5° e 6° ano),0,7.291666667,7.553616667,7.3363190476,Ametista,2024,Fase 2,5° e 6° ano
RA-1452,2A,2A,Masculino,2024,Pública,,,,,,,,3.0,Avaliador-19,Avaliador-5,Avaliador-2,,9.002,10.0,7.51,7.75,7.0,8.5,,8.17,10.0,Fase 2 (5° e 6° ano),0,7.916666667,,8.6268666667,Topázio,2024,Fase 2,5° e 6° ano
RA-1453,2A,2A,Feminino,2021,Pública,,,,,,,,3.0,Avaliador-19,Avaliador-5,Avaliador-2,,8.502,7.8214285715,6.25,6.5,4.5,8.5,,7.67,5.0,Fase 3 (7° e 8° ano),-1,7.5,,7.1234857143,Ametista,2024,Fase 3,7° e 8° ano
RA-1454,2A,2A,Feminino,2023,Pública,,,,,,,,3.0,Avaliador-19,Avaliador-5,Avaliador-2,,8.002,5.880952381,7.51,7.75,7.5,8.0,,8.28,10.0,Fase 2 (5° e 6° ano),0,7.708333333,,7.7042238095,Ametista,2024,Fase 2,5° e 6° ano
RA-1455,2A,2A,Feminino,2024,Pública,,,,,,,,3.0,Avaliador-19,Avaliador-5,Avaliador-2,,8.002,7.777777778,7.51,3.5,3.5,3.5,,7.833333333,5.0,Fase 3 (7° e 8° ano),-1,7.708333333,,6.6442555555,Ágata,2024,Fase 3,7° e 8° ano
RA-529,2A,2A,Masculino,2021,Pública,Ágata,Ametista,Ágata,6.510225610194904,,,,3.0,Avaliador-19,Avaliador-5,Avaliador-2,,7.002,6.6071428569999995,4.38,4.25,2.5,6.0,,4.886666667,5.0,Fase 3 (7° e 8° ano),-1,4.791666667,7.278991667,5.2661285715,Quartzo,2024,Fase 3,7° e 8° ano
RA-1456,2A,2A,Masculino,2024,Pública,,,,,,,,3.0,Avaliador-19,Avaliador-5,Avaliador-2,,9.502,9.511904762,7.51,7.75,5.5,10.0,,7.946666667,10.0,Fase 2 (5° e 6° ano),0,7.5,,8.492914285800001,Topázio,2024,Fase 2,5° e 6° ano
RA-1015,2B,2B,Feminino,2023,Pública,,,,,,,,3.0,Avaliador-19,Avaliador-5,Avaliador-2,,7.918,7.8214285715,7.51,4.0,2.0,6.0,,5.66,10.0,Fase 2 (5° e 6° ano),0,6.041666667,7.538908333,6.643252381000002,Ágata,2024,Fase 2,5° e 6° ano
RA-483,2B,2B,Feminino,2021,Pública,Ametista,Ágata,Quartzo,5.262717116883117,,,,3.0,Avaliador-19,Avaliador-5,Avaliador-2,,8.502,5.6428571430000005,6.26,5.25,2.0,8.5,,8.056666667,5.0,Fase 3 (7° e 8° ano),-1,8.125,6.3972,6.578604762,Ágata,2024,Fase 3,7° e 8° ano
RA-497,2B,2B,Feminino,2021,Privada - Programa de apadrinhamento,Quartzo,Quartzo,Ágata,6.322731276895944,,,,3.0,Avaliador-19,Avaliador-5,Avaliador-2,,7.502,6.095238095,5.63,1.0,0.0,2.0,,3.506666667,5.0,Fase 3 (7° e 8° ano),-1,5.625,5.7191,4.4960809524,Quartzo,2024,Fase 3,7° e 8° ano
RA-1457,2B,2B,Feminino,2024,Pública,,,,,,,,3.0,Avaliador-19,Avaliador-5,Avaliador-2,,3.498,8.0357142855,7.51,2.75,2.5,3.0,,7.663333333,5.0,Fase 3 (7° e 8° ano),-1,7.291666667,,6.0197761904,Quartzo,2024,Fase 3,7° e 8° ano
RA-688,2B,2B,Masculino,2022,Pública,,,Ametista,7.771092108287961,,,,3.0,Avaliador-19,Avaliador-5,Avaliador-2,,9.502,10.0,8.13,7.5,6.0,9.0,,9.45,10.0,Fase 2 (5° e 6° ano),0,8.333333333,8.0442,8.986533333300002,Topázio,2024,Fase 2,5° e 6° ano
RA-696,2B,2B,Feminino,2021,Pública,,Ametista,Ametista,7.441449523187053,,,,3.0,Avaliador-19,Avaliador-5,Avaliador-2,,7.418,7.845238095,7.51,5.25,5.0,5.5,,8.0,10.0,Fase 2 (5° e 6° ano),0,7.708333333,7.172666667,7.482680952299999,Ametista,2024,Fase 2,5° e 6° ano
RA-1458,2B,2B,Feminino,2024,Pública,,,,,,,,3.0,Avaliador-19,Avaliador-5,Avaliador-2,,8.751,7.280701754500001,7.51,3.25,0.5,6.0,,5.213333333,5.0,Fase 3 (7° e 8° ano),-1,6.041666667,,5.879073684200001,Quartzo,2024,Fase 3,7° e 8° ano
RA-1034,2B,2B,Masculino,2023,Pública,,,,,,,,3.0,Avaliador-19,Avaliador-5,Avaliador-2,,7.502,8.0833333335,7.51,7.5,7.5,7.5,,8.223333333,10.0,Fase 2 (5° e 6° ano),0,7.708333333,7.9642,8.0333666666,Topázio,2024,Fase 2,5° e 6° ano
RA-491,2B,2B,Masculino,2022,Pública,,,Ametista,7.4611133333333335,,,,3.0,Avaliador-19,Avaliador-5,Avaliador-2,,7.502,9.011904762,7.51,5.25,1.5,9.0,,7.166666667,5.0,Fase 3 (7° e 8° ano),-1,7.083333333,7.560533333,6.995247619100001,Ágata,2024,Fase 3,7° e 8° ano
RA-1027,2B,2B,Feminino,2023,Pública,,,,,,,,3.0,Avaliador-19,Avaliador-5,Avaliador-2,,9.502,10.0,7.51,5.25,6.0,4.5,,8.39,10.0,Fase 2 (5° e 6° ano),0,7.916666667,7.748866667,8.220866666700001,Topázio,2024,Fase 2,5° e 6° ano
RA-1023,2B,2B,Feminino,2023,Pública,,,,,,,,3.0,Avaliador-19,Avaliador-5,Avaliador-2,,9.502,9.511904762,9.375,9.5,9.0,10.0,,9.563333333,10.0,Fase 2 (5° e 6° ano),0,8.958333333,9.1342,9.498580952300001,Topázio,2024,Fase 2,5° e 6° ano
RA-686,2C,2C,Feminino,2022,Pública,,,Ametista,7.728843833635814,,,,3.0,Avaliador-19,Avaliador-5,Avaliador-2,,8.002,8.7857142855,6.885,7.25,5.0,9.5,,7.503333333,10.0,Fase 2 (5° e 6° ano),0,8.4375,7.9642,8.040259523700001,Topázio,2024,Fase 2,5° e 6° ano
RA-480,2C,2C,Feminino,2021,Pública,,Ametista,Ametista,7.502401434343434,,,,3.0,Avaliador-19,Avaliador-5,Avaliador-2,,6.25,8.0714285715,7.51,5.0,2.5,7.5,,7.443333333,10.0,Fase 2 (5° e 6° ano),0,7.8125,8.226408333,7.260202380900001,Ametista,2024,Fase 2,5° e 6° ano
RA-1459,2C,2C,Masculino,2024,Pública,,,,,,,,3.0,Avaliador-19,Avaliador-5,Avaliador-2,,8.002,8.2976190475,7.51,3.75,2.0,5.5,,7.273333333,5.0,Fase 3 (7° e 8° ano),-1,7.5,,6.665390476100001,Ágata,2024,Fase 3,7° e 8° ano
RA-1460,2C,2C,Masculino,2024,Pública,,,,,,,,3.0,Avaliador-19,Avaliador-5,Avaliador-2,,9.502,7.460526316,7.51,3.25,2.5,4.0,,6.27,10.0,Fase 2 (5° e 6° ano),0,6.875,,6.784805263200001,Ágata,2024,Fase 2,5° e 6° ano
RA-1017,2C,2C,Masculino,2023,Pública,,,,,,,,3.0,Avaliador-19,Avaliador-5,Avaliador-2,,9.502,7.8095238095,6.26,5.0,2.5,7.5,,7.443333333,10.0,Fase 2 (5° e 6° ano),0,7.1875,6.505333333,7.345521428500001,Ametista,2024,Fase 2,5° e 6° ano
RA-499,2C,2C,Masculino,2021,Pública,Ágata,Ametista,Ametista,7.826390666666667,,,,3.0,Avaliador-19,Avaliador-5,Avaliador-2,,8.502,9.0476190475,7.51,4.75,2.0,7.5,,7.5,10.0,Fase 2 (5° e 6° ano),0,7.1875,7.8883,7.5794738095000005,Ametista,2024,Fase 2,5° e 6° ano
RA-514,2C,2C,Feminino,2022,Pública,,,Ametista,7.0388891111111125,,,,3.0,Avaliador-19,Avaliador-5,Avaliador-2,,9.002,7.595238095,4.385,3.0,3.0,3.0,,5.996666667,10.0,Fase 2 (5° e 6° ano),0,5.625,5.823133333,6.219580952400001,Ágata,2024,Fase 2,5° e 6° ano
RA-1461,2C,2C,Feminino,2024,Pública,,,,,,,,3.0,Avaliador-19,Avaliador-5,Avaliador-2,,10.002,9.273809524,7.51,2.75,0.5,5.0,,7.33,5.0,Fase 3 (7° e 8° ano),-1,7.5,,6.871961904800001,Ágata,2024,Fase 3,7° e 8° ano
RA-1462,2D,2D,Feminino,2024,Pública,,,,,,,,3.0,Avaliador-20,Avaliador-19,Avaliador-2,,8.502,10.0,7.51,6.5,6.0,7.0,,7.053333333,5.0,Fase 3 (7° e 8° ano),-1,8.125,,7.6243666666,Ametista,2024,Fase 3,7° e 8° ano
RA-1463,2D,2D,Masculino,2024,Pública,,,,,,,,3.0,Avaliador-20,Avaliador-19,Avaliador-2,,8.502,9.722222222,7.51,10.0,10.0,10.0,,8.113333333,10.0,Fase 2 (5° e 6° ano),0,9.0625,,9.074561111000001,Topázio,2024,Fase 2,5° e 6° ano
RA-1464,2D,2D,Feminino,2024,Pública,,,,,,,,3.0,Avaliador-20,Avaliador-19,Avaliador-2,,8.002,7.794871795,7.51,6.25,4.0,8.5,,7.61,5.0,Fase 3 (7° e 8° ano),-1,9.0625,,7.288424359,Ametista,2024,Fase 3,7° e 8° ano
RA-687,2D,2D,Masculino,2022,Pública,,,Ametista,7.703185605565638,,,,3.0,Avaliador-20,Avaliador-19,Avaliador-2,,7.502,9.2355889725,7.51,7.25,6.5,8.0,,8.003333333,10.0,Fase 2 (5° e 6° ano),0,8.75,7.617533333,8.2739844611,Topázio,2024,Fase 2,5° e 6° ano
RA-1030,2D,2D,Masculino,2023,Pública,,,,,,,,3.0,Avaliador-20,Avaliador-19,Avaliador-2,,7.418,8.28320802,4.385,8.0,10.0,6.0,,7.61,10.0,Fase 2 (5° e 6° ano),0,7.8125,7.4027,7.7401916040000005,Ametista,2024,Fase 2,5° e 6° ano
RA-1465,2D,2D,Masculino,2024,Pública,,,,,,,,3.0,Avaliador-20,Avaliador-19,Avaliador-2,,7.418,8.75,7.51,5.75,5.0,6.5,,7.833333333,5.0,Fase 3 (7° e 8° ano),-1,8.75,,7.3344666666,Ametista,2024,Fase 3,7° e 8° ano
RA-522,2D,2D,Masculino,2021,Pública,,Topázio,Topázio,8.306255790104949,,,,3.0,Avaliador-20,Avaliador-19,Avaliador-2,,8.002,9.523809524,7.51,9.0,9.5,8.5,,7.89,10.0,Fase 2 (5° e 6° ano),0,8.4375,7.890533333,8.6777119048,Topázio,2024,Fase 2,5° e 6° ano
RA-501,2D,2D,Masculino,2021,Privada,,Topázio,Ametista,7.794468490299825,,,,3.0,Avaliador-20,Avaliador-19,Avaliador-2,,7.002,7.9949874685,7.51,8.75,8.5,9.0,,8.17,10.0,Fase 2 (5° e 6° ano),0,8.4375,8.1357,8.2779474937,Topázio,2024,Fase 2,5° e 6° ano
RA-1466,2D,2D,Masculino,2024,Pública,,,,,,,,3.0,Avaliador-20,Avaliador-19,Avaliador-2,,10.002,7.380952381,7.51,7.5,7.0,8.0,,8.056666667,10.0,Fase 2 (5° e 6° ano),0,8.75,,8.213723809600001,Topázio,2024,Fase 2,5° e 6° ano
RA-502,2D,2D,Feminino,2021,Privada - Programa de Apadrinhamento,,Topázio,Topázio,8.286620610229278,,,,3.0,Avaliador-20,Avaliador-19,Avaliador-2,,9.002,9.761904762,3.755,8.0,6.0,10.0,,8.84,10.0,Fase 2 (5° e 6° ano),0,9.0625,8.749075,8.5023309524,Topázio,2024,Fase 2,5° e 6° ano
RA-1467,2D,2D,Masculino,2024,Pública,,,,,,,,3.0,Avaliador-20,Avaliador-19,Avaliador-2,,9.002,9.022556391,7.51,9.25,9.0,9.5,,8.28,10.0,Fase 2 (5° e 6° ano),0,8.75,,8.836711278200001,Topázio,2024,Fase 2,5° e 6° ano
RA-1468,2D,2D,Feminino,2024,Pública,,,,,,,,3.0,Avaliador-20,Avaliador-19,Avaliador-2,,8.502,8.972431078,7.51,7.0,4.5,9.5,,7.443333333,10.0,Fase 2 (5° e 6° ano),0,8.4375,,8.1281028822,Topázio,2024,Fase 2,5° e 6° ano
RA-527,2D,2D,Feminino,2022,Pública,,,Ametista,8.025002,,,,3.0,Avaliador-20,Avaliador-19,Avaliador-2,,9.002,10.0,7.51,6.0,6.5,5.5,,7.383333333,10.0,Fase 2 (5° e 6° ano),0,8.125,7.5682,8.1403666666,Topázio,2024,Fase 2,5° e 6° ano
RA-1469,2D,2D,Masculino,2024,Pública,,,,,,,,3.0,Avaliador-20,Avaliador-19,Avaliador-2,,8.502,9.4444444445,7.51,4.75,6.0,3.5,,8.223333333,5.0,Fase 3 (7° e 8° ano),-1,8.75,,7.459755555500001,Ametista,2024,Fase 3,7° e 8° ano
RA-1470,2G,2G,Feminino,2024,Pública,,,,,,,,4.0,Avaliador-19,Avaliador-16,Avaliador-25,Avaliador-2,8.002,6.35610766,6.26,5.0,5.0,5.0,,5.4125,5.0,Fase 3 (7° e 8° ano),-1,6.875,,5.967421532000001,Quartzo,2024,Fase 3,7° e 8° ano
RA-1471,2G,2G,Masculino,2024,Pública,,,,,,,,4.0,Avaliador-19,Avaliador-16,Avaliador-25,Avaliador-2,10.002,7.195652174,7.51,7.5,8.0,7.0,,7.2425,5.0,Fase 3 (7° e 8° ano),-1,7.65625,,7.404455434800001,Ametista,2024,Fase 3,7° e 8° ano
RA-710,2G,2G,Masculino,2021,Pública,Ametista,Ametista,Ametista,7.284936897435898,,,,4.0,Avaliador-19,Avaliador-16,Avaliador-25,Avaliador-2,9.168,8.170995671,5.625,6.75,8.0,5.5,,6.5375,5.0,Fase 3 (7° e 8° ano),-1,7.65625,7.0582,7.0366241342,Ametista,2024,Fase 3,7° e 8° ano
RA-1472,2G,2G,Masculino,2022,Pública,,,,,,,,4.0,Avaliador-19,Avaliador-16,Avaliador-25,Avaliador-2,8.502,10.0,7.51,8.75,9.0,8.5,,8.1275,10.0,Fase 2 (5° e 6° ano),0,7.96875,,8.773575000000001,Topázio,2024,Fase 2,5° e 6° ano
RA-837,2G,2G,Masculino,2022,Pública,,,Topázio,8.207451124949126,,,,4.0,Avaliador-19,Avaliador-16,Avaliador-25,Avaliador-2,7.502,9.782608695499999,6.885,6.75,6.0,7.5,,7.5825,10.0,Fase 2 (5° e 6° ano),0,7.03125,8.2712,7.9648467391,Ametista,2024,Fase 2,5° e 6° ano
RA-549,2G,2G,Masculino,2021,Pública,,Ametista,Ágata,6.300611568922306,,,,4.0,Avaliador-19,Avaliador-16,Avaliador-25,Avaliador-2,10.002,7.204968943999999,6.255,5.75,5.0,6.5,,5.9125,5.0,Fase 3 (7° e 8° ano),-1,6.40625,7.0297,6.5398187888,Ágata,2024,Fase 3,7° e 8° ano
RA-571,2G,2G,Feminino,2021,Pública,Ametista,Ametista,Ágata,6.589433478260871,,,,4.0,Avaliador-19,Avaliador-16,Avaliador-25,Avaliador-2,7.002,8.695652174,4.375,5.25,5.0,5.5,,5.8325,5.0,Fase 3 (7° e 8° ano),-1,7.03125,6.6097,6.2964554347999995,Ágata,2024,Fase 3,7° e 8° ano
RA-731,2G,2G,Feminino,2021,Pública,Ametista,Ágata,Ametista,7.151334755991286,,,,4.0,Avaliador-19,Avaliador-16,Avaliador-25,Avaliador-2,9.502,4.188311688500001,4.375,2.5,0.0,5.0,,4.835,5.0,Fase 3 (7° e 8° ano),-1,5.78125,6.7742,4.7704873377000006,Quartzo,2024,Fase 3,7° e 8° ano
RA-706,2G,2G,Feminino,2021,Pública,,Ágata,Ametista,7.658744356725147,,,,4.0,Avaliador-19,Avaliador-16,Avaliador-25,Avaliador-2,0.0,7.1428571430000005,6.26,3.25,3.0,3.5,,7.0,10.0,Fase 2 (5° e 6° ano),0,7.65625,7.1527,5.8701964286,Quartzo,2024,Fase 2,5° e 6° ano
RA-707,2G,2G,Feminino,2021,Pública,Ametista,Ágata,Ametista,7.6787352768031205,,,,4.0,Avaliador-19,Avaliador-16,Avaliador-25,Avaliador-2,7.917,7.7236842105,4.375,6.5,7.0,6.0,,6.415,5.0,Fase 3 (7° e 8° ano),-1,6.40625,6.518,6.4975618421000005,Ágata,2024,Fase 3,7° e 8° ano
RA-1044,2G,2G,Feminino,2023,Pública,,,,,,,,4.0,Avaliador-19,Avaliador-16,Avaliador-25,Avaliador-2,7.502,9.523809524,7.51,7.0,7.0,7.0,,7.21,10.0,Fase 2 (5° e 6° ano),0,7.1875,7.629533333,7.966711904800001,Ametista,2024,Fase 2,5° e 6° ano
RA-1054,2G,2G,Masculino,2023,Pública,,,,,,,,4.0,Avaliador-19,Avaliador-16,Avaliador-25,Avaliador-2,9.502,7.3291925465,7.51,6.25,6.0,6.5,,6.75,5.0,Fase 3 (7° e 8° ano),-1,7.1875,7.459533333,6.985788509300001,Ágata,2024,Fase 3,7° e 8° ano
RA-721,2G,2G,Feminino,2021,Pública,,Topázio,Ametista,7.9732750774410786,,,,4.0,Avaliador-19,Avaliador-16,Avaliador-25,Avaliador-2,9.002,9.544513457499999,8.135,8.25,9.0,7.5,,8.755,10.0,Fase 2 (5° e 6° ano),0,8.75,8.683366667,8.8986026915,Topázio,2024,Fase 2,5° e 6° ano
RA-1473,2G,2G,Masculino,2024,Pública,,,,,,,,4.0,Avaliador-19,Avaliador-16,Avaliador-25,Avaliador-2,9.502,8.4368530025,5.625,5.25,6.0,4.5,,6.415,5.0,Fase 3 (7° e 8° ano),-1,6.5625,,6.689320600500001,Ágata,2024,Fase 3,7° e 8° ano
RA-735,2H,2H,Feminino,2021,Pública,,Ametista,Ametista,7.484878876543211,,,,4.0,Avaliador-19,Avaliador-17,Avaliador-25,Avaliador-2,8.002,9.782608695499999,6.255,8.0,8.0,8.0,,7.705,5.0,Fase 3 (7° e 8° ano),-1,7.65625,7.184,7.7888467391,Ametista,2024,Fase 3,7° e 8° ano
RA-712,2H,2H,Masculino,2021,Pública,Quartzo,Quartzo,Ágata,6.025962871794872,,,,4.0,Avaliador-19,Avaliador-17,Avaliador-25,Avaliador-2,7.502,5.983436853,5.625,6.75,7.0,6.5,,6.04,5.0,Fase 3 (7° e 8° ano),-1,6.5625,6.331533333,6.2236373706000006,Ágata,2024,Fase 3,7° e 8° ano
RA-1103,2H,2H,Masculino,2023,Pública,,,,,,,,4.0,Avaliador-19,Avaliador-17,Avaliador-25,Avaliador-2,8.502,7.763975155000001,7.51,7.25,6.0,8.5,,7.54,10.0,Fase 2 (5° e 6° ano),0,7.5,7.574866667,7.861995031000001,Ametista,2024,Fase 2,5° e 6° ano
RA-570,2H,2H,Feminino,2021,Pública,Topázio,Ágata,Quartzo,5.7221032270531405,,,,4.0,Avaliador-19,Avaliador-17,Avaliador-25,Avaliador-2,8.002,8.0020703935,5.625,6.75,6.0,7.5,,6.4075,5.0,Fase 3 (7° e 8° ano),-1,7.1875,6.781033333,6.8133640787,Ágata,2024,Fase 3,7° e 8° ano
RA-713,2H,2H,Masculino,2021,Pública,,Ametista,Ametista,7.420353564102564,,,,4.0,Avaliador-19,Avaliador-17,Avaliador-25,Avaliador-2,8.002,7.525879916999999,7.51,6.75,6.0,7.5,,6.79,10.0,Fase 2 (5° e 6° ano),0,7.03125,7.408033333,7.467500983400001,Ametista,2024,Fase 2,5° e 6° ano
RA-714,2H,2H,Masculino,2021,Pública,Ágata,Ametista,Ágata,6.953207128205129,,,,4.0,Avaliador-19,Avaliador-17,Avaliador-25,Avaliador-2,0.0,6.873706004,6.255,4.0,8.0,0.0,,6.9975,5.0,Fase 3 (7° e 8° ano),-1,7.65625,6.078666667,5.4653662008,Quartzo,2024,Fase 3,7° e 8° ano
RA-737,2H,2H,Feminino,2022,Pública,,,Ametista,8.057507539961014,,,,4.0,Avaliador-19,Avaliador-17,Avaliador-25,Avaliador-2,8.502,8.6542443065,6.885,9.25,9.0,9.5,,8.0,10.0,Fase 2 (5° e 6° ano),0,7.5,8.048033333,8.4695488613,Topázio,2024,Fase 2,5° e 6° ano
RA-1474,2H,2H,Feminino,2024,Pública,,,,,,,,4.0,Avaliador-19,Avaliador-17,Avaliador-25,Avaliador-2,8.002,7.960662526,5.625,7.5,7.0,8.0,,6.2875,10.0,Fase 2 (5° e 6° ano),0,6.71875,,7.384207505200001,Ametista,2024,Fase 2,5° e 6° ano
RA-1036,2H,2H,Feminino,2023,Pública,,,,,,,,4.0,Avaliador-19,Avaliador-17,Avaliador-25,Avaliador-2,10.002,9.0890269155,7.51,7.0,7.0,7.0,,7.7475,10.0,Fase 2 (5° e 6° ano),0,7.65625,6.970583333,8.2841303831,Topázio,2024,Fase 2,5° e 6° ano
RA-576,2H,2H,Feminino,2022,Pública,,,Ametista,7.590428480704481,,,,4.0,Avaliador-19,Avaliador-17,Avaliador-25,Avaliador-2,8.502,10.0,7.51,9.25,9.0,9.5,,8.4975,10.0,Fase 2 (5° e 6° ano),0,7.8125,7.984741667,8.93195,Topázio,2024,Fase 2,5° e 6° ano
RA-577,2H,2H,Feminino,2022,Pública,,,Ametista,7.861617939393939,,,,4.0,Avaliador-19,Avaliador-17,Avaliador-25,Avaliador-2,8.502,5.7660455485,5.625,8.0,7.0,9.0,,6.535,5.0,Fase 3 (7° e 8° ano),-1,6.5625,7.219366667,6.629159109700001,Ágata,2024,Fase 3,7° e 8° ano
RA-580,2H,2H,Feminino,2021,Pública,Topázio,Ametista,Ametista,7.5251831594202905,,,,4.0,Avaliador-19,Avaliador-17,Avaliador-25,Avaliador-2,9.002,8.871635610999999,7.51,9.25,10.0,8.5,,7.2475,5.0,Fase 3 (7° e 8° ano),-1,7.03125,8.4712,7.9281521222,Ametista,2024,Fase 3,7° e 8° ano
RA-581,2H,2H,Masculino,2021,Pública,Ametista,Ametista,Ágata,6.464252763285025,,,,4.0,Avaliador-19,Avaliador-17,Avaliador-25,Avaliador-2,7.418,8.198757764,5.625,8.75,8.0,9.5,,6.165,5.0,Fase 3 (7° e 8° ano),-1,6.5625,7.7167,7.0833015528,Ametista,2024,Fase 3,7° e 8° ano
RA-841,2H,2H,Masculino,2022,Pública,,,Ametista,7.3000233675213675,,,,4.0,Avaliador-19,Avaliador-17,Avaliador-25,Avaliador-2,10.002,6.3272311215000006,7.51,3.25,4.0,2.5,,5.83,5.0,Fase 3 (7° e 8° ano),-1,7.03125,6.78,6.035771224300001,Quartzo,2024,Fase 3,7° e 8° ano
RA-730,2I,2I,Feminino,2021,Pública,,Ametista,Ametista,7.901663220043574,,,,3.0,Avaliador-19,Avaliador-17,Avaliador-2,,8.002,7.152777778,6.885,9.5,10.0,9.0,,8.666666667,10.0,Fase 2 (5° e 6° ano),0,9.166666667,7.979325,8.469255555700002,Topázio,2024,Fase 2,5° e 6° ano
RA-855,2I,2I,Feminino,2022,Pública,,,Topázio,8.452910432147561,,,,3.0,Avaliador-19,Avaliador-17,Avaliador-2,,9.002,10.0,7.51,8.5,9.0,8.0,,7.386666667,10.0,Fase 2 (5° e 6° ano),0,7.5,8.62995,8.578533333400001,Topázio,2024,Fase 2,5° e 6° ano
RA-820,2I,2I,Masculino,2022,Pública,,,Ametista,7.4166680000000005,,,,3.0,Avaliador-19,Avaliador-17,Avaliador-2,,10.002,6.573529412,7.51,6.25,6.0,6.5,,6.386666667,10.0,Fase 2 (5° e 6° ano),0,8.333333333,7.85605,7.426572549100001,Ametista,2024,Fase 2,5° e 6° ano
RA-715,2I,2I,Feminino,2022,Pública,,,Ágata,6.655769897435897,,,,3.0,Avaliador-19,Avaliador-17,Avaliador-2,,9.002,5.250626566499999,3.755,2.75,2.0,3.5,,4.67,10.0,Fase 2 (5° e 6° ano),0,5.0,5.8915,5.3098253133,Quartzo,2024,Fase 2,5° e 6° ano
RA-1038,2I,2I,Feminino,2023,Pública,,,,,,,,3.0,Avaliador-19,Avaliador-17,Avaliador-2,,8.002,7.5438596495,7.51,8.5,10.0,7.0,,7.273333333,10.0,Fase 2 (5° e 6° ano),0,7.5,7.736825,7.9646385965,Ametista,2024,Fase 2,5° e 6° ano
RA-1475,2I,2I,Feminino,2024,Pública,,,,,,,,3.0,Avaliador-19,Avaliador-17,Avaliador-2,,9.002,8.070175439,7.51,5.0,7.0,3.0,,6.993333333,10.0,Fase 2 (5° e 6° ano),0,7.5,,7.413901754400001,Ametista,2024,Fase 2,5° e 6° ano
RA-1039,2I,2I,Masculino,2023,Pública,,,,,,,,3.0,Avaliador-19,Avaliador-17,Avaliador-2,,8.002,9.722222222,7.51,7.25,8.0,6.5,,6.77,5.0,Fase 3 (7° e 8° ano),-1,7.5,7.686033333,7.549644444400001,Ametista,2024,Fase 3,7° e 8° ano
RA-745,2I,2I,Masculino,2021,Privada - Programa de Apadrinhamento,,Topázio,Ametista,7.382144857142857,,,,3.0,Avaliador-19,Avaliador-17,Avaliador-2,,9.002,10.0,6.26,8.5,8.0,9.0,,8.17,10.0,Fase 2 (5° e 6° ano),0,7.5,7.668366667,8.6102,Topázio,2024,Fase 2,5° e 6° ano
RA-718,2I,2I,Feminino,2022,Pública,,,Topázio,8.09268585185185,,,,3.0,Avaliador-19,Avaliador-17,Avaliador-2,,10.002,9.5138888885,5.635,9.5,9.0,10.0,,7.946666667,10.0,Fase 1 (3° e 4° ano),1,7.5,8.166866667,8.705811111100001,Topázio,2024,Fase 1,3° e 4° ano
RA-1040,2I,2I,Masculino,2023,Pública,,,,,,,,3.0,Avaliador-19,Avaliador-17,Avaliador-2,,9.502,8.5416666665,7.51,8.25,8.0,8.5,,7.273333333,5.0,Fase 3 (7° e 8° ano),-1,7.5,7.81545,7.764199999900001,Ametista,2024,Fase 3,7° e 8° ano
RA-746,2I,2I,Masculino,2022,Pública,,,Ametista,7.655751153996102,,,,3.0,Avaliador-19,Avaliador-17,Avaliador-2,,8.502,7.4305555555,7.51,8.0,8.0,8.0,,7.33,10.0,Fase 2 (5° e 6° ano),0,7.5,6.517166667,7.903311111100001,Ametista,2024,Fase 2,5° e 6° ano
RA-1069,2K,2K,Masculino,2023,Pública,,,,,,,,4.0,Avaliador-17,Avaliador-19,Avaliador-25,Avaliador-2,9.002,7.0760869565,7.51,6.25,7.0,5.5,,7.75,10.0,Fase 2 (5° e 6° ano),0,8.125,7.590033333,7.678917391300001,Ametista,2024,Fase 2,5° e 6° ano
RA-1476,2K,2K,Feminino,2024,Pública,,,,,,,,4.0,Avaliador-17,Avaliador-19,Avaliador-25,Avaliador-2,9.502,10.0,5.635,8.5,8.0,9.0,,8.7525,10.0,Fase 2 (5° e 6° ano),0,8.4375,,8.80795,Topázio,2024,Fase 2,5° e 6° ano
RA-827,2K,2K,Feminino,2022,Pública,,,Ametista,7.412495022283378,,,,4.0,Avaliador-17,Avaliador-19,Avaliador-25,Avaliador-2,10.002,9.782608695499999,5.01,7.25,6.0,8.5,,7.875,10.0,Fase 2 (5° e 6° ano),0,7.65625,7.419925,8.2483467391,Topázio,2024,Fase 2,5° e 6° ano
RA-1477,2K,2K,Masculino,2024,Pública,,,,,,,,4.0,Avaliador-17,Avaliador-19,Avaliador-25,Avaliador-2,8.002,8.010869565,7.51,5.0,5.0,5.0,,6.2875,10.0,Fase 2 (5° e 6° ano),0,6.40625,,7.0514989130000005,Ametista,2024,Fase 2,5° e 6° ano
RA-762,2K,2K,Masculino,2022,Pública,,,Ametista,7.28025826984127,,,,4.0,Avaliador-17,Avaliador-19,Avaliador-25,Avaliador-2,10.002,6.4239130435,6.26,3.75,4.0,3.5,,5.7525,5.0,Fase 4 (9° ano),-2,6.5625,7.09945,5.9677326087,Quartzo,2024,Fase 4,9° ano
RA-778,2K,2K,Feminino,2021,Pública,,Topázio,Ametista,7.431939372281467,,,,4.0,Avaliador-17,Avaliador-19,Avaliador-25,Avaliador-2,10.002,8.1235697945,7.51,7.0,5.0,9.0,,7.7475,10.0,Fase 2 (5° e 6° ano),0,7.5,7.926825,8.0754139589,Topázio,2024,Fase 2,5° e 6° ano
RA-591,2K,2K,Masculino,2021,Pública,,Ametista,Ametista,7.507451717171717,,,,4.0,Avaliador-17,Avaliador-19,Avaliador-25,Avaliador-2,7.418,7.913043478500001,6.255,7.5,6.0,9.0,,6.54,5.0,Fase 3 (7° e 8° ano),-1,5.78125,7.1472,6.8360336957,Ágata,2024,Fase 3,7° e 8° ano
RA-1478,2K,2K,Masculino,2024,Pública,,,,,,,,4.0,Avaliador-17,Avaliador-19,Avaliador-25,Avaliador-2,8.002,6.666666667,6.255,4.25,4.0,4.5,,7.1225,10.0,Fase 2 (5° e 6° ano),0,6.875,,6.7210333334,Ágata,2024,Fase 2,5° e 6° ano
RA-829,2K,2K,Feminino,2022,Privada - Programa de Apadrinhamento,,,Ametista,8.00281439031339,,,,4.0,Avaliador-17,Avaliador-19,Avaliador-25,Avaliador-2,9.502,9.75,9.38,8.0,6.0,10.0,,9.215,10.0,Fase 1 (3° e 4° ano),1,8.90625,8.532075,9.171825000000002,Topázio,2024,Fase 1,3° e 4° ano
RA-1479,2K,2K,Masculino,2024,Pública,,,,,,,,4.0,Avaliador-17,Avaliador-19,Avaliador-25,Avaliador-2,8.502,6.1965811965,7.51,4.25,4.0,4.5,,6.0325,10.0,Fase 2 (5° e 6° ano),0,7.1875,,6.615766239300001,Ágata,2024,Fase 2,5° e 6° ano
RA-1480,2K,2K,Masculino,2024,Pública,,,,,,,,4.0,Avaliador-17,Avaliador-19,Avaliador-25,Avaliador-2,8.502,8.875,7.51,5.5,5.5,5.5,,6.9975,5.0,Fase 3 (7° e 8° ano),-1,7.1875,,7.09445,Ametista,2024,Fase 3,7° e 8° ano
RA-438,2K,2K,Masculino,2022,Pública,,,Ametista,7.763511656565657,,,,4.0,Avaliador-17,Avaliador-19,Avaliador-25,Avaliador-2,9.168,8.6630434785,7.51,8.25,7.0,9.5,,7.915,5.0,Fase 3 (7° e 8° ano),-1,7.96875,6.9883,7.930283695700001,Ametista,2024,Fase 3,7° e 8° ano
RA-607,2K,2K,Masculino,2022,Pública,,,Ágata,6.440323564297217,,,,4.0,Avaliador-17,Avaliador-19,Avaliador-25,Avaliador-2,8.502,7.4782608695,7.51,7.0,7.0,7.0,,7.165,10.0,Fase 2 (5° e 6° ano),0,7.1875,7.333075,7.6486021739000005,Ametista,2024,Fase 2,5° e 6° ano
RA-1481,2K,2K,Feminino,2024,Pública,,,,,,,,4.0,Avaliador-17,Avaliador-19,Avaliador-25,Avaliador-2,8.502,8.782608695499999,7.51,4.75,4.0,5.5,,6.8275,5.0,Fase 3 (7° e 8° ano),-1,6.875,,6.860721739100001,Ágata,2024,Fase 3,7° e 8° ano
RA-1482,2K,2K,Masculino,2024,Pública,,,,,,,,4.0,Avaliador-17,Avaliador-19,Avaliador-25,Avaliador-2,8.502,5.0,7.51,0.0,0.0,0.0,,6.8725,5.0,Fase 3 (7° e 8° ano),-1,7.5,,5.2257,Quartzo,2024,Fase 3,7° e 8° ano
RA-1483,2K,2K,Masculino,2024,Pública,,,,,,,,4.0,Avaliador-17,Avaliador-19,Avaliador-25,Avaliador-2,9.502,7.913043478500001,7.51,6.5,6.0,7.0,,5.7475,10.0,Fase 2 (5° e 6° ano),0,5.78125,,7.311433695700001,Ametista,2024,Fase 2,5° e 6° ano
RA-1484,2L,2L,Feminino,2024,Pública,,,,,,,,3.0,Avaliador-19,Avaliador-25,Avaliador-2,,9.002,10.0,6.26,7.0,5.0,9.0,,7.89,5.0,Fase 3 (7° e 8° ano),-1,7.5,,7.754200000000001,Ametista,2024,Fase 3,7° e 8° ano
RA-1485,2L,2L,Masculino,2024,Pública,,,,,,,,3.0,Avaliador-19,Avaliador-25,Avaliador-2,,9.002,7.7432712215,5.625,5.0,5.0,5.0,,7.386666667,5.0,Fase 3 (7° e 8° ano),-1,7.5,,6.7386875776999995,Ágata,2024,Fase 3,7° e 8° ano
RA-1486,2L,2L,Masculino,2024,Pública,,,,,,,,3.0,Avaliador-19,Avaliador-25,Avaliador-2,,8.002,5.431372549,6.26,5.75,6.0,5.5,,7.056666667,10.0,Fase 2 (5° e 6° ano),0,7.916666667,,6.865474509900001,Ágata,2024,Fase 2,5° e 6° ano
RA-597,2L,2L,Masculino,2022,Pública,,,Topázio,8.265278666666667,,,,3.0,Avaliador-19,Avaliador-25,Avaliador-2,,9.002,9.3271221535,7.51,6.0,5.0,7.0,,6.883333333,10.0,Fase 2 (5° e 6° ano),0,7.5,8.49045,7.843291097300001,Ametista,2024,Fase 2,5° e 6° ano
RA-624,2L,2L,Masculino,2022,Pública,,,Ametista,7.424538592592594,,,,3.0,Avaliador-19,Avaliador-25,Avaliador-2,,8.002,8.219461698,7.51,4.0,8.0,0.0,,7.213333333,10.0,Fase 2 (5° e 6° ano),0,7.916666667,8.270825,7.229425672900001,Ametista,2024,Fase 2,5° e 6° ano
RA-1487,2L,2L,Feminino,2024,Pública,,,,,,,,3.0,Avaliador-19,Avaliador-25,Avaliador-2,,10.002,9.5652173915,6.26,8.25,7.0,9.5,,7.833333333,5.0,Fase 3 (7° e 8° ano),-1,7.708333333,,8.0267434782,Topázio,2024,Fase 3,7° e 8° ano
RA-1488,2L,2L,Feminino,2024,Pública,,,,,,,,3.0,Avaliador-19,Avaliador-25,Avaliador-2,,8.002,7.111801242,7.51,3.5,7.0,0.0,,6.716666667,10.0,Fase 2 (5° e 6° ano),0,7.5,,6.7668935818000016,Ágata,2024,Fase 2,5° e 6° ano
RA-1489,2L,2L,Masculino,2024,Pública,,,,,,,,3.0,Avaliador-19,Avaliador-25,Avaliador-2,,9.002,5.793478261000001,6.26,5.0,5.0,5.0,,5.663333333,5.0,Fase 3 (7° e 8° ano),-1,6.666666667,,5.9842289855000015,Quartzo,2024,Fase 3,7° e 8° ano
RA-600,2L,2L,Feminino,2021,Pública,,Ametista,Ágata,7.011141486631016,,,,3.0,Avaliador-19,Avaliador-25,Avaliador-2,,8.002,8.010869565,7.51,7.5,8.0,7.0,,7.22,10.0,Fase 2 (5° e 6° ano),0,7.5,7.651658333,7.847373913,Ametista,2024,Fase 2,5° e 6° ano
RA-663,2L,2L,Masculino,2022,Pública,,,Ágata,6.3760686733500425,,,,3.0,Avaliador-19,Avaliador-25,Avaliador-2,,8.502,7.0910973085,5.625,6.5,6.0,7.0,,6.89,5.0,Fase 3 (7° e 8° ano),-1,6.875,6.969133333,6.696419461700001,Ágata,2024,Fase 3,7° e 8° ano
RA-1490,2L,2L,Feminino,2024,Privada,,,,,,,,3.0,Avaliador-19,Avaliador-25,Avaliador-2,,8.502,9.5652173915,6.26,7.75,8.0,7.5,,6.333333333,5.0,Fase 3 (7° e 8° ano),-1,6.666666667,,7.3725768116,Ametista,2024,Fase 3,7° e 8° ano
RA-1491,2L,2L,Masculino,2024,Pública,,,,,,,,3.0,Avaliador-19,Avaliador-25,Avaliador-2,,9.002,6.25,7.51,6.5,6.0,7.0,,7.78,10.0,Fase 2 (5° e 6° ano),0,7.5,,7.5072,Ametista,2024,Fase 2,5° e 6° ano
RA-1066,2L,2L,Feminino,2023,Pública,,,,,,,,3.0,Avaliador-19,Avaliador-25,Avaliador-2,,9.502,8.3954451345,6.26,7.25,7.0,7.5,,7.386666667,10.0,Fase 2 (5° e 6° ano),0,7.5,7.262616667,7.9326223603,Ametista,2024,Fase 2,5° e 6° ano
RA-630,2L,2L,Masculino,2022,Pública,,,Topázio,8.063890666666667,,,,3.0,Avaliador-19,Avaliador-25,Avaliador-2,,0.0,8.4782608695,7.51,5.75,6.0,5.5,,7.666666667,10.0,Fase 2 (5° e 6° ano),0,7.5,7.199991667,6.879985507300001,Ágata,2024,Fase 2,5° e 6° ano
RA-1492,2L,2L,Masculino,2024,Pública,,,,,,,,3.0,Avaliador-19,Avaliador-25,Avaliador-2,,8.002,8.8141025645,7.51,8.0,6.0,10.0,,8.45,10.0,Fase 1 (3° e 4° ano),1,8.75,,8.479020512900002,Topázio,2024,Fase 1,3° e 4° ano
RA-834,2L,2L,Masculino,2022,Pública,,,Topázio,8.135537771280053,,,,3.0,Avaliador-19,Avaliador-25,Avaliador-2,,8.002,9.109730849,6.26,8.75,9.0,8.5,,8.723333333,10.0,Fase 2 (5° e 6° ano),0,7.708333333,8.662616667,8.513646169700001,Topázio,2024,Fase 2,5° e 6° ano
RA-784,2M,2M,Feminino,2022,Privada - Programa de Apadrinhamento,,,Topázio,8.339586333333333,,,,3.0,Avaliador-20,Avaliador-19,Avaliador-2,,8.002,9.7727272725,5.635,8.75,8.0,9.5,,9.4,10.0,Fase 2 (5° e 6° ano),0,9.375,8.171366667,8.8857454545,Topázio,2024,Fase 2,5° e 6° ano
RA-1059,2M,2M,Masculino,2023,Pública,,,,,,,,3.0,Avaliador-20,Avaliador-19,Avaliador-2,,8.002,10.0,6.26,7.5,7.5,7.5,,9.23,10.0,Fase 2 (5° e 6° ano),0,9.0625,7.763741667,8.678450000000002,Topázio,2024,Fase 2,5° e 6° ano
RA-612,2M,2M,Feminino,2021,Privada - Programa de Apadrinhamento,,Topázio,Ametista,7.593564610229277,,,,3.0,Avaliador-20,Avaliador-19,Avaliador-2,,8.002,9.5454545455,6.26,9.75,9.5,10.0,,9.4,10.0,Fase 2 (5° e 6° ano),0,9.6875,8.410783333,9.134040909100001,Topázio,2024,Fase 2,5° e 6° ano
RA-1060,2M,2M,Masculino,2023,Pública,,,,,,,,3.0,Avaliador-20,Avaliador-19,Avaliador-2,,9.585,6.0,6.26,3.25,3.5,3.0,,6.163333333,10.0,Fase 2 (5° e 6° ano),0,7.8125,7.095741667,6.448416666600001,Ágata,2024,Fase 2,5° e 6° ano
RA-761,2M,2M,Masculino,2022,Pública,,,Topázio,8.059871909502263,,,,3.0,Avaliador-20,Avaliador-19,Avaliador-2,,8.502,8.8636363635,6.26,7.25,8.0,6.5,,8.003333333,10.0,Fase 2 (5° e 6° ano),0,8.75,8.219533333,8.174593939300001,Topázio,2024,Fase 2,5° e 6° ano
RA-1493,2M,2M,Masculino,2024,Pública,,,,,,,,3.0,Avaliador-20,Avaliador-19,Avaliador-2,,8.502,7.8468899525,7.51,4.0,3.5,4.5,,5.946666667,5.0,Fase 3 (7° e 8° ano),-1,7.1875,,6.378661323900001,Ágata,2024,Fase 3,7° e 8° ano
RA-665,2M,2M,Feminino,2022,Pública,,,Ágata,6.9960036835016846,,,,3.0,Avaliador-20,Avaliador-19,Avaliador-2,,8.334,5.068181818,5.63,4.75,3.0,6.5,,5.443333333,5.0,Fase 3 (7° e 8° ano),-1,7.5,6.185658333,5.698703030200001,Quartzo,2024,Fase 3,7° e 8° ano
RA-1115,2M,2M,Feminino,2023,Pública,,,,,,,,3.0,Avaliador-20,Avaliador-19,Avaliador-2,,8.002,4.2676767675,7.51,6.25,6.5,6.0,,5.826666667,10.0,Fase 2 (5° e 6° ano),0,7.5,6.474,6.570068686900001,Ágata,2024,Fase 2,5° e 6° ano
RA-1061,2M,2M,Masculino,2023,Pública,,,,,,,,3.0,Avaliador-20,Avaliador-19,Avaliador-2,,8.502,10.0,6.26,8.5,7.0,10.0,,8.73,10.0,Fase 2 (5° e 6° ano),0,8.4375,8.196533333,8.76595,Topázio,2024,Fase 2,5° e 6° ano
RA-1494,2M,2M,Feminino,2024,Pública,,,,,,,,3.0,Avaliador-20,Avaliador-19,Avaliador-2,,0.0,6.7794117645,7.51,4.25,8.5,0.0,,5.84,10.0,Fase 2 (5° e 6° ano),0,7.5,,5.8748823529,Quartzo,2024,Fase 2,5° e 6° ano
RA-1495,2M,2M,Feminino,2021,Pública,,,,,,,,3.0,Avaliador-20,Avaliador-19,Avaliador-2,,9.002,8.318181818,7.51,8.25,8.5,8.0,,8.223333333,10.0,Fase 2 (5° e 6° ano),0,8.75,,8.4845030302,Topázio,2024,Fase 2,5° e 6° ano
RA-606,2M,2M,Masculino,2022,Pública,,,Ágata,6.126856186741364,,,,3.0,Avaliador-20,Avaliador-19,Avaliador-2,,8.502,7.6136363634999995,6.885,3.25,3.5,3.0,,5.606666667,10.0,Fase 2 (5° e 6° ano),0,8.125,7.402491667,6.645260606100001,Ágata,2024,Fase 2,5° e 6° ano
RA-594,2M,2M,Masculino,2022,Pública,,,Ametista,7.392173272727273,,,,3.0,Avaliador-20,Avaliador-19,Avaliador-2,,6.918,5.75,6.26,7.0,6.5,7.5,,6.053333333,10.0,Fase 2 (5° e 6° ano),0,8.125,6.702033333,6.890966666600001,Ágata,2024,Fase 2,5° e 6° ano
RA-1496,2M,2M,Feminino,2024,Pública,,,,,,,,3.0,Avaliador-20,Avaliador-19,Avaliador-2,,9.002,5.714285714500001,7.51,4.25,2.5,6.0,,6.773333333,10.0,Fase 2 (5° e 6° ano),0,7.8125,,6.7799738095,Ágata,2024,Fase 2,5° e 6° ano
RA-1497,2M,2M,Feminino,2024,Pública,,,,,,,,3.0,Avaliador-20,Avaliador-19,Avaliador-2,,0.0,5.0227272725,7.51,2.0,4.0,0.0,,6.996666667,10.0,Fase 2 (5° e 6° ano),0,6.875,,5.2423787879,Quartzo,2024,Fase 2,5° e 6° ano
RA-1498,2M,2M,Feminino,2024,Pública,,,,,,,,3.0,Avaliador-20,Avaliador-19,Avaliador-2,,8.502,7.840909091,7.51,7.0,5.0,9.0,,6.33,5.0,Fase 3 (7° e 8° ano),-1,8.125,,7.147881818200001,Ametista,2024,Fase 3,7° e 8° ano
RA-1499,2N,2N,Feminino,2024,Pública,,,,,,,,3.0,Avaliador-20,Avaliador-19,Avaliador-2,,8.418,9.25,6.885,6.5,6.0,7.0,,7.11,10.0,Fase 2 (5° e 6° ano),0,8.125,,7.914800000000001,Ametista,2024,Fase 2,5° e 6° ano
RA-788,2N,2N,Masculino,2021,Privada - Programa de Apadrinhamento,,Topázio,Topázio,8.264312621417798,,,,3.0,Avaliador-20,Avaliador-19,Avaliador-2,,8.418,9.519450801,6.26,5.75,4.0,7.5,,7.783333333,10.0,Fase 2 (5° e 6° ano),0,8.4375,7.806091667,7.9221068268,Ametista,2024,Fase 2,5° e 6° ano
RA-1500,2N,2N,Masculino,2024,Pública,,,,,,,,3.0,Avaliador-20,Avaliador-19,Avaliador-2,,9.502,8.3333333335,6.885,3.5,2.0,5.0,,7.556666667,10.0,Fase 2 (5° e 6° ano),0,8.4375,,7.360450000100002,Ametista,2024,Fase 2,5° e 6° ano
RA-777,2N,2N,Feminino,2022,Pública,,,Ametista,7.096346507013722,,,,3.0,Avaliador-20,Avaliador-19,Avaliador-2,,8.002,8.7757437075,7.51,4.5,3.5,5.5,,7.723333333,10.0,Fase 2 (5° e 6° ano),0,8.125,7.468125,7.563515408100001,Ametista,2024,Fase 2,5° e 6° ano
RA-1063,2N,2N,Masculino,2023,Pública,,,,,,,,3.0,Avaliador-20,Avaliador-19,Avaliador-2,,5.25,9.75,7.51,7.75,9.0,6.5,,6.11,5.0,Fase 3 (7° e 8° ano),-1,7.8125,7.490825,7.279250000000001,Ametista,2024,Fase 3,7° e 8° ano
RA-664,2N,2N,Feminino,2022,Pública,,,Ametista,7.276853518518519,,,,3.0,Avaliador-20,Avaliador-19,Avaliador-2,,9.002,6.7734553775,7.51,5.75,3.0,8.5,,7.666666667,10.0,Fase 2 (5° e 6° ano),0,8.125,8.0872,7.5017244089,Ametista,2024,Fase 2,5° e 6° ano
RA-1501,2N,2N,Feminino,2024,Pública,,,,,,,,3.0,Avaliador-20,Avaliador-19,Avaliador-2,,9.502,10.0,7.51,5.0,4.5,5.5,,7.5,10.0,Fase 2 (5° e 6° ano),0,8.4375,,8.04495,Topázio,2024,Fase 2,5° e 6° ano
RA-764,2N,2N,Masculino,2022,Privada,,,Ametista,8.004340111446288,,,,3.0,Avaliador-20,Avaliador-19,Avaliador-2,,8.002,7.8804347825,7.51,6.0,3.0,9.0,,8.336666667,10.0,Fase 2 (5° e 6° ano),0,8.4375,7.682125,7.838370289900001,Ametista,2024,Fase 2,5° e 6° ano
RA-1064,2N,2N,Masculino,2023,Pública,,,,,,,,3.0,Avaliador-20,Avaliador-19,Avaliador-2,,9.502,9.7368421055,7.51,8.5,8.0,9.0,,8.783333333,10.0,Fase 2 (5° e 6° ano),0,8.75,8.4777,8.9802350877,Topázio,2024,Fase 2,5° e 6° ano
RA-1065,2N,2N,Feminino,2023,Pública,,,,,,,,3.0,Avaliador-20,Avaliador-19,Avaliador-2,,9.502,8.8152173915,6.26,9.25,9.0,9.5,,8.84,10.0,Fase 2 (5° e 6° ano),0,9.0625,8.03395,8.8634934783,Topázio,2024,Fase 2,5° e 6° ano
RA-1502,2N,2N,Feminino,2024,Pública,,,,,,,,3.0,Avaliador-20,Avaliador-19,Avaliador-2,,8.002,7.628205128,7.51,5.25,3.5,7.0,,7.39,5.0,Fase 3 (7° e 8° ano),-1,7.8125,,6.886091025600001,Ágata,2024,Fase 3,7° e 8° ano
RA-781,2N,2N,Feminino,2021,Pública,,Topázio,Ametista,7.785693147804151,,,,3.0,Avaliador-20,Avaliador-19,Avaliador-2,,8.002,9.75,7.51,7.25,5.0,9.5,,8.506666667,10.0,Fase 2 (5° e 6° ano),0,8.4375,8.209283333,8.496283333400001,Topázio,2024,Fase 2,5° e 6° ano
RA-608,2N,2N,Masculino,2022,Pública,,,Ametista,7.216203925925925,,,,3.0,Avaliador-20,Avaliador-19,Avaliador-2,,9.002,3.054347826,6.885,4.25,5.0,3.5,,5.053333333,10.0,Fase 2 (5° e 6° ano),0,7.1875,7.401741667,5.778986231800001,Quartzo,2024,Fase 2,5° e 6° ano
RA-796,2P,2P,Feminino,2022,Pública,,,Ametista,7.232068817813765,,,,3.0,Avaliador-20,Avaliador-19,Avaliador-2,,8.502,8.2212885155,7.51,5.25,3.0,7.5,,7.326666667,5.0,Fase 3 (7° e 8° ano),-1,7.916666667,7.462866667,7.052457703200001,Ametista,2024,Fase 3,7° e 8° ano
RA-797,2P,2P,Masculino,2021,Pública,,Ágata,Ametista,7.216575886639676,,,,3.0,Avaliador-20,Avaliador-19,Avaliador-2,,9.168,4.840909091,7.51,7.25,8.0,6.5,,6.723333333,5.0,Fase 3 (7° e 8° ano),-1,6.666666667,7.373033333,6.597315151500001,Ágata,2024,Fase 3,7° e 8° ano
RA-636,2P,2P,Masculino,2022,Pública,,,Ametista,7.189287269841271,,,,3.0,Avaliador-20,Avaliador-19,Avaliador-2,,8.002,4.9043062200000005,7.51,5.25,4.0,6.5,,5.553333333,10.0,Fase 2 (5° e 6° ano),0,6.875,6.836666667,6.3802279106,Ágata,2024,Fase 2,5° e 6° ano
RA-1140,2P,2P,Feminino,2023,Pública,,,,,,,,3.0,Avaliador-20,Avaliador-19,Avaliador-2,,6.834,6.112440191499999,7.51,7.0,4.5,9.5,,7.39,10.0,Fase 2 (5° e 6° ano),0,8.125,7.703533333,7.3473880383,Ametista,2024,Fase 2,5° e 6° ano
RA-1503,2P,2P,Feminino,2024,Pública,,,,,,,,3.0,Avaliador-20,Avaliador-19,Avaliador-2,,7.502,10.0,7.51,2.75,3.0,2.5,,7.723333333,5.0,Fase 3 (7° e 8° ano),-1,8.958333333,,6.991699999900001,Ágata,2024,Fase 3,7° e 8° ano
RA-814,2P,2P,Masculino,2022,Pública,,,Ametista,7.592405198653199,,,,3.0,Avaliador-20,Avaliador-19,Avaliador-2,,7.418,9.090909091,7.51,7.5,8.0,7.0,,7.053333333,10.0,Fase 2 (5° e 6° ano),0,7.5,8.367866667,7.971648484800001,Ametista,2024,Fase 2,5° e 6° ano
RA-637,2P,2P,Feminino,2021,Pública,,Topázio,Ametista,7.0386924761904766,,,,3.0,Avaliador-20,Avaliador-19,Avaliador-2,,7.502,6.2272727275,7.51,7.75,6.5,9.0,,7.776666667,10.0,Fase 2 (5° e 6° ano),0,8.333333333,8.109533333,7.6853212122,Ametista,2024,Fase 2,5° e 6° ano
RA-652,2P,2P,Feminino,2022,Pública,,,Topázio,8.150927925925927,,,,3.0,Avaliador-20,Avaliador-19,Avaliador-2,,8.002,6.931818182000001,7.51,5.5,4.5,6.5,,7.663333333,10.0,Fase 2 (5° e 6° ano),0,7.916666667,7.871033333,7.361896969700001,Ametista,2024,Fase 2,5° e 6° ano
RA-816,2P,2P,Feminino,2022,Privada - Programa de Apadrinhamento,,,Topázio,8.512849483130905,,,,3.0,Avaliador-20,Avaliador-19,Avaliador-2,,7.002,9.7727272725,7.51,9.25,8.5,10.0,,8.786666667,10.0,Fase 2 (5° e 6° ano),0,9.166666667,8.5572,8.929745454599999,Topázio,2024,Fase 2,5° e 6° ano
RA-1504,2P,2P,Feminino,2024,Pública,,,,,,,,3.0,Avaliador-20,Avaliador-19,Avaliador-2,,7.5,4.6136363634999995,5.63,6.75,5.0,8.5,,6.94,5.0,Fase 3 (7° e 8° ano),-1,5.833333333,,6.057060605999999,Quartzo,2024,Fase 3,7° e 8° ano
RA-638,2P,2P,Feminino,2021,Pública,Topázio,Ametista,Ametista,7.058532857142858,,,,3.0,Avaliador-20,Avaliador-19,Avaliador-2,,8.502,5.7272727275,7.51,5.0,4.0,6.0,,5.936666667,10.0,Fase 2 (5° e 6° ano),0,8.125,7.754866667,6.7464878789,Ágata,2024,Fase 2,5° e 6° ano
RA-1505,2P,2P,Masculino,2024,Pública,,,,,,,,3.0,Avaliador-20,Avaliador-19,Avaliador-2,,9.502,7.5252525255,7.51,3.75,3.0,4.5,,6.943333333,5.0,Fase 3 (7° e 8° ano),-1,8.75,,6.7199171717,Ágata,2024,Fase 3,7° e 8° ano
RA-643,2P,2P,Masculino,2022,Pública,,,Ágata,6.763162264550265,,,,3.0,Avaliador-20,Avaliador-19,Avaliador-2,,9.002,6.8660287085,7.51,4.5,3.0,6.0,,5.826666667,5.0,Fase 3 (7° e 8° ano),-1,8.125,7.389033333,6.402239075100001,Ágata,2024,Fase 3,7° e 8° ano
RA-645,2P,2P,Feminino,2022,Pública,,,Ágata,6.085650148148147,,,,3.0,Avaliador-20,Avaliador-19,Avaliador-2,,7.418,8.3863636365,7.51,5.25,3.0,7.5,,7.556666667,10.0,Fase 2 (5° e 6° ano),0,7.708333333,7.613033333,7.502239394,Ametista,2024,Fase 2,5° e 6° ano
RA-1068,2R,2R,Masculino,2023,Pública,,,,,,,,3.0,Avaliador-19,Avaliador-25,Avaliador-2,,9.502,9.068181818,7.51,9.5,9.0,10.0,,8.73,10.0,Fase 2 (5° e 6° ano),0,8.541666667,8.472533333,9.0150030303,Topázio,2024,Fase 2,5° e 6° ano
RA-798,2R,2R,Masculino,2022,Pública,,,Ametista,7.0492678609986505,,,,3.0,Avaliador-19,Avaliador-25,Avaliador-2,,6.834,3.5064935065,7.51,4.75,4.0,5.5,,2.943333333,5.0,Fase 3 (7° e 8° ano),-1,5.0,7.018033333,4.6743653679,Quartzo,2024,Fase 3,7° e 8° ano
RA-799,2R,2R,Feminino,2022,Pública,,,Ametista,7.676131896086369,,,,3.0,Avaliador-20,Avaliador-19,Avaliador-2,,7.918,9.090909091,7.51,5.25,5.0,5.5,,7.5,10.0,Fase 2 (5° e 6° ano),0,7.916666667,8.061533333,7.702648484900001,Ametista,2024,Fase 2,5° e 6° ano
RA-1506,2R,2R,Feminino,2024,Pública,,,,,,,,3.0,Avaliador-19,Avaliador-25,Avaliador-2,,8.002,8.3874458875,7.51,3.5,0.0,7.0,,7.886666667,10.0,Fase 2 (5° e 6° ano),0,6.458333333,,7.151855844200001,Ametista,2024,Fase 2,5° e 6° ano
RA-802,2R,2R,Masculino,2021,Pública,,Ametista,Ametista,7.830788433198381,,,,3.0,Avaliador-19,Avaliador-25,Avaliador-2,,7.502,7.012987013,7.51,8.75,9.0,8.5,,6.723333333,10.0,Fase 2 (5° e 6° ano),0,8.333333333,8.126866667,7.8317974024999994,Ametista,2024,Fase 2,5° e 6° ano
RA-1507,2R,2R,Masculino,2024,Pública,,,,,,,,3.0,Avaliador-19,Avaliador-25,Avaliador-2,,6.918,4.448051948,7.51,5.0,5.0,5.0,,3.776666667,5.0,Fase 3 (7° e 8° ano),-1,4.583333333,,5.046077056300001,Quartzo,2024,Fase 3,7° e 8° ano
RA-1071,2R,2R,Masculino,2023,Pública,,,,,,,,3.0,Avaliador-19,Avaliador-25,Avaliador-2,,8.002,4.188311688500001,7.51,4.5,4.0,5.0,,2.996666667,5.0,Fase 3 (7° e 8° ano),-1,4.166666667,6.414033333,4.8048623378,Quartzo,2024,Fase 3,7° e 8° ano
RA-1508,2R,2R,Feminino,2024,Pública,,,,,,,,3.0,Avaliador-19,Avaliador-25,Avaliador-2,,7.502,7.2294372295,7.51,9.25,10.0,8.5,,8.166666667,10.0,Fase 2 (5° e 6° ano),0,7.5,,8.1804207793,Topázio,2024,Fase 2,5° e 6° ano
RA-1509,2R,2R,Masculino,2024,Pública,,,,,,,,3.0,Avaliador-19,Avaliador-25,Avaliador-2,,8.502,6.5151515155,7.51,7.5,7.0,8.0,,7.446666667,10.0,Fase 2 (5° e 6° ano),0,6.666666667,,7.560230303200001,Ametista,2024,Fase 2,5° e 6° ano
RA-1510,2R,2R,Feminino,2024,Pública,,,,,,,,3.0,Avaliador-19,Avaliador-25,Avaliador-2,,10.002,9.7727272725,7.51,10.0,10.0,10.0,,9.003333333,10.0,Fase 2 (5° e 6° ano),0,9.583333333,,9.464745454400001,Topázio,2024,Fase 2,5° e 6° ano
RA-785,2U,2U,Feminino,2022,Pública,,,Ametista,7.6422905052790355,,,,3.0,Avaliador-19,Avaliador-25,Avaliador-2,,9.502,10.0,7.51,9.0,8.0,10.0,,8.893333333,10.0,Fase 2 (5° e 6° ano),0,8.75,8.137866667,9.1548666666,Topázio,2024,Fase 2,5° e 6° ano
RA-1511,2U,2U,Feminino,2024,Pública,,,,,,,,3.0,Avaliador-19,Avaliador-25,Avaliador-2,,10.002,9.3271221535,7.51,8.75,8.0,9.5,,8.556666667,10.0,Fase 2 (5° e 6° ano),0,8.4375,,8.9217077641,Topázio,2024,Fase 2,5° e 6° ano
RA-752,2U,2U,Feminino,2022,Pública,,,Topázio,8.196890131054133,,,,3.0,Avaliador-19,Avaliador-25,Avaliador-2,,9.502,7.525879916999999,7.51,5.75,7.0,4.5,,5.613333333,5.0,Fase 3 (7° e 8° ano),-1,5.9375,8.073825,6.57279265,Ágata,2024,Fase 3,7° e 8° ano
RA-790,2U,2U,Masculino,2022,Pública,,,Ametista,7.50432758974359,,,,3.0,Avaliador-19,Avaliador-25,Avaliador-2,,7.502,6.811594203,7.51,6.75,4.0,9.5,,6.883333333,5.0,Fase 3 (7° e 8° ano),-1,7.1875,6.707666667,6.8089355072,Ágata,2024,Fase 3,7° e 8° ano
RA-590,2U,2U,Feminino,2021,Privada,Ametista,Ágata,Ametista,7.4346362807017545,,,,3.0,Avaliador-19,Avaliador-25,Avaliador-2,,8.002,8.457556936,6.26,4.0,8.0,0.0,,7.723333333,5.0,Fase 3 (7° e 8° ano),-1,7.5,7.647666667,6.712378053800001,Ágata,2024,Fase 3,7° e 8° ano
RA-1512,2U,2U,Feminino,2024,Pública,,,,,,,,3.0,Avaliador-19,Avaliador-25,Avaliador-2,,9.502,10.0,7.51,5.5,7.0,4.0,,7.61,10.0,Fase 2 (5° e 6° ano),0,7.8125,,8.10445,Topázio,2024,Fase 2,5° e 6° ano
RA-472,2U,2U,Feminino,2022,Pública,,,Quartzo,5.9300813955984975,,,,3.0,Avaliador-19,Avaliador-25,Avaliador-2,,7.502,7.48447205,7.51,6.25,4.0,8.5,,6.333333333,5.0,Fase 3 (7° e 8° ano),-1,6.25,6.6858,6.6397610766,Ágata,2024,Fase 3,7° e 8° ano
RA-628,2U,2U,Masculino,2022,Pública,,,Ametista,7.576531180695848,,,,3.0,Avaliador-19,Avaliador-25,Avaliador-2,,9.002,10.0,7.51,9.0,8.0,10.0,,7.833333333,5.0,Fase 3 (7° e 8° ano),-1,7.1875,8.370325,8.2366166666,Topázio,2024,Fase 3,7° e 8° ano
RA-1513,2U,2U,Feminino,2024,Pública,,,,,,,,3.0,Avaliador-19,Avaliador-25,Avaliador-2,,8.502,7.5252525255,7.51,3.75,4.0,3.5,,7.223333333,5.0,Fase 3 (7° e 8° ano),-1,7.5,,6.5509171717,Ágata,2024,Fase 3,7° e 8° ano
RA-1514,2U,2U,Feminino,2024,Pública,,,,,,,,3.0,Avaliador-19,Avaliador-25,Avaliador-2,,9.002,7.979797980000001,7.51,5.5,5.0,6.0,,7.273333333,10.0,Fase 2 (5° e 6° ano),0,7.1875,,7.520576262600001,Ametista,2024,Fase 2,5° e 6° ano
RA-629,2U,2U,Feminino,2022,Pública,,,Topázio,8.109723333333333,,,,3.0,Avaliador-19,Avaliador-25,Avaliador-2,,10.002,9.523809524,7.51,6.0,6.0,6.0,,7.276666667,10.0,Fase 2 (5° e 6° ano),0,7.5,8.013866667,8.061295238200001,Topázio,2024,Fase 2,5° e 6° ano
RA-832,2U,2U,Masculino,2022,Pública,,,Topázio,8.178844113710202,,,,3.0,Avaliador-19,Avaliador-25,Avaliador-2,,9.002,8.695652174,7.51,8.0,7.0,9.0,,7.5,10.0,Fase 2 (5° e 6° ano),0,7.5,8.2697,8.2403304348,Topázio,2024,Fase 2,5° e 6° ano
RA-1515,2U,2U,Feminino,2024,Pública,,,,,,,,3.0,Avaliador-19,Avaliador-25,Avaliador-2,,6.418,6.6666666665,6.255,3.5,6.0,1.0,,6.72,5.0,Fase 3 (7° e 8° ano),-1,6.875,,5.832133333300001,Quartzo,2024,Fase 3,7° e 8° ano
RA-833,2U,2U,Masculino,2022,Pública,,,Ametista,7.790571508771929,,,,3.0,Avaliador-19,Avaliador-25,Avaliador-2,,9.002,9.3271221535,7.51,8.0,9.0,7.0,,7.946666667,10.0,Fase 2 (5° e 6° ano),0,8.125,7.81295,8.5184577641,Topázio,2024,Fase 2,5° e 6° ano
RA-819,2U,2U,Masculino,2022,Pública,,,Ametista,7.740741074074075,,,,3.0,Avaliador-19,Avaliador-25,Avaliador-2,,10.002,7.784679089,7.51,9.0,8.0,10.0,,8.503333333,10.0,Fase 1 (3° e 4° ano),1,8.4375,7.944833333,8.652552484400001,Topázio,2024,Fase 1,3° e 4° ano
RA-1073,3A,3A,Feminino,2022,Pública,,,,,,,,4.0,Avaliador-21,Avaliador-26,Avaliador-23,Avaliador-5,9.168,6.370972886666667,7.5,6.5,6.5,5.0,8.0,5.7875,10.0,Fase 3 (7° e 8° ano),0,6.875,6.384333333,7.0859945773333335,Ametista,2024,Fase 3,7° e 8° ano
RA-494,3A,3A,Feminino,2022,Privada,,,Ágata,6.407077164021164,,,,4.0,Avaliador-21,Avaliador-26,Avaliador-23,Avaliador-5,7.5,7.329323308333333,8.755,6.333333333333333,6.0,5.5,7.5,8.915,10.0,Fase 3 (7° e 8° ano),0,7.8125,7.116633333,7.922281328333334,Ametista,2024,Fase 3,7° e 8° ano
RA-484,3A,3A,Masculino,2022,Pública,,,Ágata,6.709725111111111,,,,4.0,Avaliador-21,Avaliador-26,Avaliador-23,Avaliador-5,8.334,3.9141382866666667,2.51,0.0,0.0,0.0,0.0,3.1225,10.0,Fase 3 (7° e 8° ano),0,3.4375,5.515466667,3.8354776573333336,Quartzo,2024,Fase 3,7° e 8° ano
RA-496,3A,3A,Masculino,2021,Privada,Quartzo,Quartzo,Ágata,6.683335555555555,,,,4.0,Avaliador-21,Avaliador-26,Avaliador-23,Avaliador-5,10.002,5.315995871999999,6.255,5.666666666666667,5.0,4.5,7.5,6.1625,10.0,Fase 3 (7° e 8° ano),0,6.71875,6.603666667,6.726607507733334,Ágata,2024,Fase 3,7° e 8° ano
RA-1516,3A,3A,Feminino,2024,Privada,,,,,,,,4.0,Avaliador-21,Avaliador-26,Avaliador-23,Avaliador-5,9.585,5.404288499000001,9.38,4.666666666666667,0.0,5.0,9.0,7.5475,10.0,Fase 3 (7° e 8° ano),3,7.96875,,7.217066033133334,Ametista,2024,Fase 3,7° e 8° ano
RA-1143,3A,3A,Feminino,2021,Pública,,,,,,,,4.0,Avaliador-21,Avaliador-26,Avaliador-23,Avaliador-5,9.585,5.201336675,9.38,3.1666666666666665,3.0,6.5,0.0,6.79,2.5,Fase 6 (2° EM),-3,7.03125,6.445933333,5.881225668333334,Quartzo,2024,Fase 6,2° EM
RA-1517,3A,3A,Masculino,2024,Pública,,,,,,,,4.0,Avaliador-21,Avaliador-26,Avaliador-23,Avaliador-5,9.168,4.305555555666667,9.38,4.666666666666667,5.0,4.5,4.5,6.7075,5.0,Fase 4 (9° ano),-1,7.5,,6.240744444466667,Ágata,2024,Fase 4,9° ano
RA-1518,3A,3A,Feminino,2022,Pública,,,,,,,,4.0,Avaliador-21,Avaliador-26,Avaliador-23,Avaliador-5,7.084,5.714285714333333,9.38,1.75,0.0,3.5,,6.5825,5.0,Fase 4 (9° ano),-1,7.65625,,5.721382142866666,Quartzo,2024,Fase 4,9° ano
RA-227,3A,3A,Masculino,2022,Pública,,,Ágata,6.470788936720144,,,,4.0,Avaliador-21,Avaliador-26,Avaliador-23,Avaliador-5,9.585,8.097577276666668,9.38,6.5,4.0,6.0,9.5,7.54,10.0,Fase 3 (7° e 8° ano),0,7.5,7.722125,8.074015455333335,Topázio,2024,Fase 3,7° e 8° ano
RA-487,3A,3A,Feminino,2021,Privada - Programa de Apadrinhamento,Topázio,Topázio,Topázio,8.416724112554114,,,,4.0,Avaliador-21,Avaliador-26,Avaliador-23,Avaliador-5,9.168,9.441269841333334,9.38,9.666666666666666,10.0,9.0,10.0,9.1725,10.0,Fase 3 (7° e 8° ano),0,9.0625,8.988866667,9.4171373016,Topázio,2024,Fase 3,7° e 8° ano
RA-1076,3A,3A,Feminino,2021,Pública,,,,,,,,4.0,Avaliador-21,Avaliador-26,Avaliador-23,Avaliador-5,8.334,7.777033492666668,8.125,6.333333333333333,5.5,6.5,7.0,6.5425,10.0,Fase 3 (7° e 8° ano),0,7.03125,7.901033333,7.479598365200001,Ametista,2024,Fase 3,7° e 8° ano
RA-1084,3A,3A,Feminino,2023,Pública,,,,,,,,4.0,Avaliador-21,Avaliador-26,Avaliador-23,Avaliador-5,8.751,7.705263158,5.63,3.6666666666666665,1.0,6.0,4.0,7.4575,10.0,Fase 3 (7° e 8° ano),0,7.03125,7.9948,6.9071109649333335,Ágata,2024,Fase 3,7° e 8° ano
RA-1519,3A,3A,Masculino,2024,,,,,,,,,4.0,Avaliador-21,Avaliador-26,Avaliador-23,Avaliador-5,9.585,5.560902255666666,8.755,4.833333333333333,0.0,6.5,8.0,7.5025,10.0,Fase 3 (7° e 8° ano),3,7.96875,,7.210222117800001,Ametista,2024,Fase 3,7° e 8° ano
RA-490,3A,3A,Feminino,2022,Privada,,,Ametista,7.5764812987012995,,,,4.0,Avaliador-21,Avaliador-26,Avaliador-23,Avaliador-5,9.168,5.5110047846666665,8.755,6.166666666666667,5.5,6.0,7.0,7.295,10.0,Fase 2 (5° e 6° ano),1,7.8125,7.429466667,7.368084290266667,Ametista,2024,Fase 2,5° e 6° ano
RA-346,3A,3A,Masculino,2022,Pública,,,Topázio,8.143057777777779,,,,4.0,Avaliador-21,Avaliador-26,Avaliador-23,Avaliador-5,10.002,9.149206349333333,2.51,6.166666666666667,6.0,4.5,8.0,8.2525,10.0,Fase 3 (7° e 8° ano),0,7.96875,7.305541667,7.761749603200001,Ametista,2024,Fase 3,7° e 8° ano
RA-546,3B,3B,Feminino,2021,Pública,,Quartzo,Ágata,6.770192769423559,,,,4.0,Avaliador-21,Avaliador-26,Avaliador-23,Avaliador-5,5.832,3.7838383836666662,8.135,4.666666666666667,0.0,4.0,10.0,5.5,10.0,Fase 3 (7° e 8° ano),0,5.15625,6.031666667,5.702426010066667,Quartzo,2024,Fase 3,7° e 8° ano
RA-1087,3B,3B,Feminino,2023,Pública,,,,,,,,4.0,Avaliador-21,Avaliador-26,Avaliador-23,Avaliador-5,7.917,8.393265993333333,8.755,2.6666666666666665,2.0,5.0,1.0,6.58,10.0,Fase 3 (7° e 8° ano),0,7.1875,7.2067,6.913936532,Ágata,2024,Fase 3,7° e 8° ano
RA-493,3B,3B,Feminino,2021,Pública,Topázio,Topázio,Topázio,8.306175283950617,,,,4.0,Avaliador-21,Avaliador-26,Avaliador-23,Avaliador-5,10.002,8.933333333333334,10.0,3.1666666666666665,3.0,4.0,2.5,6.705,10.0,Fase 2 (5° e 6° ano),1,7.03125,7.934366667,7.4643250000000005,Ametista,2024,Fase 2,5° e 6° ano
RA-1520,3B,3B,Feminino,2024,Pública,,,,,,,,4.0,Avaliador-21,Avaliador-26,Avaliador-23,Avaliador-5,8.334,9.060606060666666,8.75,3.75,4.0,3.5,,7.3325,5.0,Fase 4 (9° ano),-1,7.65625,,7.0026462121333335,Ametista,2024,Fase 4,9° ano
RA-1072,3B,3B,Masculino,2023,Pública,,,,,,,,4.0,Avaliador-21,Avaliador-26,Avaliador-23,Avaliador-5,8.751,5.627886710333333,8.755,8.166666666666666,8.0,7.0,9.5,7.545,10.0,Fase 3 (7° e 8° ano),0,7.96875,8.0152,7.8153856754,Ametista,2024,Fase 3,7° e 8° ano
RA-1521,3B,3B,Feminino,2024,Pública,,,,,,,,4.0,Avaliador-21,Avaliador-26,Avaliador-23,Avaliador-5,7.5,6.157902555,2.51,3.1666666666666665,2.0,5.5,2.0,5.4525,5.0,Fase 4 (9° ano),-1,6.09375,,5.065788844333333,Quartzo,2024,Fase 4,9° ano
RA-536,3B,3B,Feminino,2021,Pública,Topázio,Ametista,Ametista,7.105690655172413,,,,4.0,Avaliador-21,Avaliador-26,Avaliador-23,Avaliador-5,8.334,9.109090909,8.135,5.5,6.5,4.5,5.5,7.415,10.0,Fase 2 (5° e 6° ano),1,7.1875,7.759533333,7.7704681818,Ametista,2024,Fase 2,5° e 6° ano
RA-1079,3B,3B,Masculino,2023,Pública,,,,,,,,4.0,Avaliador-21,Avaliador-26,Avaliador-23,Avaliador-5,7.5,4.516498316333333,2.51,6.333333333333333,5.0,7.5,6.5,4.1625,10.0,Fase 3 (7° e 8° ano),0,4.21875,6.916533333,5.4253413299333335,Quartzo,2024,Fase 3,7° e 8° ano
RA-331,3B,3B,Feminino,2021,Pública,Ametista,Ametista,Ágata,6.636118019594441,,,,4.0,Avaliador-21,Avaliador-26,Avaliador-23,Avaliador-5,8.751,7.735353535333334,8.755,3.5,4.0,3.5,3.0,5.62,5.0,Fase 4 (9° ano),-1,6.09375,7.039791667,6.231045707066668,Ágata,2024,Fase 4,9° ano
RA-1522,3B,3B,Masculino,2024,Pública,,,,,,,,4.0,Avaliador-21,Avaliador-26,Avaliador-23,Avaliador-5,8.751,10.0,9.38,7.0,10.0,4.0,,7.1275,10.0,Fase 3 (7° e 8° ano),0,6.875,,8.3261,Topázio,2024,Fase 3,7° e 8° ano
RA-1096,3B,3B,Feminino,2023,Pública,,,,,,,,4.0,Avaliador-21,Avaliador-26,Avaliador-23,Avaliador-5,9.168,9.866666666666667,8.755,8.5,8.5,7.0,10.0,9.09,10.0,Fase 2 (5° e 6° ano),1,9.0625,8.615533333,9.189883333333334,Topázio,2024,Fase 2,5° e 6° ano
RA-513,3B,3B,Masculino,2021,Privada,,Topázio,Topázio,8.228772285714285,,,,4.0,Avaliador-21,Avaliador-26,Avaliador-23,Avaliador-5,10.002,8.831746031666666,8.135,7.666666666666667,9.0,5.5,8.5,8.545,10.0,Fase 2 (5° e 6° ano),1,9.0625,8.297866667,8.728632539666668,Topázio,2024,Fase 2,5° e 6° ano
RA-531,3B,3B,Masculino,2022,Pública,,,Ametista,8.057199636363638,,,,4.0,Avaliador-21,Avaliador-26,Avaliador-23,Avaliador-5,9.168,9.803921568666667,4.38,6.666666666666667,6.5,4.5,9.0,7.335,10.0,Fase 3 (7° e 8° ano),0,7.96875,8.3252,7.9127926470666665,Ametista,2024,Fase 3,7° e 8° ano
RA-1523,3B,3B,Masculino,2024,Pública,,,,,,,,4.0,Avaliador-21,Avaliador-26,Avaliador-23,Avaliador-5,6.666,9.283272283333334,8.755,8.166666666666666,8.0,6.5,10.0,8.755,10.0,Fase 2 (5° e 6° ano),1,8.90625,,8.67371279,Topázio,2024,Fase 2,5° e 6° ano
RA-1524,3B,3B,Feminino,2024,Pública,,,,,,,,4.0,Avaliador-21,Avaliador-26,Avaliador-23,Avaliador-5,7.917,2.777777777666667,7.51,4.0,4.0,4.0,,6.9175,5.0,Fase 4 (9° ano),-1,7.65625,,5.5473805555333335,Quartzo,2024,Fase 4,9° ano
RA-1147,3B,3B,Feminino,2023,Pública,,,,,,,,4.0,Avaliador-21,Avaliador-26,Avaliador-23,Avaliador-5,8.751,6.125925926,8.755,3.1666666666666665,2.0,5.0,2.5,5.495,5.0,Fase 4 (9° ano),-1,6.25,7.072983333,5.833118518533334,Quartzo,2024,Fase 4,9° ano
RA-479,3C,3C,Masculino,2021,Privada - Programa de Apadrinhamento,Topázio,Topázio,Topázio,8.464686539682539,,,,3.0,Avaliador-21,Avaliador-23,Avaliador-26,,9.168,9.866666666666667,2.51,9.666666666666666,10.0,9.0,10.0,9.45,10.0,Fase 2 (5° e 6° ano),1,9.375,8.988866667,8.901966666666668,Topázio,2024,Fase 2,5° e 6° ano
RA-517,3C,3C,Feminino,2021,Pública,Ametista,Ágata,Ametista,7.604387307346327,,,,3.0,Avaliador-21,Avaliador-23,Avaliador-26,,7.5,5.266499582333334,2.51,5.0,4.5,4.0,6.5,6.11,10.0,Fase 3 (7° e 8° ano),0,6.041666667,6.3104,5.880466583166668,Quartzo,2024,Fase 3,7° e 8° ano
RA-325,3C,3C,Masculino,2022,Pública,,,Ametista,7.619194363636365,,,,3.0,Avaliador-21,Avaliador-23,Avaliador-26,,9.168,9.866666666666667,7.51,7.0,7.0,5.5,8.5,7.553333333,10.0,Fase 3 (7° e 8° ano),0,8.333333333,6.243,8.385133333233336,Topázio,2024,Fase 3,7° e 8° ano
RA-1525,3C,3C,Masculino,2024,Pública,,,,,,,,3.0,Avaliador-21,Avaliador-23,Avaliador-26,,7.917,8.293650793666666,5.63,7.0,6.5,5.5,9.0,7.553333333,10.0,Fase 3 (7° e 8° ano),0,8.541666667,,7.778263492033334,Ametista,2024,Fase 3,7° e 8° ano
RA-518,3C,3C,Masculino,2022,Pública,,,Ametista,7.660716285714286,,,,3.0,Avaliador-21,Avaliador-23,Avaliador-26,,8.334,6.8300751879999995,2.51,4.0,7.5,3.5,1.0,6.94,10.0,Fase 3 (7° e 8° ano),0,7.083333333,7.5762,6.3467483709,Ágata,2024,Fase 3,7° e 8° ano
RA-1146,3C,3C,Feminino,2023,Pública,,,,,,,,3.0,Avaliador-21,Avaliador-23,Avaliador-26,,10.002,5.017209691,6.88,2.0,2.0,0.0,4.0,5.883333333,5.0,Fase 5 (1° EM),-2,6.25,6.689583333,5.3933086048000005,Quartzo,2024,Fase 5,1° EM
RA-530,3C,3C,Masculino,2021,Pública,Topázio,Topázio,Topázio,8.33840773949389,,,,3.0,Avaliador-21,Avaliador-23,Avaliador-26,,8.751,6.468838763666667,9.38,4.5,4.0,6.0,3.5,7.496666667,10.0,Fase 3 (7° e 8° ano),0,7.083333333,7.653033333,7.214534419433333,Ametista,2024,Fase 3,7° e 8° ano
RA-524,3C,3C,Masculino,2021,Pública,Ametista,Ametista,Ágata,6.946674134932534,,,,3.0,Avaliador-21,Avaliador-23,Avaliador-26,,7.083,5.111779448666667,2.51,8.666666666666666,8.5,7.5,10.0,7.39,10.0,Fase 3 (7° e 8° ano),0,8.333333333,7.331133333,7.026322556366667,Ametista,2024,Fase 3,7° e 8° ano
RA-578,3C,3C,Masculino,2021,Privada - Programa de Apadrinhamento,Ametista,Topázio,Topázio,8.813892666666668,,,,3.0,Avaliador-21,Avaliador-23,Avaliador-26,,10.002,10.0,2.51,9.833333333333334,10.0,9.5,10.0,9.45,10.0,Fase 2 (5° e 6° ano),1,9.583333333,9.013866667,9.066199999966669,Topázio,2024,Fase 2,5° e 6° ano
RA-526,3C,3C,Masculino,2022,Pública,,,Topázio,8.079349826086958,,,,3.0,Avaliador-21,Avaliador-23,Avaliador-26,,9.585,9.382456140333334,8.13,7.333333333333333,8.5,3.5,10.0,7.496666667,5.0,Fase 4 (9° ano),-1,7.291666667,8.0957,7.843157894833334,Ametista,2024,Fase 4,9° ano
RA-528,3C,3C,Masculino,2021,Pública,,Ametista,Quartzo,5.334539516483517,,,,3.0,Avaliador-21,Avaliador-23,Avaliador-26,,9.168,5.793483709333334,7.51,6.666666666666667,8.5,4.5,7.0,6.936666667,10.0,Fase 3 (7° e 8° ano),0,7.291666667,7.6892,7.276330075300001,Ametista,2024,Fase 3,7° e 8° ano
RA-516,3C,3C,Masculino,2021,Privada - Programa de Apadrinhamento,Topázio,Topázio,Topázio,8.902781333333333,,,,3.0,Avaliador-21,Avaliador-23,Avaliador-26,,10.002,10.0,2.51,8.833333333333334,8.0,8.5,10.0,7.56,10.0,Fase 2 (5° e 6° ano),1,8.541666667,8.6807,8.384033333366668,Topázio,2024,Fase 2,5° e 6° ano
RA-534,3C,3C,Masculino,2021,Pública,,Ametista,Ametista,7.131280678842398,,,,3.0,Avaliador-21,Avaliador-23,Avaliador-26,,9.585,6.043441938333333,7.51,5.0,4.0,4.0,7.0,7.103333333,10.0,Fase 3 (7° e 8° ano),0,7.5,5.8385,7.088855054266667,Ametista,2024,Fase 3,7° e 8° ano
RA-1097,3C,3C,Masculino,2023,Pública,,,,,,,,3.0,Avaliador-21,Avaliador-23,Avaliador-26,,10.002,4.849791144666667,6.25,3.0,4.5,4.5,0.0,5.88,5.0,Fase 4 (9° ano),-1,6.041666667,6.9547,5.475324895633334,Quartzo,2024,Fase 4,9° ano
RA-360,3C,3C,Feminino,2021,Pública,Ametista,Ágata,Ametista,7.075193052489235,,,,3.0,Avaliador-21,Avaliador-23,Avaliador-26,,8.334,5.618045113,5.0,5.833333333333333,4.0,6.0,7.5,6.993333333,5.0,Fase 4 (9° ano),-1,7.708333333,5.790875,6.293175689166667,Ágata,2024,Fase 4,9° ano
RA-1526,3D,3D,Feminino,2024,Pública,,,,,,,,4.0,Avaliador-22,Avaliador-23,Avaliador-26,Avaliador-5,9.168,10.0,8.75,3.75,2.0,5.5,,8.1275,10.0,Fase 3 (7° e 8° ano),0,8.125,,7.9798,Ametista,2024,Fase 3,7° e 8° ano
RA-1077,3D,3D,Masculino,2023,Pública,,,,,,,,4.0,Avaliador-22,Avaliador-23,Avaliador-26,Avaliador-5,0.0,7.703703703666666,6.885,2.0,0.0,6.0,0.0,6.37,10.0,Fase 3 (7° e 8° ano),0,6.40625,7.2115,5.543865740733334,Quartzo,2024,Fase 3,7° e 8° ano
RA-508,3D,3D,Masculino,2022,Pública,,,Ágata,6.575002222222222,,,,4.0,Avaliador-22,Avaliador-23,Avaliador-26,Avaliador-5,7.083,5.567251461999999,7.51,4.666666666666667,0.0,7.0,7.0,7.5,10.0,Fase 2 (5° e 6° ano),1,7.65625,7.671633333,6.771708625733333,Ágata,2024,Fase 2,5° e 6° ano
RA-363,3D,3D,Masculino,2022,Privada,,,Ágata,6.644446000000001,,,,4.0,Avaliador-22,Avaliador-23,Avaliador-26,Avaliador-5,9.585,9.523809524,5.625,5.333333333333333,4.0,3.5,8.5,6.955,10.0,Fase 3 (7° e 8° ano),0,7.34375,6.680833333,7.617803571466666,Ametista,2024,Fase 3,7° e 8° ano
RA-340,3D,3D,Masculino,2021,Pública,Ametista,Ágata,Ametista,7.720835333333334,,,,4.0,Avaliador-22,Avaliador-23,Avaliador-26,Avaliador-5,7.917,6.585769980666666,7.51,5.166666666666667,6.0,7.0,2.5,5.83,10.0,Fase 3 (7° e 8° ano),0,6.5625,7.059666667,6.715437329466668,Ágata,2024,Fase 3,7° e 8° ano
RA-1527,3D,3D,Masculino,2024,Pública,,,,,,,,4.0,Avaliador-22,Avaliador-23,Avaliador-26,Avaliador-5,9.168,10.0,7.51,8.0,9.0,7.0,,7.835,10.0,Fase 3 (7° e 8° ano),0,7.96875,,8.631675000000001,Topázio,2024,Fase 3,7° e 8° ano
RA-509,3D,3D,Feminino,2021,Pública,Ametista,Ágata,Ametista,7.808336000000001,,,,4.0,Avaliador-22,Avaliador-23,Avaliador-26,Avaliador-5,9.168,6.363636363666667,2.51,6.0,6.0,4.5,7.5,7.2475,10.0,Fase 3 (7° e 8° ano),0,8.28125,7.606033333,6.918152272733334,Ágata,2024,Fase 3,7° e 8° ano
RA-500,3D,3D,Feminino,2021,Privada - Programa de Apadrinhamento,Topázio,Topázio,Topázio,8.231946666666667,,,,4.0,Avaliador-22,Avaliador-23,Avaliador-26,Avaliador-5,9.585,10.0,2.51,6.666666666666667,6.0,6.0,8.0,8.3775,10.0,Fase 3 (7° e 8° ano),0,8.59375,8.427533333,8.077708333333334,Topázio,2024,Fase 3,7° e 8° ano
RA-1528,3D,3D,Masculino,2024,Pública,,,,,,,,4.0,Avaliador-22,Avaliador-23,Avaliador-26,Avaliador-5,9.168,7.787878788,7.51,5.666666666666667,3.0,6.0,8.0,7.335,10.0,Fase 3 (7° e 8° ano),0,7.96875,,7.622584090933335,Ametista,2024,Fase 3,7° e 8° ano
RA-1089,3D,3D,Feminino,2023,Pública,,,,,,,,4.0,Avaliador-22,Avaliador-23,Avaliador-26,Avaliador-5,9.168,7.039682539666667,8.13,6.833333333333333,6.0,6.0,8.5,6.995,10.0,Fase 3 (7° e 8° ano),0,7.1875,7.9947,7.6221531746,Ametista,2024,Fase 3,7° e 8° ano
RA-1090,3D,3D,Masculino,2023,Pública,,,,,,,,4.0,Avaliador-22,Avaliador-23,Avaliador-26,Avaliador-5,9.585,7.621832358666666,7.51,6.333333333333333,3.5,7.5,8.0,7.4175,10.0,Fase 3 (7° e 8° ano),0,7.8125,7.844033333,7.7652831384,Ametista,2024,Fase 3,7° e 8° ano
RA-503,3D,3D,Masculino,2021,Pública,Topázio,Topázio,Ametista,7.950002,,,,4.0,Avaliador-22,Avaliador-23,Avaliador-26,Avaliador-5,9.585,9.824561403666666,7.51,7.666666666666667,6.0,8.0,9.0,7.7925,10.0,Fase 2 (5° e 6° ano),1,7.8125,8.4682,8.547495614066667,Topázio,2024,Fase 2,5° e 6° ano
RA-1093,3D,3D,Masculino,2023,Pública,,,,,,,,4.0,Avaliador-22,Avaliador-23,Avaliador-26,Avaliador-5,7.5,7.722222222333333,8.13,8.666666666666666,8.5,8.0,9.5,8.8825,10.0,Fase 3 (7° e 8° ano),0,8.90625,8.197533333,8.5079027778,Topázio,2024,Fase 3,7° e 8° ano
RA-1094,3D,3D,Feminino,2023,Pública,,,,,,,,4.0,Avaliador-22,Avaliador-23,Avaliador-26,Avaliador-5,9.168,9.523809523666666,2.51,7.333333333333333,6.0,7.5,8.5,8.1675,10.0,Fase 3 (7° e 8° ano),0,8.4375,8.1779,8.0164785714,Topázio,2024,Fase 3,7° e 8° ano
RA-1095,3D,3D,Masculino,2023,Pública,,,,,,,,4.0,Avaliador-22,Avaliador-23,Avaliador-26,Avaliador-5,7.5,7.84502924,7.51,2.3333333333333335,3.0,2.0,2.0,5.125,10.0,Fase 3 (7° e 8° ano),0,5.46875,6.238,6.108547514666667,Ágata,2024,Fase 3,7° e 8° ano
RA-1098,3D,3D,Feminino,2023,Pública,,,,,,,,4.0,Avaliador-22,Avaliador-23,Avaliador-26,Avaliador-5,8.751,5.822406257,7.51,3.5,1.0,3.5,6.0,6.7475,10.0,Fase 3 (7° e 8° ano),0,7.34375,7.2787,6.5744562514,Ágata,2024,Fase 3,7° e 8° ano
RA-1106,3F,3F,Masculino,2023,Pública,,,,,,,,4.0,Avaliador-22,Avaliador-23,Avaliador-26,Avaliador-5,8.334,5.4312354313333335,7.51,0.0,0.0,0.0,0.0,7.5,10.0,Fase 3 (7° e 8° ano),0,7.65625,7.1642,5.936272086266667,Quartzo,2024,Fase 3,7° e 8° ano
RA-568,3F,3F,Masculino,2021,Pública,Ametista,Ametista,Ametista,7.305919652173913,,,,5.0,Avaliador-16,Avaliador-26,Avaliador-22,Avaliador-10,7.917,3.2619047620000003,8.13,5.166666666666667,5.0,5.5,5.0,5.496,5.0,Fase 5 (1° EM),-2,6.5625,6.9647,5.545864285733334,Quartzo,2024,Fase 5,1° EM
RA-558,3F,3F,Masculino,2022,Pública,,,Quartzo,5.538561201058201,,,,5.0,Avaliador-16,Avaliador-26,Avaliador-22,Avaliador-10,9.168,3.7763975156666674,8.13,3.0,2.5,4.0,2.5,4.268,5.0,Fase 5 (1° EM),-2,6.09375,6.615333333,5.048054503133334,Quartzo,2024,Fase 5,1° EM
RA-559,3F,3F,Masculino,2021,Pública,,Ametista,Ametista,7.633511273307791,,,,5.0,Avaliador-16,Avaliador-26,Avaliador-22,Avaliador-10,10.002,5.705128205,8.13,3.1666666666666665,1.0,2.5,6.0,4.728,10.0,Fase 3 (7° e 8° ano),0,6.25,7.947366667,6.158158974333333,Ágata,2024,Fase 3,7° e 8° ano
RA-1529,3F,3F,Feminino,2024,Pública,,,,,,,,5.0,Avaliador-16,Avaliador-26,Avaliador-22,Avaliador-10,6.666,7.435897436,7.51,5.5,6.0,5.5,5.0,6.964,5.0,Fase 4 (9° ano),-1,8.125,,6.710079487200001,Ágata,2024,Fase 4,9° ano
RA-1111,3F,3F,Feminino,2023,Pública,,,,,,,,5.0,Avaliador-16,Avaliador-26,Avaliador-22,Avaliador-10,6.249,4.600414078666667,7.5,5.0,5.0,4.0,6.0,5.824,10.0,Fase 2 (5° e 6° ano),1,6.5625,6.559166667,6.116032815733334,Ágata,2024,Fase 2,5° e 6° ano
RA-1108,3F,3F,Masculino,2023,Pública,,,,,,,,5.0,Avaliador-16,Avaliador-26,Avaliador-22,Avaliador-10,9.168,3.7546583853333337,8.13,3.6666666666666665,3.5,3.5,4.0,5.422,10.0,Fase 3 (7° e 8° ano),0,7.1875,6.310833333,6.017215010400001,Quartzo,2024,Fase 3,7° e 8° ano
RA-542,3F,3F,Feminino,2021,Pública,Ametista,Ágata,Ametista,7.221179827586207,,,,5.0,Avaliador-16,Avaliador-26,Avaliador-22,Avaliador-10,8.751,6.481366459666667,8.13,3.9333333333333336,1.5,5.0,5.3,6.232,10.0,Fase 3 (7° e 8° ano),0,7.03125,7.816533333,6.7205649586,Ágata,2024,Fase 3,7° e 8° ano
RA-543,3F,3F,Feminino,2022,Pública,,,Ametista,7.050000666666667,,,,5.0,Avaliador-16,Avaliador-26,Avaliador-22,Avaliador-10,8.751,9.616977225666666,2.51,6.833333333333333,7.0,6.5,7.0,8.7,10.0,Fase 2 (5° e 6° ano),1,8.90625,7.971833333,8.0467871118,Topázio,2024,Fase 2,5° e 6° ano
RA-1530,3F,3F,Masculino,2024,Pública,,,,,,,,5.0,Avaliador-16,Avaliador-26,Avaliador-22,Avaliador-10,0.0,2.5238095237666665,8.13,2.8333333333333335,1.5,7.0,0.0,5.258,10.0,Fase 3 (7° e 8° ano),0,7.03125,,4.6391535714200005,Quartzo,2024,Fase 3,7° e 8° ano
RA-555,3F,3F,Masculino,2021,Pública,Ametista,Ametista,Quartzo,5.949454421052632,,,,5.0,Avaliador-16,Avaliador-26,Avaliador-22,Avaliador-10,10.002,2.7505175983333334,6.885,4.333333333333333,5.0,4.0,4.0,5.03,5.0,Fase 4 (9° ano),-1,5.0,5.898133333,5.111470186333333,Quartzo,2024,Fase 4,9° ano
RA-1531,3F,3F,Masculino,2024,Pública,,,,,,,,5.0,Avaliador-16,Avaliador-26,Avaliador-22,Avaliador-10,8.751,7.9726867336666665,7.505,5.833333333333333,4.5,8.0,5.0,7.14,5.0,Fase 4 (9° ano),-1,7.34375,,7.0491790134,Ametista,2024,Fase 4,9° ano
RA-1099,3G,3G,Feminino,2023,Pública,,,,,,,,4.0,Avaliador-21,Avaliador-16,Avaliador-26,Avaliador-7,8.334,8.133333333333333,10.0,3.8333333333333335,2.5,3.5,5.5,6.6225,10.0,Fase 3 (7° e 8° ano),0,7.8125,7.113533333,7.332483333333334,Ametista,2024,Fase 3,7° e 8° ano
RA-1154,3G,3G,Masculino,2023,Pública,,,,,,,,4.0,Avaliador-21,Avaliador-16,Avaliador-26,Avaliador-7,7.917,9.200000000000001,7.51,8.0,7.0,7.0,10.0,6.745,5.0,Fase 4 (9° ano),-1,7.34375,7.701125,7.5660750000000005,Ametista,2024,Fase 4,9° ano
RA-1100,3G,3G,Masculino,2023,Pública,,,,,,,,4.0,Avaliador-21,Avaliador-16,Avaliador-26,Avaliador-7,7.5,7.1000000000000005,7.51,4.666666666666667,4.0,4.0,6.0,5.6175,10.0,Fase 2 (5° e 6° ano),1,6.71875,8.261033333,6.649708333333334,Ágata,2024,Fase 2,5° e 6° ano
RA-381,3G,3G,Masculino,2021,Pública,Ágata,Ágata,Ágata,6.454070897064289,,,,4.0,Avaliador-21,Avaliador-16,Avaliador-26,Avaliador-7,8.334,6.133333333333333,7.51,3.6666666666666665,2.5,4.5,4.0,6.1225,5.0,Fase 5 (1° EM),-2,6.71875,5.758041667,5.940775,Quartzo,2024,Fase 5,1° EM
RA-364,3G,3G,Masculino,2021,Pública,Ametista,Topázio,Topázio,8.750002666666667,,,,4.0,Avaliador-21,Avaliador-16,Avaliador-26,Avaliador-7,8.751,9.526143791,7.51,7.5,8.0,5.0,9.5,7.2075,10.0,Fase 3 (7° e 8° ano),0,7.96875,7.734891667,8.2697037582,Topázio,2024,Fase 3,7° e 8° ano
RA-539,3G,3G,Feminino,2022,Privada - Programa de Apadrinhamento,,,Ametista,7.6649298275862074,,,,4.0,Avaliador-21,Avaliador-16,Avaliador-26,Avaliador-7,10.002,9.233333333333333,7.51,5.833333333333333,5.0,3.5,9.0,9.13,10.0,Fase 3 (7° e 8° ano),0,8.75,7.796866667,8.465533333333335,Topázio,2024,Fase 3,7° e 8° ano
RA-573,3G,3G,Masculino,2021,Pública,Ametista,Topázio,Topázio,8.261113555555557,,,,4.0,Avaliador-21,Avaliador-16,Avaliador-26,Avaliador-7,9.168,9.5,8.755,5.0,6.0,3.5,5.5,6.8275,10.0,Fase 3 (7° e 8° ano),0,7.8125,7.774366667,7.839050000000001,Ametista,2024,Fase 3,7° e 8° ano
RA-1107,3G,3G,Feminino,2023,Pública,,,,,,,,4.0,Avaliador-21,Avaliador-16,Avaliador-26,Avaliador-7,8.751,6.2,2.51,2.5,1.0,3.5,3.0,6.785,10.0,Fase 3 (7° e 8° ano),0,7.5,7.9327,5.9731,Quartzo,2024,Fase 3,7° e 8° ano
RA-368,3G,3G,Masculino,2021,Pública,Ametista,Ametista,Ágata,6.969181527369182,,,,4.0,Avaliador-21,Avaliador-16,Avaliador-26,Avaliador-7,7.917,6.166666666666667,7.51,7.0,4.5,7.0,9.5,6.7025,5.0,Fase 4 (9° ano),-1,7.65625,5.796458333,6.782158333333333,Ágata,2024,Fase 4,9° ano
RA-387,3G,3G,Masculino,2021,Pública,Ágata,Ágata,Ágata,6.322553780885782,,,,4.0,Avaliador-21,Avaliador-16,Avaliador-26,Avaliador-7,7.5,7.166666666666667,7.51,4.333333333333333,5.0,4.0,4.0,5.9975,5.0,Fase 4 (9° ano),-1,6.25,4.794333333,6.125500000000001,Ágata,2024,Fase 4,9° ano
RA-556,3G,3G,Feminino,2021,Pública,Topázio,Ametista,Ametista,7.181471298245615,,,,4.0,Avaliador-21,Avaliador-16,Avaliador-26,Avaliador-7,7.083,6.171428571333333,2.51,3.8333333333333335,1.5,4.5,5.5,6.1625,10.0,Fase 3 (7° e 8° ano),0,6.40625,7.7482,5.833377380933333,Quartzo,2024,Fase 3,7° e 8° ano
RA-389,3G,3G,Masculino,2021,Pública,Ametista,Ágata,Ametista,7.184480244200245,,,,4.0,Avaliador-21,Avaliador-16,Avaliador-26,Avaliador-7,9.585,6.674358974333333,8.76,5.166666666666667,6.5,4.0,5.0,6.745,10.0,Fase 3 (7° e 8° ano),0,6.5625,6.687,7.2079551282,Ametista,2024,Fase 3,7° e 8° ano
RA-390,3G,3G,Feminino,2022,Pública,,,Ágata,6.775947831501832,,,,4.0,Avaliador-21,Avaliador-16,Avaliador-26,Avaliador-7,7.5,6.080701754333333,8.755,4.166666666666667,3.0,2.5,7.0,6.08,10.0,Fase 3 (7° e 8° ano),0,6.5625,6.905741667,6.5472236842000004,Ágata,2024,Fase 3,7° e 8° ano
RA-376,3G,3G,Feminino,2021,Pública,Ametista,Ágata,Ágata,6.9573737948717955,,,,4.0,Avaliador-21,Avaliador-16,Avaliador-26,Avaliador-7,10.002,8.287284610666667,2.51,2.8333333333333335,2.0,5.0,1.5,6.325,5.0,Fase 4 (9° ano),-1,6.5625,7.1392,5.896573588800001,Quartzo,2024,Fase 4,9° ano
RA-584,3G,3G,Feminino,2021,Pública,Topázio,Ametista,Ágata,6.7142532077294685,,,,4.0,Avaliador-21,Avaliador-16,Avaliador-26,Avaliador-7,8.751,5.636363636333333,8.755,4.333333333333333,2.0,5.0,6.0,6.37,10.0,Fase 3 (7° e 8° ano),0,7.34375,7.697533333,6.752914393933334,Ágata,2024,Fase 3,7° e 8° ano
RA-535,3H,3H,Feminino,2021,Pública,Topázio,Ametista,Ágata,6.953190321839081,,,,5.0,Avaliador-16,Avaliador-26,Avaliador-22,Avaliador-10,9.168,7.161904762,8.135,6.0,7.0,5.5,5.5,7.5,10.0,Fase 3 (7° e 8° ano),0,7.96875,8.0027,7.659555952400001,Ametista,2024,Fase 3,7° e 8° ano
RA-547,3H,3H,Feminino,2021,Pública,Ágata,Ágata,Ametista,7.744553615384616,,,,5.0,Avaliador-16,Avaliador-26,Avaliador-22,Avaliador-10,8.751,7.030620028333334,8.135,6.833333333333333,9.0,4.5,7.0,5.932,10.0,Fase 3 (7° e 8° ano),0,5.625,6.467,7.2102906723333335,Ametista,2024,Fase 3,7° e 8° ano
RA-557,3H,3H,Masculino,2021,Privada - Programa de Apadrinhamento,Ametista,Topázio,Topázio,8.334031111111113,,,,5.0,Avaliador-16,Avaliador-26,Avaliador-22,Avaliador-10,10.002,8.756265663999999,7.51,9.666666666666666,10.0,9.0,10.0,9.576,10.0,Fase 3 (7° e 8° ano),0,10.0,8.7717,9.350986466133334,Topázio,2024,Fase 3,7° e 8° ano
RA-548,3H,3H,Masculino,2021,Pública,Ametista,Ametista,Ametista,7.292060604010025,,,,5.0,Avaliador-16,Avaliador-26,Avaliador-22,Avaliador-10,9.168,7.600427350666667,7.51,6.666666666666667,9.0,5.0,6.0,5.626,10.0,Fase 3 (7° e 8° ano),0,5.9375,7.4322,7.240168803466668,Ametista,2024,Fase 3,7° e 8° ano
RA-1102,3H,3H,Masculino,2023,Pública,,,,,,,,5.0,Avaliador-16,Avaliador-26,Avaliador-22,Avaliador-10,8.751,9.390476190333333,8.13,9.333333333333334,10.0,8.0,10.0,7.07,10.0,Fase 2 (5° e 6° ano),1,5.9375,8.123033333,8.440611904733334,Topázio,2024,Fase 2,5° e 6° ano
RA-1532,3H,3H,Masculino,2024,Pública,,,,,,,,5.0,Avaliador-16,Avaliador-26,Avaliador-22,Avaliador-10,0.0,3.9057239053333332,7.51,2.0,0.0,6.0,0.0,6.832,5.0,Fase 4 (9° ano),-1,7.5,,4.548544781066667,Quartzo,2024,Fase 4,9° ano
RA-538,3H,3H,Masculino,2022,Pública,,,Ágata,6.309259592592594,,,,5.0,Avaliador-16,Avaliador-26,Avaliador-22,Avaliador-10,8.751,7.668803418666666,7.51,6.166666666666667,10.0,4.5,4.0,5.292,5.0,Fase 4 (9° ano),-1,5.625,6.413466667,6.514094017066666,Ágata,2024,Fase 4,9° ano
RA-365,3H,3H,Feminino,2022,Pública,,,Topázio,8.062502666666667,,,,5.0,Avaliador-16,Avaliador-26,Avaliador-22,Avaliador-10,9.585,10.0,7.51,6.666666666666667,8.0,7.0,5.0,8.202,10.0,Fase 2 (5° e 6° ano),1,8.4375,8.6587,8.526983333333334,Topázio,2024,Fase 2,5° e 6° ano
RA-563,3H,3H,Feminino,2021,Pública,Topázio,Ametista,Topázio,8.219535581098341,,,,5.0,Avaliador-16,Avaliador-26,Avaliador-22,Avaliador-10,9.168,9.461904762000001,8.135,8.333333333333334,10.0,9.0,6.0,7.468,10.0,Fase 3 (7° e 8° ano),0,8.125,7.684133333,8.595447619066668,Topázio,2024,Fase 3,7° e 8° ano
RA-1157,3H,3H,Masculino,2023,Pública,,,,,,,,5.0,Avaliador-16,Avaliador-26,Avaliador-22,Avaliador-10,9.585,9.082539682666665,7.51,7.0,8.0,6.0,7.0,8.466,5.0,Fase 4 (9° ano),-1,7.96875,7.086633333,7.916082936533334,Ametista,2024,Fase 4,9° ano
RA-258,3H,3H,Feminino,2021,Pública,Ametista,Topázio,Ágata,6.925909119658121,,,,5.0,Avaliador-16,Avaliador-26,Avaliador-22,Avaliador-10,7.084,6.944444444333333,7.51,2.5,2.5,5.0,0.0,6.732,10.0,Fase 3 (7° e 8° ano),0,7.34375,,6.429063888866667,Ágata,2024,Fase 3,7° e 8° ano
RA-369,3H,3H,Masculino,2022,Pública,,,Ágata,6.973149037037037,,,,5.0,Avaliador-16,Avaliador-26,Avaliador-22,Avaliador-10,8.751,4.908119658333334,7.51,1.6666666666666667,0.0,0.0,5.0,5.428,10.0,Fase 3 (7° e 8° ano),0,6.40625,6.0197,5.667282265,Quartzo,2024,Fase 3,7° e 8° ano
RA-375,3H,3H,Masculino,2021,Pública,Topázio,Topázio,Ametista,7.830771230769231,,,,5.0,Avaliador-16,Avaliador-26,Avaliador-22,Avaliador-10,9.585,9.443589743666667,7.51,6.833333333333333,9.0,5.5,6.0,6.432,10.0,Fase 3 (7° e 8° ano),0,7.1875,7.070833333,7.970034615400001,Ametista,2024,Fase 3,7° e 8° ano
RA-1533,3I,3I,Feminino,2024,Pública,,,,,,,,4.0,Avaliador-21,Avaliador-23,Avaliador-26,Avaliador-17,9.168,9.710144927666667,8.135,9.5,10.0,8.5,10.0,8.3375,10.0,Fase 3 (7° e 8° ano),0,8.5,,9.089828985533336,Topázio,2024,Fase 3,7° e 8° ano
RA-1534,3I,3I,Feminino,2024,Pública,,,,,,,,4.0,Avaliador-21,Avaliador-23,Avaliador-26,Avaliador-17,7.917,9.666666666666666,8.135,1.1666666666666667,2.0,1.5,0.0,8.0825,10.0,Fase 3 (7° e 8° ano),0,8.0,,7.188366666666667,Ametista,2024,Fase 3,7° e 8° ano
RA-1160,3I,3I,Masculino,2023,Pública,,,,,,,,4.0,Avaliador-21,Avaliador-23,Avaliador-26,Avaliador-17,8.751,8.201288245,7.51,3.1666666666666665,5.5,2.0,2.0,6.2475,5.0,Fase 4 (9° ano),-1,6.25,6.636166667,6.274190982333334,Ágata,2024,Fase 4,9° ano
RA-562,3I,3I,Feminino,2021,Pública,,Ametista,Ametista,7.854693065681446,,,,4.0,Avaliador-21,Avaliador-23,Avaliador-26,Avaliador-17,8.334,9.833333333333334,8.135,7.833333333333333,7.5,7.5,8.5,7.25,10.0,Fase 3 (7° e 8° ano),0,7.625,6.824833333,8.392733333333334,Topázio,2024,Fase 3,7° e 8° ano
RA-1112,3I,3I,Masculino,2023,Pública,,,,,,,,4.0,Avaliador-21,Avaliador-23,Avaliador-26,Avaliador-17,9.585,9.02791197,8.135,4.0,4.0,4.0,4.0,4.705,10.0,Fase 3 (7° e 8° ano),0,5.375,7.088866667,6.8560823939999995,Ágata,2024,Fase 3,7° e 8° ano
RA-1535,3I,3I,Feminino,2024,Pública,,,,,,,,4.0,Avaliador-21,Avaliador-23,Avaliador-26,Avaliador-17,8.751,5.103121516333333,7.51,5.833333333333333,7.5,5.5,4.5,7.9175,10.0,Fase 3 (7° e 8° ano),0,7.125,,7.109390969933334,Ametista,2024,Fase 3,7° e 8° ano
RA-1536,3I,3I,Feminino,2024,Pública,,,,,,,,4.0,Avaliador-21,Avaliador-23,Avaliador-26,Avaliador-17,9.168,8.722222222333334,8.135,7.0,10.0,3.5,7.5,7.4575,5.0,Fase 4 (9° ano),-1,7.875,,7.653744444466668,Ametista,2024,Fase 4,9° ano
RA-357,3I,3I,Masculino,2022,Pública,,,Ametista,7.835649925925926,,,,4.0,Avaliador-21,Avaliador-23,Avaliador-26,Avaliador-17,8.751,9.028180354333333,8.135,7.666666666666667,8.5,7.0,7.5,7.0825,5.0,Fase 4 (9° ano),-1,7.875,8.2832,7.731569404200001,Ametista,2024,Fase 4,9° ano
RA-583,3I,3I,Feminino,2021,Pública,Ametista,Ametista,Ametista,7.455557555555556,,,,4.0,Avaliador-21,Avaliador-23,Avaliador-26,Avaliador-17,7.917,8.904455179666668,8.135,5.0,6.5,4.5,4.0,6.87,10.0,Fase 3 (7° e 8° ano),0,6.875,7.838866667,7.447591035933334,Ametista,2024,Fase 3,7° e 8° ano
RA-1537,3I,3I,Feminino,2024,Pública,,,,,,,,4.0,Avaliador-21,Avaliador-23,Avaliador-26,Avaliador-17,9.168,8.33064949,8.135,8.666666666666666,10.0,6.0,10.0,8.67,5.0,Fase 4 (9° ano),-1,8.125,,8.176263231333333,Topázio,2024,Fase 4,9° ano
RA-599,3K,3K,Masculino,2022,Pública,,,Topázio,8.199571556935819,,,,3.0,Avaliador-21,Avaliador-7,Avaliador-10,,10.002,8.607843137333333,9.375,7.666666666666667,8.0,7.0,8.0,7.28,10.0,Fase 2 (5° e 6° ano),1,7.083333333,8.532866667,8.3569352941,Topázio,2024,Fase 2,5° e 6° ano
RA-651,3K,3K,Feminino,2022,Pública,,,Ametista,7.866088525252525,,,,3.0,Avaliador-21,Avaliador-7,Avaliador-10,,9.168,10.0,7.51,7.5,10.0,6.0,6.5,8.336666667,10.0,Fase 2 (5° e 6° ano),1,8.541666667,7.332,8.689300000100001,Topázio,2024,Fase 2,5° e 6° ano
RA-1131,3K,3K,Feminino,2023,Privada - Programa de Apadrinhamento,,,,,,,,3.0,Avaliador-21,Avaliador-7,Avaliador-10,,8.334,9.277777777666666,6.255,8.333333333333334,8.0,7.0,10.0,7.893333333,10.0,Fase 3 (7° e 8° ano),0,7.291666667,8.316133333,8.2889555555,Topázio,2024,Fase 3,7° e 8° ano
RA-403,3K,3K,Masculino,2021,Pública,Ametista,Ametista,Ametista,7.454659477025898,,,,3.0,Avaliador-21,Avaliador-7,Avaliador-10,,8.751,7.361111111,7.51,7.666666666666667,6.0,8.0,9.0,7.613333333,10.0,Fase 3 (7° e 8° ano),0,8.541666667,7.716366667,8.008488888833334,Topázio,2024,Fase 3,7° e 8° ano
RA-1538,3K,3K,Masculino,2021,Pública,,,,,,,,3.0,Avaliador-21,Avaliador-7,Avaliador-10,,9.168,7.935185184999999,8.13,7.166666666666667,7.5,6.0,8.0,7.106666667,10.0,Fase 2 (5° e 6° ano),1,7.916666667,,7.9631703704333345,Ametista,2024,Fase 2,5° e 6° ano
RA-469,3K,3K,Feminino,2022,Pública,,,Ametista,7.624482920314255,,,,3.0,Avaliador-21,Avaliador-7,Avaliador-10,,9.168,9.498366013,7.51,5.0,6.0,4.0,5.0,6.94,10.0,Fase 3 (7° e 8° ano),0,7.291666667,7.482533333,7.684639869300001,Ametista,2024,Fase 3,7° e 8° ano
RA-1121,3K,3K,Masculino,2023,Pública,,,,,,,,3.0,Avaliador-21,Avaliador-7,Avaliador-10,,9.585,10.0,7.51,6.666666666666667,9.0,5.0,6.0,8.28,10.0,Fase 3 (7° e 8° ano),0,7.083333333,8.049,8.407166666633334,Topázio,2024,Fase 3,7° e 8° ano
RA-1122,3K,3K,Masculino,2023,Pública,,,,,,,,3.0,Avaliador-21,Avaliador-7,Avaliador-10,,8.751,9.861111111,7.51,5.333333333333333,5.0,4.5,6.5,7.22,10.0,Fase 2 (5° e 6° ano),1,7.083333333,7.3715,7.817322222166666,Ametista,2024,Fase 2,5° e 6° ano
RA-422,3K,3K,Masculino,2022,Pública,,,Ágata,6.745835333333334,,,,3.0,Avaliador-21,Avaliador-7,Avaliador-10,,7.5,6.157407407333333,7.51,2.8333333333333335,3.0,4.5,1.0,5.5,5.0,Fase 4 (9° ano),-1,6.458333333,5.57,5.544981481433334,Quartzo,2024,Fase 4,9° ano
RA-1117,3K,3K,Feminino,2023,Pública,,,,,,,,3.0,Avaliador-21,Avaliador-7,Avaliador-10,,8.751,8.314814814666667,7.51,5.666666666666667,5.0,5.0,7.0,6.833333333,10.0,Fase 2 (5° e 6° ano),1,8.125,8.382366667,7.601562962866668,Ametista,2024,Fase 2,5° e 6° ano
RA-1539,3K,3K,Feminino,2024,Pública,,,,,,,,3.0,Avaliador-21,Avaliador-7,Avaliador-10,,6.667,9.027777777666666,6.885,6.833333333333333,6.0,7.0,7.5,7.056666667,10.0,Fase 3 (7° e 8° ano),0,7.708333333,,7.709588888900001,Ametista,2024,Fase 3,7° e 8° ano
RA-618,3K,3K,Masculino,2021,Pública,Ametista,Ametista,Ametista,7.180380522045855,,,,3.0,Avaliador-21,Avaliador-7,Avaliador-10,,10.002,8.324074074,6.88,4.166666666666667,5.0,4.5,3.0,6.826666667,5.0,Fase 5 (1° EM),-2,6.666666667,6.4745,6.718348148233334,Ágata,2024,Fase 5,1° EM
RA-669,3K,3K,Masculino,2022,Pública,,,Ametista,7.475002333333333,,,,3.0,Avaliador-21,Avaliador-7,Avaliador-10,,7.5,4.851851851666666,7.51,5.333333333333333,5.0,6.0,5.0,6.883333333,10.0,Fase 3 (7° e 8° ano),0,7.291666667,7.345033333,6.6438703703,Ágata,2024,Fase 3,7° e 8° ano
RA-408,3K,3K,Feminino,2022,Pública,,,Ágata,6.725002000000001,,,,3.0,Avaliador-21,Avaliador-7,Avaliador-10,,7.5,4.981481481666667,7.51,4.833333333333333,3.0,5.5,6.0,6.776666667,10.0,Fase 3 (7° e 8° ano),0,7.083333333,7.242133333,6.5276296297,Ágata,2024,Fase 3,7° e 8° ano
RA-610,3K,3K,Feminino,2022,Pública,,,Topázio,8.180094592592592,,,,3.0,Avaliador-21,Avaliador-7,Avaliador-10,,9.585,9.694444444333334,3.76,6.333333333333333,8.0,5.0,6.0,8.336666667,10.0,Fase 2 (5° e 6° ano),1,6.875,8.2857,7.894888888933334,Ametista,2024,Fase 2,5° e 6° ano
RA-409,3K,3K,Feminino,2022,Pública,,,Topázio,8.150001333333332,,,,3.0,Avaliador-21,Avaliador-7,Avaliador-10,,9.585,9.231481481333333,7.51,7.166666666666667,7.0,7.5,7.0,7.223333333,10.0,Fase 3 (7° e 8° ano),0,7.916666667,7.621466667,8.225462962900002,Topázio,2024,Fase 3,7° e 8° ano
RA-464,3L,3L,Feminino,2022,Pública,,,Ágata,6.745479946323136,,,,4.0,Avaliador-20,Avaliador-21,Avaliador-26,Avaliador-10,9.168,7.851461988333334,8.76,4.333333333333333,3.0,3.5,6.5,7.1175,5.0,Fase 4 (9° ano),-1,7.1875,6.081675,6.872009064333334,Ágata,2024,Fase 4,9° ano
RA-1165,3L,3L,Feminino,2023,Pública,,,,,,,,4.0,Avaliador-20,Avaliador-21,Avaliador-26,Avaliador-10,8.751,6.829721362333333,8.135,8.0,9.0,7.5,7.5,7.83,10.0,Fase 3 (7° e 8° ano),0,6.875,7.880716667,7.908044272466667,Ametista,2024,Fase 3,7° e 8° ano
RA-466,3L,3L,Masculino,2022,Pública,,,Ágata,6.825507272727274,,,,4.0,Avaliador-20,Avaliador-21,Avaliador-26,Avaliador-10,8.751,7.223245614,8.76,4.0,3.0,6.5,2.5,7.665,5.0,Fase 4 (9° ano),-1,7.5,6.595533333,6.778749122800001,Ágata,2024,Fase 4,9° ano
RA-414,3L,3L,Feminino,2021,Pública,,Ágata,Ametista,7.284286390189521,,,,4.0,Avaliador-20,Avaliador-21,Avaliador-26,Avaliador-10,7.917,8.429629629666666,7.51,6.0,9.0,3.0,6.0,5.67,10.0,Fase 3 (7° e 8° ano),0,6.25,7.25025,7.187625925933334,Ametista,2024,Fase 3,7° e 8° ano
RA-401,3L,3L,Feminino,2021,Pública,,Quartzo,Ágata,6.64462715942029,,,,4.0,Avaliador-20,Avaliador-21,Avaliador-26,Avaliador-10,6.666,6.839473684333334,6.885,4.833333333333333,7.0,5.0,2.5,6.915,10.0,Fase 3 (7° e 8° ano),0,6.5625,6.363666667,6.728911403533334,Ágata,2024,Fase 3,7° e 8° ano
RA-1141,3L,3L,Feminino,2023,Pública,,,,,,,,4.0,Avaliador-20,Avaliador-21,Avaliador-26,Avaliador-10,9.585,6.191537667666666,7.51,4.166666666666667,5.0,4.5,3.0,6.7825,10.0,Fase 3 (7° e 8° ano),0,6.5625,7.2757,6.793890866866667,Ágata,2024,Fase 3,7° e 8° ano
RA-592,3L,3L,Feminino,2021,Privada,Ametista,Ametista,Ametista,7.381391333333333,,,,4.0,Avaliador-20,Avaliador-21,Avaliador-26,Avaliador-10,7.917,6.108152734666667,2.51,7.833333333333333,7.0,8.0,8.5,7.625,10.0,Fase 2 (5° e 6° ano),1,7.65625,7.935466667,7.121622213600001,Ametista,2024,Fase 2,5° e 6° ano
RA-474,3L,3L,Masculino,2021,Pública,Ametista,Ametista,Ágata,6.445832675903806,,,,4.0,Avaliador-20,Avaliador-21,Avaliador-26,Avaliador-10,9.168,5.818518518666667,7.51,3.0,4.0,3.0,2.0,6.8725,5.0,Fase 4 (9° ano),-1,7.1875,5.283583333,6.024753703733333,Quartzo,2024,Fase 4,9° ano
RA-602,3L,3L,Masculino,2021,Pública,Ametista,Ametista,Ametista,8.040676603174603,,,,4.0,Avaliador-20,Avaliador-21,Avaliador-26,Avaliador-10,9.585,9.670588235333334,7.51,7.333333333333333,9.0,5.0,8.0,8.545,10.0,Fase 3 (7° e 8° ano),0,8.28125,8.5592,8.647409313733334,Topázio,2024,Fase 3,7° e 8° ano
RA-666,3L,3L,Masculino,2022,Pública,,,Ametista,7.928601818181819,,,,4.0,Avaliador-20,Avaliador-21,Avaliador-26,Avaliador-10,10.002,7.881527348,7.51,7.166666666666667,10.0,5.5,6.0,8.375,10.0,Fase 3 (7° e 8° ano),0,7.5,8.720366667,8.185838802933334,Topázio,2024,Fase 3,7° e 8° ano
RA-604,3L,3L,Feminino,2021,Pública,,Ametista,Ametista,8.018089853232116,,,,4.0,Avaliador-20,Avaliador-21,Avaliador-26,Avaliador-10,8.334,7.5029927763333335,8.13,7.0,8.0,5.5,7.5,6.21,10.0,Fase 2 (5° e 6° ano),1,6.40625,8.548033333,7.429623555266667,Ametista,2024,Fase 2,5° e 6° ano
RA-476,3L,3L,Feminino,2021,Pública,Ágata,Ametista,Ágata,6.930756190476192,,,,4.0,Avaliador-20,Avaliador-21,Avaliador-26,Avaliador-10,7.917,6.5964912280000005,7.51,4.5,7.0,4.0,2.5,6.745,10.0,Fase 3 (7° e 8° ano),0,6.25,6.492408333,6.7359982456,Ágata,2024,Fase 3,7° e 8° ano
RA-423,3L,3L,Feminino,2022,Pública,,,Ágata,6.646760592592592,,,,4.0,Avaliador-20,Avaliador-21,Avaliador-26,Avaliador-10,5.833,6.501135191,8.13,4.333333333333333,6.0,3.5,3.5,6.8275,10.0,Fase 3 (7° e 8° ano),0,6.875,6.607533333,6.616193704866666,Ágata,2024,Fase 3,7° e 8° ano
RA-631,3L,3L,Masculino,2022,Pública,,,Ágata,6.927631024851692,,,,4.0,Avaliador-20,Avaliador-21,Avaliador-26,Avaliador-10,8.334,7.2122004356666665,8.75,4.166666666666667,7.0,3.5,2.0,6.245,10.0,Fase 3 (7° e 8° ano),0,5.625,5.954666667,6.795673420466667,Ágata,2024,Fase 3,7° e 8° ano
RA-658,3M,3M,Feminino,2022,Pública,,,Ametista,7.406743477025898,,,,5.0,Avaliador-20,Avaliador-21,Avaliador-17,Avaliador-26,8.751,10.0,8.135,3.6666666666666665,5.5,2.5,3.0,6.738,10.0,Fase 2 (5° e 6° ano),1,7.375,8.438533333,7.507033333333333,Ametista,2024,Fase 2,5° e 6° ano
RA-1540,3M,3M,Feminino,2024,Pública,,,,,,,,5.0,Avaliador-20,Avaliador-21,Avaliador-17,Avaliador-26,8.334,5.0,7.51,2.6666666666666665,2.0,2.0,4.0,6.83,5.0,Fase 4 (9° ano),-1,7.125,,5.696233333333334,Quartzo,2024,Fase 4,9° ano
RA-1541,3M,3M,Masculino,2024,Pública,,,,,,,,5.0,Avaliador-20,Avaliador-21,Avaliador-17,Avaliador-26,9.168,8.633333333333333,6.88,8.166666666666666,9.0,7.0,8.5,7.736,10.0,Fase 3 (7° e 8° ano),0,8.25,,8.337,Topázio,2024,Fase 3,7° e 8° ano
RA-1114,3M,3M,Feminino,2023,Pública,,,,,,,,5.0,Avaliador-20,Avaliador-21,Avaliador-17,Avaliador-26,8.751,9.533333333333333,2.51,5.0,5.0,3.0,7.0,7.836,10.0,Fase 3 (7° e 8° ano),0,8.375,7.5667,7.437466666666667,Ametista,2024,Fase 3,7° e 8° ano
RA-662,3M,3M,Feminino,2022,Pública,,,Ametista,7.044440865959365,,,,5.0,Avaliador-20,Avaliador-21,Avaliador-17,Avaliador-26,7.917,7.6107226106666666,7.51,4.166666666666667,4.5,5.0,3.0,7.234,10.0,Fase 3 (7° e 8° ano),0,7.625,6.733566667,7.1074778554666675,Ametista,2024,Fase 3,7° e 8° ano
RA-760,3M,3M,Masculino,2021,Pública,,Ametista,Topázio,8.172164185520362,,,,5.0,Avaliador-20,Avaliador-21,Avaliador-17,Avaliador-26,9.168,7.090909091,7.51,5.0,2.5,3.5,9.0,6.158,10.0,Fase 3 (7° e 8° ano),0,6.25,6.548333333,6.942581818200001,Ágata,2024,Fase 3,7° e 8° ano
RA-1542,3M,3M,Feminino,2024,Pública,,,,,,,,5.0,Avaliador-20,Avaliador-21,Avaliador-17,Avaliador-26,7.501,6.304873294333333,8.135,3.1666666666666665,1.0,3.5,5.0,6.966,5.0,Fase 5 (1° EM),-2,7.375,,6.0886079922,Quartzo,2024,Fase 5,1° EM
RA-404,3M,3M,Feminino,2021,Pública,Ametista,Ágata,Ágata,6.658016026362202,,,,5.0,Avaliador-20,Avaliador-21,Avaliador-17,Avaliador-26,8.334,6.286274509666666,2.51,5.666666666666667,6.0,5.0,6.0,6.998,10.0,Fase 3 (7° e 8° ano),0,7.5,6.7093,6.624588235266668,Ágata,2024,Fase 3,7° e 8° ano
RA-1119,3M,3M,Feminino,2023,Pública,,,,,,,,5.0,Avaliador-20,Avaliador-21,Avaliador-17,Avaliador-26,9.585,8.716666666666667,7.51,5.666666666666667,6.0,3.5,7.5,7.698,5.0,Fase 4 (9° ano),-1,7.625,7.192,7.388266666666667,Ametista,2024,Fase 4,9° ano
RA-1116,3M,3M,Masculino,2023,Pública,,,,,,,,5.0,Avaliador-20,Avaliador-21,Avaliador-17,Avaliador-26,0.0,3.3555555556666667,6.26,2.3333333333333335,1.0,3.0,3.0,5.066,5.0,Fase 4 (9° ano),-1,5.125,6.956533333,3.7894777778,Quartzo,2024,Fase 4,9° ano
RA-667,3M,3M,Masculino,2021,Pública,,Ametista,Quartzo,5.84372876673568,,,,5.0,Avaliador-20,Avaliador-21,Avaliador-17,Avaliador-26,9.168,7.038986354666666,7.51,4.666666666666667,5.5,4.5,4.0,6.966,10.0,Fase 3 (7° e 8° ano),0,7.75,6.774866667,7.177130604266668,Ametista,2024,Fase 3,7° e 8° ano
RA-605,3M,3M,Feminino,2021,Pública,,Ametista,Ametista,7.276307053600185,,,,5.0,Avaliador-20,Avaliador-21,Avaliador-17,Avaliador-26,7.5,6.194444444333333,6.885,2.6666666666666665,1.5,3.5,3.0,5.534,10.0,Fase 3 (7° e 8° ano),0,7.0,7.709366667,6.0175222222,Quartzo,2024,Fase 3,7° e 8° ano
RA-1543,3M,3M,Masculino,2024,Pública,,,,,,,,5.0,Avaliador-20,Avaliador-21,Avaliador-17,Avaliador-26,7.5,8.076923077,7.51,5.0,6.0,4.0,,7.066,5.0,Fase 4 (9° ano),-1,7.25,,6.754584615400001,Ágata,2024,Fase 4,9° ano
RA-1118,3M,3M,Feminino,2023,Pública,,,,,,,,5.0,Avaliador-20,Avaliador-21,Avaliador-17,Avaliador-26,7.084,7.846439628666666,9.38,3.8333333333333335,3.0,4.5,4.0,6.866,10.0,Fase 3 (7° e 8° ano),0,6.75,7.163833333,7.0305545924,Ametista,2024,Fase 3,7° e 8° ano
RA-1544,3M,3M,Feminino,2024,Pública,,,,,,,,5.0,Avaliador-20,Avaliador-21,Avaliador-17,Avaliador-26,8.334,8.674509804,6.885,5.833333333333333,5.5,5.5,6.5,6.598,5.0,Fase 4 (9° ano),-1,6.625,,6.905568627466667,Ágata,2024,Fase 4,9° ano
RA-1545,3N,3N,Feminino,2024,Pública,,,,,,,,2.0,Avaliador-21,Avaliador-23,,,7.501,6.210826211,8.13,8.166666666666666,8.0,6.5,10.0,6.165,10.0,Fase 3 (7° e 8° ano),0,6.25,,7.296598575533334,Ametista,2024,Fase 3,7° e 8° ano
RA-1127,3N,3N,Feminino,2023,Pública,,,,,,,,2.0,Avaliador-21,Avaliador-23,,,9.168,10.0,7.51,5.833333333333333,8.5,4.5,4.5,7.67,10.0,Fase 3 (7° e 8° ano),0,8.125,8.3167,8.180966666666668,Topázio,2024,Fase 3,7° e 8° ano
RA-1129,3N,3N,Masculino,2023,Pública,,,,,,,,2.0,Avaliador-21,Avaliador-23,,,9.168,7.137254902,8.13,6.833333333333333,9.0,5.5,6.0,5.745,10.0,Fase 3 (7° e 8° ano),0,6.875,7.309333333,7.360417647066668,Ametista,2024,Fase 3,7° e 8° ano
RA-1546,3N,3N,Masculino,2024,Pública,,,,,,,,2.0,Avaliador-21,Avaliador-23,,,8.334,6.374643874666667,8.75,4.666666666666667,5.0,3.0,6.0,6.17,10.0,Fase 3 (7° e 8° ano),0,7.5,,6.900662108266667,Ágata,2024,Fase 3,7° e 8° ano
RA-1130,3N,3N,Masculino,2023,Pública,,,,,,,,2.0,Avaliador-21,Avaliador-23,,,8.751,6.278431372666667,8.13,4.333333333333333,7.5,3.5,2.0,5.33,10.0,Fase 3 (7° e 8° ano),0,6.875,8.0037,6.563952941199999,Ágata,2024,Fase 3,7° e 8° ano
RA-1168,3N,3N,Feminino,2023,Pública,,,,,,,,2.0,Avaliador-21,Avaliador-23,,,9.585,7.682352941333334,7.51,5.666666666666667,8.5,3.5,5.0,6.33,5.0,Fase 4 (9° ano),-1,7.1875,5.886625,6.864053921600001,Ágata,2024,Fase 4,9° ano
RA-613,3N,3N,Masculino,2021,Pública,Ametista,Ametista,Topázio,8.12134394356261,,,,2.0,Avaliador-21,Avaliador-23,,,8.334,9.566666666666666,7.51,7.333333333333333,8.0,6.0,8.0,6.25,5.0,Fase 4 (9° ano),-1,6.875,6.864508333,7.4019,Ametista,2024,Fase 4,9° ano
RA-433,3N,3N,Masculino,2022,Pública,,,Quartzo,5.557438118548119,,,,2.0,Avaliador-21,Avaliador-23,,,7.918,8.380952381,8.13,4.833333333333333,6.5,4.0,4.0,6.415,10.0,Fase 3 (7° e 8° ano),0,6.875,6.5982,7.218157142866668,Ametista,2024,Fase 3,7° e 8° ano
RA-1547,3N,3N,Feminino,2024,Pública,,,,,,,,2.0,Avaliador-21,Avaliador-23,,,7.917,6.467236467333334,8.13,6.666666666666667,9.5,6.0,4.5,6.335,5.0,Fase 4 (9° ano),-1,7.5,,6.748480626800001,Ágata,2024,Fase 4,9° ano
RA-1548,3N,3N,Feminino,2024,Pública,,,,,,,,2.0,Avaliador-21,Avaliador-23,,,8.334,5.2421652420000004,7.51,4.833333333333333,9.0,4.5,1.0,5.665,10.0,Fase 3 (7° e 8° ano),0,7.5,,6.482499715066667,Ágata,2024,Fase 3,7° e 8° ano
RA-304,3N,3N,Masculino,2021,Pública,Ametista,Ágata,Ágata,6.355207500000001,,,,2.0,Avaliador-21,Avaliador-23,,,10.002,7.826890756333333,7.51,7.166666666666667,9.0,5.5,7.0,5.825,2.5,Fase 6 (2° EM),-3,6.875,6.241583333,6.852411484600001,Ágata,2024,Fase 6,2° EM
RA-1549,3N,3N,Masculino,2024,Pública,,,,,,,,2.0,Avaliador-21,Avaliador-23,,,9.585,7.441394335666668,7.51,4.166666666666667,5.5,3.0,4.0,6.325,5.0,Fase 5 (1° EM),-2,7.1875,,6.514862200466668,Ágata,2024,Fase 5,1° EM
RA-632,3P,3P,Feminino,2022,Pública,,,Ágata,6.995504201058202,,,,4.0,Avaliador-21,Avaliador-23,Avaliador-5,Avaliador-26,7.917,8.999164578333334,6.875,4.166666666666667,0.0,6.0,6.5,7.875,10.0,Fase 3 (7° e 8° ano),0,8.28125,7.8768,7.515491249000001,Ametista,2024,Fase 3,7° e 8° ano
RA-633,3P,3P,Feminino,2021,Pública,Ametista,Ágata,Ametista,7.475860455026456,,,,4.0,Avaliador-21,Avaliador-23,Avaliador-5,Avaliador-26,4.584,4.707017544,2.51,3.3333333333333335,4.0,6.0,0.0,6.1175,10.0,Fase 3 (7° e 8° ano),0,6.875,6.6552,5.228470175466667,Quartzo,2024,Fase 3,7° e 8° ano
RA-1137,3P,3P,Feminino,2023,Pública,,,,,,,,4.0,Avaliador-21,Avaliador-23,Avaliador-5,Avaliador-26,8.334,7.588638262333333,8.13,3.5,1.0,4.5,5.0,7.4575,10.0,Fase 2 (5° e 6° ano),1,8.28125,8.743366667,7.1837526524666675,Ametista,2024,Fase 2,5° e 6° ano
RA-646,3P,3P,Masculino,2021,Pública,Ametista,Ametista,Topázio,8.18081096969697,,,,4.0,Avaliador-21,Avaliador-23,Avaliador-5,Avaliador-26,10.002,9.266666666666667,7.51,6.166666666666667,9.0,4.5,5.0,7.7475,5.0,Fase 4 (9° ano),-1,8.28125,8.3547,7.715491666666668,Ametista,2024,Fase 4,9° ano
RA-1550,3P,3P,Masculino,2024,Pública,,,,,,,,4.0,Avaliador-21,Avaliador-23,Avaliador-5,Avaliador-26,9.585,5.222222222,7.51,4.333333333333333,5.0,3.0,5.0,6.2025,5.0,Fase 4 (9° ano),-1,7.03125,,6.064236111066667,Quartzo,2024,Fase 4,9° ano
RA-1139,3P,3P,Masculino,2023,Pública,,,,,,,,4.0,Avaliador-21,Avaliador-23,Avaliador-5,Avaliador-26,8.334,6.152715121333333,7.51,4.666666666666667,5.0,3.0,6.0,7.04,10.0,Fase 2 (5° e 6° ano),1,7.5,7.6647,6.906276357600001,Ágata,2024,Fase 2,5° e 6° ano
RA-444,3P,3P,Masculino,2021,Pública,Ágata,Ametista,Ágata,6.664746446689114,,,,4.0,Avaliador-21,Avaliador-23,Avaliador-5,Avaliador-26,8.334,6.377276524666667,2.51,3.6666666666666665,2.0,5.0,4.0,5.96,5.0,Fase 4 (9° ano),-1,6.25,5.958791667,5.410188638266668,Quartzo,2024,Fase 4,9° ano
RA-445,3P,3P,Masculino,2022,Pública,,,Ágata,6.923613111111111,,,,4.0,Avaliador-21,Avaliador-23,Avaliador-5,Avaliador-26,7.917,8.715873016,7.51,4.0,3.0,6.0,3.0,7.3725,10.0,Fase 3 (7° e 8° ano),0,7.8125,7.9087,7.3416246032,Ametista,2024,Fase 3,7° e 8° ano
RA-639,3P,3P,Feminino,2021,Pública,,Ametista,Ágata,6.613163153439154,,,,4.0,Avaliador-21,Avaliador-23,Avaliador-5,Avaliador-26,7.917,5.278195488666667,2.51,3.8333333333333335,1.0,4.5,6.0,6.1625,10.0,Fase 3 (7° e 8° ano),0,6.71875,7.5853,5.7693807644,Quartzo,2024,Fase 3,7° e 8° ano
RA-1142,3P,3P,Feminino,2023,Pública,,,,,,,,4.0,Avaliador-21,Avaliador-23,Avaliador-5,Avaliador-26,8.334,9.133333333333333,7.51,8.5,10.0,8.0,7.5,7.335,10.0,Fase 3 (7° e 8° ano),0,8.125,9.175033333,8.390566666666668,Topázio,2024,Fase 3,7° e 8° ano
RA-1551,3P,3P,Masculino,2024,Pública,,,,,,,,4.0,Avaliador-21,Avaliador-23,Avaliador-5,Avaliador-26,9.585,4.7710437709999995,7.51,3.5,1.0,5.5,4.0,6.79,5.0,Fase 5 (1° EM),-2,7.5,,5.9717087542,Quartzo,2024,Fase 5,1° EM
RA-458,3P,3P,Masculino,2021,Pública,Ametista,Quartzo,Ágata,6.511662330532213,,,,4.0,Avaliador-21,Avaliador-23,Avaliador-5,Avaliador-26,8.751,3.7396825396666666,6.88,4.0,3.0,4.0,5.0,6.83,5.0,Fase 4 (9° ano),-1,7.03125,6.312083333,5.680161507933333,Quartzo,2024,Fase 4,9° ano
RA-1552,3P,3P,Masculino,2024,Pública,,,,,,,,4.0,Avaliador-21,Avaliador-23,Avaliador-5,Avaliador-26,9.585,9.743589743666666,7.51,3.1666666666666665,1.0,4.5,4.0,7.165,10.0,Fase 3 (7° e 8° ano),0,7.1875,,7.443301282066667,Ametista,2024,Fase 3,7° e 8° ano
RA-1170,3P,3P,Masculino,2023,Pública,,,,,,,,4.0,Avaliador-21,Avaliador-23,Avaliador-5,Avaliador-26,9.168,5.565079365,8.13,3.5,1.0,2.5,7.0,6.7475,5.0,Fase 5 (1° EM),-2,7.03125,6.874683333,6.095440873,Quartzo,2024,Fase 5,1° EM
RA-642,3P,3P,Feminino,2021,Pública,,Topázio,Ametista,7.750398603174604,,,,4.0,Avaliador-21,Avaliador-23,Avaliador-5,Avaliador-26,9.585,9.149206349333333,3.76,4.0,2.0,5.0,5.0,6.9975,10.0,Fase 3 (7° e 8° ano),0,7.1875,8.416866667,7.082591269866667,Ametista,2024,Fase 3,7° e 8° ano
RA-1553,3R,3R,Masculino,2024,Pública,,,,,,,,3.0,Avaliador-20,Avaliador-21,Avaliador-23,,8.334,9.003921568666668,7.51,4.333333333333333,6.0,5.0,2.0,7.78,10.0,Fase 3 (7° e 8° ano),0,8.333333333,,7.641184313700001,Ametista,2024,Fase 3,7° e 8° ano
RA-1554,3R,3R,Masculino,2024,Pública,,,,,,,,3.0,Avaliador-20,Avaliador-21,Avaliador-23,,6.666,9.629629629666667,8.76,4.0,3.0,4.0,5.0,7.22,5.0,Fase 5 (1° EM),-2,7.291666667,,6.941692592633334,Ágata,2024,Fase 5,1° EM
RA-649,3R,3R,Feminino,2021,Pública,Ágata,Ametista,Ametista,7.301750696192697,,,,3.0,Avaliador-20,Avaliador-21,Avaliador-23,,8.751,6.004481792666667,8.76,3.6666666666666665,5.5,4.0,1.5,7.333333333,10.0,Fase 3 (7° e 8° ano),0,8.333333333,7.579533333,6.985329691766667,Ágata,2024,Fase 3,7° e 8° ano
RA-1136,3R,3R,Feminino,2023,Pública,,,,,,,,3.0,Avaliador-20,Avaliador-21,Avaliador-23,,8.751,4.547899159666667,8.135,1.6666666666666667,1.0,2.0,2.0,6.383333333,5.0,Fase 4 (9° ano),-1,7.5,6.7351,5.458179831866667,Quartzo,2024,Fase 4,9° ano
RA-653,3R,3R,Feminino,2022,Pública,,,Topázio,8.100927925925927,,,,3.0,Avaliador-20,Avaliador-21,Avaliador-23,,8.751,9.537254901999999,8.76,5.166666666666667,6.5,4.5,4.5,7.89,10.0,Fase 3 (7° e 8° ano),0,8.333333333,7.385666667,8.103217647033333,Topázio,2024,Fase 3,7° e 8° ano
RA-456,3R,3R,Feminino,2022,Pública,,,Ametista,7.192527343915344,,,,3.0,Avaliador-20,Avaliador-21,Avaliador-23,,7.083,9.382456140333334,7.51,6.5,9.0,6.0,4.5,8.893333333,10.0,Fase 3 (7° e 8° ano),0,9.166666667,7.518,8.331124561366668,Topázio,2024,Fase 3,7° e 8° ano
RA-655,3R,3R,Feminino,2021,Pública,Ametista,Ametista,Ametista,7.7853369992229995,,,,3.0,Avaliador-20,Avaliador-21,Avaliador-23,,7.501,10.0,8.76,6.833333333333333,8.0,4.0,8.5,7.166666667,10.0,Fase 3 (7° e 8° ano),0,8.125,8.3198,8.238600000066668,Topázio,2024,Fase 3,7° e 8° ano
RA-656,3R,3R,Feminino,2021,Pública,Topázio,Ametista,Ágata,6.65156698989899,,,,3.0,Avaliador-20,Avaliador-21,Avaliador-23,,9.168,5.978431372666667,7.51,4.166666666666667,5.0,3.5,4.0,6.106666667,10.0,Fase 3 (7° e 8° ano),0,7.5,6.780833333,6.668152941266667,Ágata,2024,Fase 3,7° e 8° ano
RA-657,3R,3R,Feminino,2021,Pública,,Ametista,Topázio,8.093255968253969,,,,3.0,Avaliador-20,Avaliador-21,Avaliador-23,,8.751,9.6,6.885,7.5,8.0,4.5,10.0,7.056666667,10.0,Fase 3 (7° e 8° ano),0,8.125,8.3532,8.207433333400001,Topázio,2024,Fase 3,7° e 8° ano
RA-1555,3R,3R,Masculino,2024,Pública,,,,,,,,3.0,Avaliador-20,Avaliador-21,Avaliador-23,,8.334,10.0,6.255,3.0,9.0,0.0,0.0,8.056666667,10.0,Fase 3 (7° e 8° ano),0,8.125,,7.4827333334,Ametista,2024,Fase 3,7° e 8° ano
RA-461,3R,3R,Feminino,2021,Pública,Ametista,Ametista,Quartzo,5.451260674038036,,,,3.0,Avaliador-20,Avaliador-21,Avaliador-23,,8.751,9.182446312,7.51,4.5,3.0,4.5,6.0,7.056666667,10.0,Fase 3 (7° e 8° ano),0,7.708333333,7.2379,7.5447559291,Ametista,2024,Fase 3,7° e 8° ano
RA-398,3U,3U,Feminino,2022,Pública,,,Ametista,7.741668666666667,,,,3.0,Avaliador-21,Avaliador-23,Avaliador-20,,7.083,5.733333333333333,7.51,8.0,8.5,7.5,8.0,6.553333333,10.0,Fase 3 (7° e 8° ano),0,7.291666667,7.153766667,7.2457999999666685,Ametista,2024,Fase 3,7° e 8° ano
RA-586,3U,3U,Feminino,2021,Privada - Programa de Apadrinhamento,,Topázio,Ametista,7.987503111111112,,,,3.0,Avaliador-21,Avaliador-23,Avaliador-20,,9.168,9.241269841333333,7.51,8.5,7.5,8.0,10.0,8.056666667,10.0,Fase 2 (5° e 6° ano),1,8.75,8.4242,8.702387301666668,Topázio,2024,Fase 2,5° e 6° ano
RA-623,3U,3U,Masculino,2022,Pública,,,Ametista,7.523833791887125,,,,3.0,Avaliador-21,Avaliador-23,Avaliador-20,,8.334,7.3999999999999995,6.885,4.0,3.5,2.5,6.0,7.05,5.0,Fase 4 (9° ano),-1,6.458333333,7.8307,6.357733333300001,Ágata,2024,Fase 4,9° ano
RA-588,3U,3U,Feminino,2021,Privada - Programa de Apadrinhamento,,Topázio,Topázio,8.622225333333333,,,,3.0,Avaliador-21,Avaliador-23,Avaliador-20,,9.168,9.833333333333334,7.51,7.833333333333333,8.5,8.0,7.0,8.0,10.0,Fase 2 (5° e 6° ano),1,8.75,8.3527,8.676133333333334,Topázio,2024,Fase 2,5° e 6° ano
RA-626,3U,3U,Masculino,2021,Pública,,Ágata,Quartzo,5.818056666666667,,,,3.0,Avaliador-21,Avaliador-23,Avaliador-20,,9.585,3.380451127666667,6.885,5.333333333333333,5.5,3.5,7.0,6.443333333,10.0,Fase 3 (7° e 8° ano),0,7.291666667,7.231033333,6.407590225500001,Ágata,2024,Fase 3,7° e 8° ano
RA-1556,3U,3U,Masculino,2024,Pública,,,,,,,,3.0,Avaliador-21,Avaliador-23,Avaliador-20,,7.917,5.222222222333333,7.51,4.0,3.5,4.0,4.5,7.44,10.0,Fase 3 (7° e 8° ano),0,7.916666667,,6.666811111166668,Ágata,2024,Fase 3,7° e 8° ano
RA-455,3U,3U,Feminino,2022,Pública,,,Ágata,6.875668240944242,,,,3.0,Avaliador-21,Avaliador-23,Avaliador-20,,8.751,6.111111111,8.13,4.5,3.0,6.5,4.0,7.276666667,10.0,Fase 3 (7° e 8° ano),0,8.333333333,,7.098988888900001,Ametista,2024,Fase 3,7° e 8° ano
RA-614,3U,3U,Masculino,2021,Pública,,Topázio,Topázio,8.339199975308643,,,,3.0,Avaliador-21,Avaliador-23,Avaliador-20,,9.585,9.700000000000001,7.51,6.833333333333333,8.0,4.5,8.0,7.603333333,5.0,Fase 4 (9° ano),-1,7.916666667,8.2282,7.8284999999666685,Ametista,2024,Fase 4,9° ano
RA-434,3U,3U,Masculino,2022,Pública,,,Ametista,7.403129618406286,,,,3.0,Avaliador-21,Avaliador-23,Avaliador-20,,7.084,5.061904762,7.51,5.5,5.5,5.5,5.5,6.55,10.0,Fase 3 (7° e 8° ano),0,7.291666667,7.069766667,6.610947619100001,Ágata,2024,Fase 3,7° e 8° ano
RA-603,3U,3U,Masculino,2022,Pública,,,Ametista,7.779763904761905,,,,3.0,Avaliador-21,Avaliador-23,Avaliador-20,,9.585,7.155555555666666,6.885,4.666666666666667,4.5,5.5,4.0,6.216666667,10.0,Fase 3 (7° e 8° ano),0,6.875,6.748833333,6.942277777866667,Ágata,2024,Fase 3,7° e 8° ano
RA-1133,3U,3U,Feminino,2023,Pública,,,,,,,,4.0,Avaliador-20,Avaliador-21,Avaliador-26,Avaliador-10,9.168,9.841269841333334,8.75,4.5,5.0,3.5,5.0,8.83,10.0,Fase 2 (5° e 6° ano),1,8.125,8.600033333,8.238553968266668,Topázio,2024,Fase 2,5° e 6° ano
RA-616,3U,3U,Masculino,2021,Pública,Ágata,Ametista,Ametista,7.303241851851853,,,,3.0,Avaliador-21,Avaliador-23,Avaliador-20,,7.5,3.087719298333333,6.885,3.8333333333333335,3.0,3.5,5.0,4.946666667,10.0,Fase 3 (7° e 8° ano),0,6.458333333,5.612,5.457877193033333,Quartzo,2024,Fase 3,7° e 8° ano
RA-1134,3U,3U,Masculino,2023,Pública,,,,,,,,3.0,Avaliador-21,Avaliador-23,Avaliador-20,,8.751,8.914285714,7.51,6.0,6.0,5.5,6.5,6.883333333,10.0,Fase 3 (7° e 8° ano),0,7.708333333,7.769866667,7.7564571427,Ametista,2024,Fase 3,7° e 8° ano
RA-1557,3U,3U,Feminino,2024,Pública,,,,,,,,3.0,Avaliador-21,Avaliador-23,Avaliador-20,,9.585,8.916666666666666,7.51,7.0,6.0,7.0,8.0,7.72,10.0,Fase 3 (7° e 8° ano),0,7.916666667,,8.228500000033334,Topázio,2024,Fase 3,7° e 8° ano
RA-670,3U,3U,Feminino,2022,Privada - Programa de Apadrinhamento,,,Ametista,7.451335164578111,,,,3.0,Avaliador-21,Avaliador-23,Avaliador-20,,9.585,9.441269841333334,7.51,8.666666666666666,9.0,7.0,10.0,8.166666667,10.0,Fase 2 (5° e 6° ano),1,8.958333333,8.6067,8.8602539683,Topázio,2024,Fase 2,5° e 6° ano
RA-620,3U,3U,Masculino,2021,Pública,,Ametista,Ágata,6.017619047619047,,,,3.0,Avaliador-21,Avaliador-23,Avaliador-20,,8.334,3.9841269843333333,7.51,2.5,3.5,2.5,1.5,5.886666667,10.0,Fase 3 (7° e 8° ano),0,7.083333333,7.043666667,5.766892063566667,Quartzo,2024,Fase 3,7° e 8° ano
RA-1149,4A,4A,Feminino,2023,Pública,,,,,,,,5.0,Avaliador-21,Avaliador-23,Avaliador-26,Avaliador-1,8.334,10.0,10.0,6.0,2.0,6.0,10.0,8.706,5.0,Fase 5 (1° EM),-1,8.625,7.410108333,8.1371,Topázio,2024,Fase 5,1° EM
RA-1558,4A,4A,Masculino,2024,Pública,,,,,,,,5.0,Avaliador-21,Avaliador-23,Avaliador-26,Avaliador-1,9.168,8.705360238666666,8.755,5.5,5.0,5.5,6.0,8.302,5.0,Fase 5 (1° EM),-1,8.5,,7.643772047733333,Ametista,2024,Fase 5,1° EM
RA-326,4A,4A,Feminino,2022,Privada,,,Topázio,8.219954610229276,,,,5.0,Avaliador-21,Avaliador-23,Avaliador-26,Avaliador-1,9.168,8.973112128333334,6.26,9.333333333333334,10.0,9.0,9.0,8.704,10.0,Fase 3 (7° e 8° ano),1,8.875,8.65075,8.832389092333335,Topázio,2024,Fase 3,7° e 8° ano
RA-339,4A,4A,Feminino,2021,Pública,Topázio,Ametista,Topázio,8.48808864197531,,,,5.0,Avaliador-21,Avaliador-23,Avaliador-26,Avaliador-1,7.5,7.155537064000001,5.635,8.166666666666666,8.0,7.0,9.5,7.668,10.0,Fase 3 (7° e 8° ano),1,8.0,7.377583333,7.711540746133334,Ametista,2024,Fase 3,7° e 8° ano
RA-179,4A,4A,Masculino,2022,Privada,,,Ametista,7.992900671071327,,,,5.0,Avaliador-21,Avaliador-23,Avaliador-26,Avaliador-1,9.168,9.407894737,9.38,8.166666666666666,7.0,8.0,9.5,8.44,10.0,Fase 3 (7° e 8° ano),1,8.75,8.437641667,8.932712280733334,Topázio,2024,Fase 3,7° e 8° ano
RA-1559,4A,4A,Feminino,2024,Pública,,,,,,,,5.0,Avaliador-21,Avaliador-23,Avaliador-26,Avaliador-1,7.917,5.2929755216666665,6.885,4.666666666666667,8.0,0.0,6.0,7.604,5.0,Fase 5 (1° EM),-1,8.375,,6.330428437666668,Ágata,2024,Fase 5,1° EM
RA-332,4A,4A,Masculino,2021,Privada - Programa de Apadrinhamento,Ametista,Ametista,Ametista,7.882917128747796,,,,5.0,Avaliador-21,Avaliador-23,Avaliador-26,Avaliador-1,9.585,7.605358505000001,9.38,7.0,7.0,7.0,7.0,8.706,10.0,Fase 3 (7° e 8° ano),1,8.625,8.002591667,8.421271701,Topázio,2024,Fase 3,7° e 8° ano
RA-1560,4A,4A,Feminino,2024,Privada,,,,,,,,5.0,Avaliador-21,Avaliador-23,Avaliador-26,Avaliador-1,9.168,9.206349206333334,5.635,8.166666666666666,6.0,8.5,10.0,8.336,10.0,Fase 3 (7° e 8° ano),1,8.5,,8.4721031746,Topázio,2024,Fase 3,7° e 8° ano
RA-1153,4A,4A,Feminino,2021,Privada - Programa de Apadrinhamento,,,,,,,,5.0,Avaliador-21,Avaliador-23,Avaliador-26,Avaliador-1,8.751,9.702380952333334,5.635,8.5,8.0,8.5,9.0,9.074,5.0,Fase 5 (1° EM),-1,8.75,7.968658333,8.268876190466667,Topázio,2024,Fase 5,1° EM
RA-183,4A,4A,Feminino,2022,Pública,,,Ametista,7.3003789545454545,,,,5.0,Avaliador-21,Avaliador-23,Avaliador-26,Avaliador-1,7.917,9.249011857666666,6.26,7.5,5.0,7.5,10.0,8.372,10.0,Fase 4 (9° ano),0,8.25,7.586241667,8.266902371533334,Topázio,2024,Fase 4,9° ano
RA-199,4A,4A,Masculino,2022,Privada,,,Ametista,7.5636047979797985,,,,5.0,Avaliador-21,Avaliador-23,Avaliador-26,Avaliador-1,8.334,7.554824561666667,6.88,7.166666666666667,5.0,9.0,7.5,8.206,5.0,Fase 5 (1° EM),-1,8.125,7.892341667,7.419398245666667,Ametista,2024,Fase 5,1° EM
RA-1561,4A,4A,Masculino,2024,Pública,,,,,,,,5.0,Avaliador-21,Avaliador-23,Avaliador-26,Avaliador-1,9.585,9.174603174666666,5.0,9.0,8.5,8.5,10.0,7.734,5.0,Fase 5 (1° EM),-1,8.0,,7.9402206349333335,Ametista,2024,Fase 5,1° EM
RA-336,4A,4A,Masculino,2021,Pública,Ametista,Ágata,Ágata,6.787123434343435,,,,5.0,Avaliador-21,Avaliador-23,Avaliador-26,Avaliador-1,7.5,5.512100409000001,6.26,5.833333333333333,6.0,6.5,5.0,7.196,10.0,Fase 4 (9° ano),0,7.5,5.887708333,6.834286748466667,Ágata,2024,Fase 4,9° ano
RA-347,4A,4A,Feminino,2021,Pública,Topázio,Ametista,Ametista,7.908336,,,,5.0,Avaliador-21,Avaliador-23,Avaliador-26,Avaliador-1,8.751,9.673046251999999,6.885,7.666666666666667,6.5,7.5,9.0,7.766,10.0,Fase 3 (7° e 8° ano),1,8.0,7.61835,8.384742583733333,Topázio,2024,Fase 3,7° e 8° ano
RA-397,4A,4A,Feminino,2021,Pública,Quartzo,Quartzo,Quartzo,5.8522472498487605,,,,5.0,Avaliador-21,Avaliador-23,Avaliador-26,Avaliador-1,7.918,7.885292942666666,5.63,5.666666666666667,5.0,4.5,7.5,7.398,5.0,Fase 6 (2° EM),-2,7.625,6.207083333,6.807291921866668,Ágata,2024,Fase 6,2° EM
RA-338,4B,4B,Masculino,2021,Pública,Ametista,Ametista,Ágata,6.837216877492878,,,,4.0,Avaliador-22,Avaliador-26,Avaliador-1,Avaliador-5,9.168,7.441643324,7.51,6.833333333333333,5.0,8.0,7.5,8.8375,10.0,Fase 4 (9° ano),0,7.625,8.287441667,8.052795331466667,Topázio,2024,Fase 4,9° ano
RA-392,4B,4B,Masculino,2022,Pública,,,Ágata,6.417875178463399,,,,4.0,Avaliador-22,Avaliador-26,Avaliador-1,Avaliador-5,9.585,5.414731682,5.635,1.0,0.0,2.0,1.0,3.545,5.0,Fase 5 (1° EM),-1,3.5,6.567208333,4.3639463364,Quartzo,2024,Fase 5,1° EM
RA-352,4B,4B,Masculino,2021,Pública,Ametista,Ametista,Ametista,7.834006201914523,,,,4.0,Avaliador-22,Avaliador-26,Avaliador-1,Avaliador-5,8.334,4.453748006333333,6.26,3.1666666666666665,2.0,5.5,2.0,6.7925,10.0,Fase 3 (7° e 8° ano),1,6.375,7.840341667,5.9794829346,Quartzo,2024,Fase 3,7° e 8° ano
RA-1562,4B,4B,Feminino,2024,Pública,,,,,,,,4.0,Avaliador-22,Avaliador-26,Avaliador-1,Avaliador-5,6.25,8.666666666666666,5.01,0.5,0.5,0.5,,6.8725,5.0,Fase 6 (2° EM),-2,6.25,,5.458833333333334,Quartzo,2024,Fase 6,2° EM
RA-367,4B,4B,Feminino,2021,Pública,Topázio,Ametista,Ágata,6.950124578570855,,,,4.0,Avaliador-22,Avaliador-26,Avaliador-1,Avaliador-5,9.168,7.268170426,6.26,5.0,2.0,5.5,7.5,7.6275,10.0,Fase 3 (7° e 8° ano),1,6.875,7.38685,7.209434085200001,Ametista,2024,Fase 3,7° e 8° ano
RA-1563,4B,4B,Feminino,2024,Pública,,,,,,,,4.0,Avaliador-22,Avaliador-26,Avaliador-1,Avaliador-5,8.751,8.305555555666666,7.51,7.0,5.0,7.5,8.5,8.46,5.0,Fase 5 (1° EM),-1,7.25,,7.604211111133335,Ametista,2024,Fase 5,1° EM
RA-1564,4B,4B,Masculino,2024,Pública,,,,,,,,4.0,Avaliador-22,Avaliador-26,Avaliador-1,Avaliador-5,8.334,4.942067736333334,6.885,2.1666666666666665,1.0,3.5,2.0,5.2875,5.0,Fase 5 (1° EM),-1,5.75,,5.0761468806000005,Quartzo,2024,Fase 5,1° EM
RA-1565,4B,4B,Masculino,2024,Pública,,,,,,,,4.0,Avaliador-22,Avaliador-26,Avaliador-1,Avaliador-5,0.0,8.102240896333333,7.51,5.5,7.0,3.0,6.5,6.0375,5.0,Fase 5 (1° EM),-1,6.375,,5.816448179266667,Quartzo,2024,Fase 5,1° EM
RA-1566,4B,4B,Feminino,2024,Pública,,,,,,,,4.0,Avaliador-22,Avaliador-26,Avaliador-1,Avaliador-5,9.168,9.247219355666667,7.51,6.5,3.0,8.0,8.5,8.335,5.0,Fase 6 (2° EM),-2,7.75,,7.759243871133334,Ametista,2024,Fase 6,2° EM
RA-1567,4B,4B,Feminino,2024,Pública,,,,,,,,4.0,Avaliador-22,Avaliador-26,Avaliador-1,Avaliador-5,8.334,8.771043771,7.51,8.166666666666666,5.0,9.5,10.0,8.335,5.0,Fase 6 (2° EM),-2,7.75,,7.913942087533334,Ametista,2024,Fase 6,2° EM
RA-356,4B,4B,Masculino,2021,Pública,Topázio,Topázio,Ágata,6.689521871961853,,,,4.0,Avaliador-22,Avaliador-26,Avaliador-1,Avaliador-5,8.334,6.656346749333334,5.635,5.333333333333333,1.0,7.0,8.0,6.5375,10.0,Fase 3 (7° e 8° ano),1,5.25,6.452008333,6.627336016533334,Ágata,2024,Fase 3,7° e 8° ano
RA-1568,4B,4B,Feminino,2024,Pública,,,,,,,,4.0,Avaliador-22,Avaliador-26,Avaliador-1,Avaliador-5,9.168,7.493464052333334,7.51,8.166666666666666,7.5,7.5,9.5,8.5025,5.0,Fase 5 (1° EM),-1,8.0,,7.8003261438000004,Ametista,2024,Fase 5,1° EM
RA-247,4B,4B,Feminino,2021,Pública,,Ágata,Ametista,7.720170621212121,,,,4.0,Avaliador-22,Avaliador-26,Avaliador-1,Avaliador-5,0.0,8.306595365666666,6.26,4.333333333333333,0.0,5.0,8.0,8.5875,10.0,Fase 4 (9° ano),0,7.75,7.221958333,6.646485739800001,Ágata,2024,Fase 4,9° ano
RA-204,4B,4B,Feminino,2021,Pública,Ametista,Ametista,Ágata,6.943054722222223,,,,4.0,Avaliador-22,Avaliador-26,Avaliador-1,Avaliador-5,9.168,6.827094474333333,6.26,7.5,5.0,7.5,10.0,8.5875,10.0,Fase 4 (9° ano),0,7.125,7.557558333,7.838218894866668,Ametista,2024,Fase 4,9° ano
RA-1569,4B,4B,Feminino,2024,Pública,,,,,,,,4.0,Avaliador-22,Avaliador-26,Avaliador-1,Avaliador-5,6.666,7.111111111333334,6.26,2.1666666666666665,2.0,3.0,1.5,6.9175,5.0,Fase 6 (2° EM),-2,6.875,,5.7191555556,Quartzo,2024,Fase 6,2° EM
RA-1570,4B,4B,Feminino,2024,Pública,,,,,,,,4.0,Avaliador-22,Avaliador-26,Avaliador-1,Avaliador-5,9.585,7.542087542,7.51,8.333333333333334,6.5,9.0,9.5,8.6725,5.0,Fase 5 (1° EM),-1,7.75,,7.894084175066667,Ametista,2024,Fase 5,1° EM
RA-1571,4B,4B,Masculino,2024,Pública,,,,,,,,4.0,Avaliador-22,Avaliador-26,Avaliador-1,Avaliador-5,8.334,9.111111111333335,5.005,5.666666666666667,5.0,6.0,6.0,8.545,5.0,Fase 5 (1° EM),-1,7.5,,7.2484555556,Ametista,2024,Fase 5,1° EM
RA-1572,4C,4C,Feminino,2024,Pública,,,,,,,,3.0,Avaliador-21,Avaliador-20,Avaliador-26,,9.168,9.841269841333334,7.51,7.5,7.5,6.5,8.5,8.393333333,5.0,Fase 5 (1° EM),-1,7.65625,,8.080345634866667,Topázio,2024,Fase 5,1° EM
RA-1150,4C,4C,Masculino,2023,Pública,,,,,,,,3.0,Avaliador-21,Avaliador-20,Avaliador-26,,8.334,6.481481481666667,7.51,6.833333333333333,4.0,6.5,10.0,7.946666667,5.0,Fase 6 (2° EM),-2,7.65625,7.076008333,7.1023212964,Ametista,2024,Fase 6,2° EM
RA-1573,4C,4C,Masculino,2024,Pública,,,,,,,,3.0,Avaliador-21,Avaliador-20,Avaliador-26,,9.168,6.120448179333334,6.26,5.0,0.0,6.0,9.0,8.556666667,5.0,Fase 5 (1° EM),-1,7.65625,,6.743847969266667,Ágata,2024,Fase 5,1° EM
RA-1574,4C,4C,Feminino,2024,Pública,,,,,,,,3.0,Avaliador-21,Avaliador-20,Avaliador-26,,8.751,8.399470899666667,7.51,7.333333333333333,7.0,6.0,9.0,8.616666667,5.0,Fase 5 (1° EM),-1,7.8125,,7.777244180000001,Ametista,2024,Fase 5,1° EM
RA-1151,4C,4C,Feminino,2023,Pública,,,,,,,,3.0,Avaliador-21,Avaliador-20,Avaliador-26,,7.5,9.722222222333334,5.635,9.0,9.0,8.0,10.0,9.393333333,10.0,Fase 3 (7° e 8° ano),1,8.125,7.829958333,8.749111111066668,Topázio,2024,Fase 3,7° e 8° ano
RA-1575,4C,4C,Feminino,2024,Pública,,,,,,,,3.0,Avaliador-21,Avaliador-20,Avaliador-26,,9.168,8.624338624,6.885,5.333333333333333,0.0,7.5,8.5,8.28,5.0,Fase 5 (1° EM),-1,7.65625,,7.318459391466667,Ametista,2024,Fase 5,1° EM
RA-1081,4C,4C,Feminino,2023,Privada - Programa de Apadrinhamento,,,,,,,,3.0,Avaliador-21,Avaliador-23,Avaliador-17,,6.667,9.523809523666666,5.005,8.833333333333334,9.5,8.0,9.0,8.95,10.0,Fase 4 (9° ano),0,9.166666667,7.666033333,8.5452952381,Topázio,2024,Fase 4,9° ano
RA-342,4C,4C,Feminino,2021,Pública,,Quartzo,Ágata,6.940909599240267,,,,3.0,Avaliador-21,Avaliador-20,Avaliador-26,,8.751,7.728174603333334,6.26,4.5,6.5,7.0,0.0,7.723333333,5.0,Fase 5 (1° EM),-1,7.65625,7.539875,6.757026587266667,Ágata,2024,Fase 5,1° EM
RA-1576,4C,4C,Feminino,2024,Pública,,,,,,,,3.0,Avaliador-21,Avaliador-20,Avaliador-26,,8.334,9.523809523666666,5.635,6.666666666666667,7.5,4.5,8.0,8.44,5.0,Fase 5 (1° EM),-1,6.40625,,7.4636202380666665,Ametista,2024,Fase 5,1° EM
RA-187,4C,4C,Feminino,2021,Privada - Programa de Apadrinhamento,Ametista,Topázio,Ametista,7.928183035966957,,,,3.0,Avaliador-21,Avaliador-20,Avaliador-26,,8.751,9.537037037,5.635,7.833333333333333,7.5,7.0,9.0,9.06,10.0,Fase 4 (9° ano),0,8.4375,7.809875,8.568424074066666,Topázio,2024,Fase 4,9° ano
RA-359,4C,4C,Feminino,2021,Pública,Ametista,Ágata,Ágata,6.605761359666916,,,,3.0,Avaliador-21,Avaliador-20,Avaliador-26,,9.168,7.162698412666667,6.26,5.5,4.0,4.5,8.0,8.333333333,10.0,Fase 3 (7° e 8° ano),1,7.5,7.627125,7.492006349133335,Ametista,2024,Fase 3,7° e 8° ano
RA-1577,4C,4C,Masculino,2024,Pública,,,,,,,,3.0,Avaliador-21,Avaliador-20,Avaliador-26,,10.002,4.993386243333333,7.51,4.333333333333333,4.0,7.0,2.0,7.273333333,5.0,Fase 5 (1° EM),-1,7.34375,,6.305585581933334,Ágata,2024,Fase 5,1° EM
RA-236,4F,4F,Feminino,2022,Pública,,,Ametista,7.110494326118326,,,,5.0,Avaliador-22,Avaliador-17,Avaliador-1,Avaliador-5,9.168,7.890668700666666,6.26,4.5,1.5,4.0,8.0,6.362,10.0,Fase 4 (9° ano),0,6.875,7.337116667,6.980833740133334,Ágata,2024,Fase 4,9° ano
RA-249,4F,4F,Masculino,2021,Pública,Ágata,Ágata,Quartzo,5.096608405982907,,,,5.0,Avaliador-22,Avaliador-17,Avaliador-1,Avaliador-5,7.083,6.645021645,5.0,5.0,1.0,8.0,6.0,7.064,5.0,Fase 6 (2° EM),-2,6.75,5.444625,6.125104328999999,Ágata,2024,Fase 6,2° EM
RA-239,4F,4F,Feminino,2021,Pública,,Quartzo,Quartzo,4.571673982861744,,,,5.0,Avaliador-22,Avaliador-17,Avaliador-1,Avaliador-5,8.751,6.361737677333333,5.635,6.666666666666667,4.0,10.0,6.0,8.502,2.5,Fase 7 (3° EM),-3,7.875,6.411333333,6.782180868800001,Ágata,2024,Fase 7,3° EM
RA-382,4F,4F,Masculino,2021,Pública,Ametista,Ágata,Ágata,6.77720046886447,,,,5.0,Avaliador-22,Avaliador-17,Avaliador-1,Avaliador-5,9.168,6.324561403666666,5.63,3.0,2.0,3.0,4.0,6.43,5.0,Fase 5 (1° EM),-1,6.75,6.223833333,5.805712280733333,Quartzo,2024,Fase 5,1° EM
RA-383,4F,4F,Masculino,2021,Pública,Topázio,Ametista,Topázio,8.400003111111111,,,,5.0,Avaliador-22,Avaliador-17,Avaliador-1,Avaliador-5,9.168,8.600288600333334,7.51,5.833333333333333,1.0,8.0,8.5,8.47,10.0,Fase 3 (7° e 8° ano),1,7.875,7.5408,8.036024386733335,Topázio,2024,Fase 3,7° e 8° ano
RA-1155,4F,4F,Feminino,2023,Pública,,,,,,,,5.0,Avaliador-22,Avaliador-17,Avaliador-1,Avaliador-5,8.334,8.888888889,5.005,4.666666666666667,6.0,8.0,0.0,8.87,5.0,Fase 5 (1° EM),-1,8.0,7.821633333,7.119011111133333,Ametista,2024,Fase 5,1° EM
RA-384,4F,4F,Feminino,2021,Pública,Ametista,Ametista,Ametista,7.558498337662337,,,,5.0,Avaliador-22,Avaliador-17,Avaliador-1,Avaliador-5,7.5,8.607503607333333,7.51,7.5,5.0,9.5,8.0,7.936,10.0,Fase 4 (9° ano),0,7.625,6.757958333,8.072200721466668,Topázio,2024,Fase 4,9° ano
RA-1156,4F,4F,Feminino,2023,Pública,,,,,,,,5.0,Avaliador-22,Avaliador-17,Avaliador-1,Avaliador-5,7.5,7.821067821,7.51,2.0,6.0,0.0,0.0,7.5,10.0,Fase 3 (7° e 8° ano),1,7.125,7.340775,6.6777135642,Ágata,2024,Fase 3,7° e 8° ano
RA-1578,4F,4F,Feminino,2024,Pública,,,,,,,,5.0,Avaliador-22,Avaliador-17,Avaliador-1,Avaliador-5,8.334,6.761695906666667,7.51,7.333333333333333,6.0,6.0,10.0,8.636,10.0,Fase 3 (7° e 8° ano),1,7.5,,7.880605848,Ametista,2024,Fase 3,7° e 8° ano
RA-388,4F,4F,Feminino,2021,Pública,Ágata,Ágata,Ágata,6.654070674842067,,,,5.0,Avaliador-22,Avaliador-17,Avaliador-1,Avaliador-5,7.5,6.349206349,7.51,4.333333333333333,1.0,7.0,5.0,5.764,5.0,Fase 5 (1° EM),-1,6.75,5.630833333,5.965307936466667,Quartzo,2024,Fase 5,1° EM
RA-260,4F,4F,Feminino,2021,Pública,Topázio,Ametista,Ametista,7.439744423076924,,,,5.0,Avaliador-22,Avaliador-17,Avaliador-1,Avaliador-5,8.751,9.674603174666666,7.51,7.0,7.5,5.5,8.0,8.502,10.0,Fase 4 (9° ano),0,7.875,8.080008333,8.448920634933334,Topázio,2024,Fase 4,9° ano
RA-395,4F,4F,Feminino,2021,Pública,Ametista,Topázio,Ametista,7.682753058681186,,,,5.0,Avaliador-22,Avaliador-17,Avaliador-1,Avaliador-5,8.751,6.921693121666666,6.26,4.333333333333333,2.5,5.5,5.0,8.464,10.0,Fase 3 (7° e 8° ano),1,7.25,7.469175,7.169905291000001,Ametista,2024,Fase 3,7° e 8° ano
RA-262,4F,4F,Masculino,2021,Privada,,Quartzo,Quartzo,4.786323286324786,,,,5.0,Avaliador-22,Avaliador-17,Avaliador-1,Avaliador-5,7.917,4.854560643666667,7.51,4.166666666666667,1.0,4.5,7.0,6.296,5.0,Fase 6 (2° EM),-2,7.0,4.406458333,5.806145462066667,Quartzo,2024,Fase 6,2° EM
RA-1579,4F,4F,Feminino,2022,Pública,,,,,,,,5.0,Avaliador-22,Avaliador-17,Avaliador-1,Avaliador-5,8.751,9.090261886999999,5.635,7.166666666666667,7.5,6.0,8.0,9.272,5.0,Fase 6 (2° EM),-2,8.5,,7.894385710733333,Ametista,2024,Fase 6,2° EM
RA-1580,4F,4F,Masculino,2024,Pública,,,,,,,,5.0,Avaliador-22,Avaliador-17,Avaliador-1,Avaliador-5,8.751,9.049953314666666,7.51,6.166666666666667,5.0,7.5,6.0,9.168,5.0,Fase 5 (1° EM),-1,7.875,,7.790523996266667,Ametista,2024,Fase 5,1° EM
RA-377,4F,4F,Feminino,2021,Pública,,Quartzo,Ágata,6.742777235591996,,,,5.0,Avaliador-22,Avaliador-17,Avaliador-1,Avaliador-5,9.168,7.698412698333333,7.51,5.166666666666667,4.0,6.5,5.0,7.634,10.0,Fase 4 (9° ano),0,7.125,7.205041667,7.480115873000001,Ametista,2024,Fase 4,9° ano
RA-250,4H,4H,Feminino,2022,Privada - Programa de Apadrinhamento,,,Ametista,7.958056222222224,,,,3.0,Avaliador-21,Avaliador-23,Avaliador-17,,9.168,9.629629629666667,6.88,9.166666666666666,10.0,7.5,10.0,8.95,10.0,Fase 4 (9° ano),0,8.958333333,7.598208333,9.049892592566668,Topázio,2024,Fase 4,9° ano
RA-1581,4H,4H,Masculino,2024,Pública,,,,,,,,3.0,Avaliador-21,Avaliador-23,Avaliador-17,,8.334,7.834844760666667,6.26,6.333333333333333,7.0,4.5,7.5,7.386666667,5.0,Fase 5 (1° EM),-1,7.083333333,,6.9787022855,Ágata,2024,Fase 5,1° EM
RA-1582,4H,4H,Masculino,2024,Pública,,,,,,,,3.0,Avaliador-21,Avaliador-23,Avaliador-17,,8.334,8.069444444333334,6.255,4.5,7.0,2.0,4.5,6.666666667,5.0,Fase 5 (1° EM),-1,6.666666667,,6.472788888966667,Ágata,2024,Fase 5,1° EM
RA-1583,4H,4H,Feminino,2024,Pública,,,,,,,,3.0,Avaliador-21,Avaliador-23,Avaliador-17,,7.917,7.753623188333333,6.26,8.166666666666666,8.0,6.5,10.0,9.006666667,5.0,Fase 5 (1° EM),-1,9.166666667,,7.8197579711000005,Ametista,2024,Fase 5,1° EM
RA-450,4L,4L,Masculino,2021,Pública,,Ágata,Ametista,7.843149036414566,,,,4.0,Avaliador-23,Avaliador-20,Avaliador-22,Avaliador-26,8.751,8.954191033333332,5.63,7.5,8.0,8.5,6.0,7.58,5.0,Fase 5 (1° EM),-1,7.8125,6.819625,7.526188206666666,Ametista,2024,Fase 5,1° EM
RA-426,4L,4L,Feminino,2022,Pública,,,Ágata,6.350091965367965,,,,4.0,Avaliador-23,Avaliador-20,Avaliador-22,Avaliador-26,7.917,7.9050567596666665,4.38,4.833333333333333,3.5,7.0,4.0,8.0,5.0,Fase 5 (1° EM),-1,7.65625,6.329158333,6.6430030186,Ágata,2024,Fase 5,1° EM
RA-1584,4L,4L,Feminino,2024,Pública,,,,,,,,4.0,Avaliador-23,Avaliador-20,Avaliador-22,Avaliador-26,8.334,9.153439153333332,7.51,5.5,6.0,5.5,5.0,8.1675,5.0,Fase 5 (1° EM),-1,7.8125,,7.429837830666667,Ametista,2024,Fase 5,1° EM
RA-313,4L,4L,Feminino,2022,Pública,,,Quartzo,5.800078489240228,,,,4.0,Avaliador-23,Avaliador-20,Avaliador-22,Avaliador-26,8.751,9.666666666666666,5.63,4.833333333333333,1.0,8.0,5.5,8.1675,5.0,Fase 5 (1° EM),-1,7.8125,7.011091667,7.2528500000000005,Ametista,2024,Fase 5,1° EM
RA-467,4L,4L,Feminino,2022,Pública,,,Ágata,6.380177212121212,,,,4.0,Avaliador-23,Avaliador-20,Avaliador-22,Avaliador-26,7.917,9.140350877333333,5.01,6.833333333333333,5.5,9.0,6.0,7.54,10.0,Fase 4 (9° ano),0,7.34375,6.552916667,7.7298118421333335,Ametista,2024,Fase 4,9° ano
RA-1585,4L,4L,Feminino,2024,Pública,,,,,,,,4.0,Avaliador-23,Avaliador-20,Avaliador-22,Avaliador-26,10.002,6.775210084333334,7.51,4.0,5.0,3.0,4.0,7.7925,5.0,Fase 5 (1° EM),-1,7.65625,,6.730367016866668,Ágata,2024,Fase 5,1° EM
RA-432,4L,4L,Feminino,2021,Pública,Quartzo,Quartzo,Ágata,6.339605488215488,,,,4.0,Avaliador-23,Avaliador-20,Avaliador-22,Avaliador-26,7.501,10.0,6.26,5.5,5.0,6.0,5.5,7.2875,5.0,Fase 5 (1° EM),-1,7.34375,6.850183333,7.167975,Ametista,2024,Fase 5,1° EM
RA-1586,4L,4L,Feminino,2024,Pública,,,,,,,,4.0,Avaliador-23,Avaliador-20,Avaliador-22,Avaliador-26,10.002,6.128654970666666,5.01,5.666666666666667,3.5,5.5,8.0,7.54,5.0,Fase 5 (1° EM),-1,6.875,,6.555764327466668,Ágata,2024,Fase 5,1° EM
RA-470,4L,4L,Feminino,2021,Pública,Ametista,Ametista,Ametista,7.378176603174603,,,,4.0,Avaliador-23,Avaliador-20,Avaliador-22,Avaliador-26,9.585,8.011695906666667,7.51,3.3333333333333335,3.5,4.0,2.5,6.4975,10.0,Fase 4 (9° ano),0,7.03125,6.993766667,6.981130848,Ágata,2024,Fase 4,9° ano
RA-417,4L,4L,Feminino,2022,Pública,,,Topázio,8.427782,,,,4.0,Avaliador-23,Avaliador-20,Avaliador-22,Avaliador-26,8.334,8.401559454333333,7.51,8.833333333333334,9.0,10.0,7.5,8.2925,10.0,Fase 4 (9° ano),0,8.4375,8.257658333,8.533628557533333,Topázio,2024,Fase 4,9° ano
RA-407,4L,4L,Masculino,2022,Pública,,,Ametista,7.195372592592593,,,,4.0,Avaliador-23,Avaliador-20,Avaliador-22,Avaliador-26,8.334,7.614522417333333,6.26,3.6666666666666665,2.0,5.0,4.0,7.875,10.0,Fase 4 (9° ano),0,7.96875,7.665083333,7.0875128168,Ametista,2024,Fase 4,9° ano
RA-1587,4L,4L,Feminino,2024,Pública,,,,,,,,4.0,Avaliador-23,Avaliador-20,Avaliador-22,Avaliador-26,9.168,10.0,7.51,3.75,7.5,0.0,,8.2075,5.0,Fase 6 (2° EM),-2,7.8125,,7.34055,Ametista,2024,Fase 6,2° EM
RA-1588,4L,4L,Feminino,2024,Pública,,,,,,,,4.0,Avaliador-23,Avaliador-20,Avaliador-22,Avaliador-26,7.917,8.640618640666666,7.51,4.0,3.5,4.5,,7.415,10.0,Fase 4 (9° ano),0,7.5,,7.303823728133333,Ametista,2024,Fase 4,9° ano
RA-424,4L,4L,Feminino,2022,Pública,,,Ametista,7.940280666666667,,,,4.0,Avaliador-23,Avaliador-20,Avaliador-22,Avaliador-26,8.334,9.616228070333333,7.51,3.3333333333333335,2.0,6.0,2.0,7.1625,10.0,Fase 4 (9° ano),0,7.34375,7.72685,7.341187280733334,Ametista,2024,Fase 4,9° ano
RA-1193,4L,4L,Feminino,2023,Pública,,,,,,,,4.0,Avaliador-23,Avaliador-20,Avaliador-22,Avaliador-26,8.751,7.763157895,5.635,4.0,3.0,6.0,3.0,7.79,5.0,Fase 5 (1° EM),-1,7.8125,6.018083333,6.6304815790000005,Ágata,2024,Fase 5,1° EM
RA-411,4M,4M,Feminino,2021,Privada,Ametista,Ametista,Ametista,7.2323363079922025,,,,4.0,Avaliador-21,Avaliador-20,Avaliador-1,Avaliador-26,7.083,9.148148147999999,5.635,4.833333333333333,3.5,7.0,4.0,7.4125,10.0,Fase 4 (9° ano),0,7.291666667,7.779983333,7.279762962966667,Ametista,2024,Fase 4,9° ano
RA-412,4M,4M,Feminino,2021,Pública,Ágata,Ágata,Ametista,7.5555417556855105,,,,4.0,Avaliador-21,Avaliador-20,Avaliador-1,Avaliador-26,8.334,8.456140351,6.26,7.333333333333333,8.0,6.0,8.0,8.125,10.0,Fase 4 (9° ano),0,8.020833333,7.373891667,8.044378070166667,Topázio,2024,Fase 4,9° ano
RA-428,4M,4M,Masculino,2022,Pública,,,Ametista,7.68295498989899,,,,4.0,Avaliador-21,Avaliador-20,Avaliador-1,Avaliador-26,9.168,8.898245614,5.635,5.0,3.0,4.0,8.0,7.625,10.0,Fase 4 (9° ano),0,7.5,7.821816667,7.534949122800001,Ametista,2024,Fase 4,9° ano
RA-315,4M,4M,Feminino,2022,Pública,,,Quartzo,5.671800072463768,,,,4.0,Avaliador-21,Avaliador-20,Avaliador-1,Avaliador-26,0.0,5.918518518666667,7.51,6.833333333333333,6.5,6.5,7.5,7.6275,5.0,Fase 5 (1° EM),-1,7.5,5.977708333,6.0768703704,Quartzo,2024,Fase 5,1° EM
RA-442,4M,4M,Feminino,2022,Pública,,,Topázio,8.226391777777778,,,,4.0,Avaliador-21,Avaliador-20,Avaliador-1,Avaliador-26,8.334,5.9151960783333335,5.635,5.0,4.5,7.0,3.5,7.8775,10.0,Fase 3 (7° e 8° ano),1,7.5,6.814166667,6.905439215666667,Ágata,2024,Fase 3,7° e 8° ano
RA-301,4M,4M,Feminino,2021,Pública,Ametista,Ametista,Ágata,6.802149357015729,,,,4.0,Avaliador-21,Avaliador-20,Avaliador-1,Avaliador-26,9.168,7.4947368423333325,7.51,9.0,10.0,9.0,8.0,8.21,10.0,Fase 4 (9° ano),0,8.020833333,6.760341667,8.410830701766667,Topázio,2024,Fase 4,9° ano
RA-1163,4M,4M,Masculino,2023,Pública,,,,,,,,4.0,Avaliador-21,Avaliador-20,Avaliador-1,Avaliador-26,8.334,9.824561403666666,7.51,7.833333333333333,9.5,6.5,7.5,8.755,10.0,Fase 4 (9° ano),0,8.125,7.749391667,8.6794789474,Topázio,2024,Fase 4,9° ano
RA-402,4M,4M,Feminino,2021,Pública,Ágata,Ágata,Quartzo,5.261113333333334,,,,4.0,Avaliador-21,Avaliador-20,Avaliador-1,Avaliador-26,7.5,3.074074074,6.26,4.166666666666667,3.0,3.5,6.0,6.1175,10.0,Fase 4 (9° ano),0,6.354166667,6.632716667,5.683064814833333,Quartzo,2024,Fase 4,9° ano
RA-1589,4M,4M,Feminino,2024,Pública,,,,,,,,4.0,Avaliador-21,Avaliador-20,Avaliador-1,Avaliador-26,0.0,6.259259259333334,7.51,2.5,3.0,2.0,,7.54,5.0,Fase 5 (1° EM),-1,7.5,,5.260851851866667,Quartzo,2024,Fase 5,1° EM
RA-1162,4M,4M,Feminino,2023,Pública,,,,,,,,4.0,Avaliador-21,Avaliador-20,Avaliador-1,Avaliador-26,7.917,9.135672514666666,6.26,5.666666666666667,4.0,7.5,5.5,7.0375,10.0,Fase 4 (9° ano),0,6.875,7.44215,7.473167836266667,Ametista,2024,Fase 4,9° ano
RA-471,4M,4M,Feminino,2021,Pública,Ágata,Ágata,Ágata,6.535165330634278,,,,4.0,Avaliador-21,Avaliador-20,Avaliador-1,Avaliador-26,0.0,7.027568922333333,7.51,5.5,4.0,5.5,7.0,8.0425,10.0,Fase 4 (9° ano),0,7.708333333,6.855541667,6.635847117766667,Ágata,2024,Fase 4,9° ano
RA-416,4M,4M,Masculino,2021,Privada - Programa de Apadrinhamento,Ametista,Ametista,Ametista,7.912811530864198,,,,4.0,Avaliador-21,Avaliador-20,Avaliador-1,Avaliador-26,8.751,8.972709551666666,7.51,8.0,8.0,7.5,8.5,9.13,10.0,Fase 3 (7° e 8° ano),1,8.541666667,8.144425,8.700808577033333,Topázio,2024,Fase 3,7° e 8° ano
RA-303,4M,4M,Masculino,2021,Pública,Ametista,Ágata,Ágata,6.0302058333333335,,,,4.0,Avaliador-21,Avaliador-20,Avaliador-1,Avaliador-26,8.751,3.9520467836666664,7.51,5.666666666666667,5.0,5.0,7.0,7.535,5.0,Fase 6 (2° EM),-2,6.875,5.914291667,6.2443426900666665,Ágata,2024,Fase 6,2° EM
RA-418,4M,4M,Feminino,2021,Privada - Programa de Apadrinhamento,Topázio,Topázio,Topázio,8.175157209876545,,,,4.0,Avaliador-21,Avaliador-20,Avaliador-1,Avaliador-26,8.751,10.0,7.51,9.333333333333334,9.5,8.5,10.0,9.0475,10.0,Fase 3 (7° e 8° ano),1,8.229166667,8.1686,9.125183333366667,Topázio,2024,Fase 3,7° e 8° ano
RA-419,4M,4M,Feminino,2021,Privada - Programa de Apadrinhamento,Ametista,Ametista,Ametista,7.35895350617284,,,,4.0,Avaliador-21,Avaliador-20,Avaliador-1,Avaliador-26,7.083,9.382456140666667,6.26,8.166666666666666,6.5,8.0,10.0,8.5475,10.0,Fase 3 (7° e 8° ano),1,8.020833333,7.7261,8.355707894766669,Topázio,2024,Fase 3,7° e 8° ano
RA-420,4M,4M,Feminino,2021,Privada - Programa de Apadrinhamento,Topázio,Ametista,Ametista,7.460804469135802,,,,4.0,Avaliador-21,Avaliador-20,Avaliador-1,Avaliador-26,8.334,9.557894737,6.26,4.0,3.0,4.5,4.5,7.96,10.0,Fase 3 (7° e 8° ano),1,7.8125,7.356358333,7.544228947400001,Ametista,2024,Fase 3,7° e 8° ano
RA-1166,4M,4M,Feminino,2023,Pública,,,,,,,,4.0,Avaliador-21,Avaliador-20,Avaliador-1,Avaliador-26,8.334,8.498245614,6.26,6.333333333333333,5.0,7.0,7.0,8.625,5.0,Fase 5 (1° EM),-1,8.020833333,7.307858333,7.452799122766667,Ametista,2024,Fase 5,1° EM
RA-425,4M,4M,Masculino,2022,Pública,,,Topázio,8.116668666666667,,,,4.0,Avaliador-21,Avaliador-20,Avaliador-1,Avaliador-26,10.002,10.0,6.26,9.0,10.0,7.5,9.5,8.8375,10.0,Fase 4 (9° ano),0,8.229166667,8.10555,9.016616666700001,Topázio,2024,Fase 4,9° ano
RA-1590,4N,4N,Feminino,2024,Pública,,,,,,,,5.0,Avaliador-21,Avaliador-5,Avaliador-17,Avaliador-23,7.917,8.267770876333332,7.51,8.666666666666666,8.5,8.0,9.5,8.806,5.0,Fase 5 (1° EM),-1,10.0,,8.1907875086,Topázio,2024,Fase 5,1° EM
RA-1591,4N,4N,Feminino,2024,Pública,,,,,,,,5.0,Avaliador-21,Avaliador-5,Avaliador-17,Avaliador-23,7.083,6.430976431,7.51,3.5,3.0,4.5,3.0,7.064,5.0,Fase 6 (2° EM),-2,8.125,,6.1707952862,Ágata,2024,Fase 6,2° EM
RA-273,4N,4N,Feminino,2021,Pública,Ametista,Ametista,Quartzo,5.679047285714286,,,,5.0,Avaliador-21,Avaliador-5,Avaliador-17,Avaliador-23,9.168,7.323153899,6.26,4.5,3.0,6.5,4.0,6.896,5.0,Fase 5 (1° EM),-1,8.125,6.337116667,6.5991307798,Ágata,2024,Fase 5,1° EM
RA-1592,4N,4N,Feminino,2024,Pública,,,,,,,,5.0,Avaliador-21,Avaliador-5,Avaliador-17,Avaliador-23,7.917,6.854727398333334,7.51,5.5,4.0,7.5,5.0,7.432,5.0,Fase 5 (1° EM),-1,8.125,,6.812545479666667,Ágata,2024,Fase 5,1° EM
RA-457,4N,4N,Feminino,2022,Pública,,,Ametista,7.680083750915751,,,,5.0,Avaliador-21,Avaliador-5,Avaliador-17,Avaliador-23,8.334,8.743961352333335,7.51,8.666666666666666,8.0,8.0,10.0,7.77,10.0,Fase 3 (7° e 8° ano),1,9.6875,8.256833333,8.5892756038,Topázio,2024,Fase 3,7° e 8° ano
RA-305,4N,4N,Masculino,2021,Pública,Ametista,Ágata,Ágata,6.05804740909091,,,,5.0,Avaliador-21,Avaliador-5,Avaliador-17,Avaliador-23,8.334,7.898550724666666,6.26,4.833333333333333,3.0,3.0,8.5,7.03,5.0,Fase 5 (1° EM),-1,7.8125,6.394291667,6.693026811600001,Ágata,2024,Fase 5,1° EM
RA-421,4N,4N,Masculino,2021,Pública,,Topázio,Topázio,8.716975028083027,,,,5.0,Avaliador-21,Avaliador-5,Avaliador-17,Avaliador-23,8.751,9.540744978333334,7.51,6.666666666666667,5.0,6.0,9.0,8.572,10.0,Fase 3 (7° e 8° ano),1,9.0625,8.030716667,8.488232329,Topázio,2024,Fase 3,7° e 8° ano
RA-1169,4N,4N,Feminino,2023,Pública,,,,,,,,5.0,Avaliador-21,Avaliador-5,Avaliador-17,Avaliador-23,6.25,8.444444444333334,5.635,6.833333333333333,6.0,6.5,8.0,6.8,5.0,Fase 5 (1° EM),-1,7.8125,7.213625,6.885305555533334,Ágata,2024,Fase 5,1° EM
RA-1593,4N,4N,Masculino,2024,Pública,,,,,,,,5.0,Avaliador-21,Avaliador-5,Avaliador-17,Avaliador-23,6.249,4.868875086666667,6.26,6.5,9.0,6.5,4.0,8.538,5.0,Fase 5 (1° EM),-1,9.0625,,6.638525017333334,Ágata,2024,Fase 5,1° EM
RA-1594,4N,4N,Masculino,2024,Pública,,,,,,,,5.0,Avaliador-21,Avaliador-5,Avaliador-17,Avaliador-23,9.585,6.112836439,6.26,3.0,1.0,4.0,4.0,5.996,5.0,Fase 6 (2° EM),-2,6.25,,5.731267287800001,Quartzo,2024,Fase 6,2° EM
RA-283,4N,4N,Masculino,2021,Pública,Ágata,Ágata,Ametista,7.130972888888889,,,,5.0,Avaliador-21,Avaliador-5,Avaliador-17,Avaliador-23,8.751,9.761904762,6.885,8.0,6.5,8.0,9.5,7.736,5.0,Fase 6 (2° EM),-2,7.8125,7.549025,7.9444309524,Ametista,2024,Fase 6,2° EM
RA-459,4N,4N,Masculino,2021,Pública,Ametista,Ametista,Ametista,7.280371036414566,,,,5.0,Avaliador-21,Avaliador-5,Avaliador-17,Avaliador-23,7.917,8.454106280333333,5.635,4.666666666666667,0.0,6.0,8.0,7.366,10.0,Fase 4 (9° ano),0,7.8125,8.240016667,7.233804589400001,Ametista,2024,Fase 4,9° ano
RA-454,4R,4R,Masculino,2021,Pública,Quartzo,Ágata,Quartzo,5.561111555555557,,,,6.0,Avaliador-23,Avaliador-22,Avaliador-17,Avaliador-1,9.585,6.633138401666667,6.255,3.6666666666666665,3.0,2.0,6.0,5.833333333,5.0,Fase 6 (2° EM),-2,5.416666667,4.603416667,5.8522943469666675,Quartzo,2024,Fase 6,2° EM
RA-1595,4R,4R,Masculino,2024,Pública,,,,,,,,6.0,Avaliador-23,Avaliador-22,Avaliador-17,Avaliador-1,8.334,7.949735449666666,6.26,2.3333333333333335,3.0,0.0,4.0,7.021666667,10.0,Fase 4 (9° ano),0,7.395833333,,6.6599304233000005,Ágata,2024,Fase 4,9° ano
RA-1596,4R,4R,Feminino,2024,Pública,,,,,,,,6.0,Avaliador-23,Avaliador-22,Avaliador-17,Avaliador-1,8.751,10.0,7.51,3.3333333333333335,5.0,0.0,5.0,8.226666667,5.0,Fase 6 (2° EM),-2,8.229166667,,7.261016666766667,Ametista,2024,Fase 6,2° EM
RA-170,4R,4R,Feminino,2021,Privada - Programa de Apadrinhamento,Ametista,Ametista,Ágata,7.006941758454106,,,,6.0,Avaliador-23,Avaliador-22,Avaliador-17,Avaliador-1,9.168,8.5,5.635,8.0,10.0,6.5,7.5,8.028333333,5.0,Fase 5 (1° EM),-1,7.604166667,7.062433333,7.646383333300001,Ametista,2024,Fase 5,1° EM
RA-1597,4R,4R,Feminino,2024,Pública,,,,,,,,6.0,Avaliador-23,Avaliador-22,Avaliador-17,Avaliador-1,7.5,8.412698412666666,7.51,2.8333333333333335,2.0,0.0,6.5,8.28,5.0,Fase 5 (1° EM),-1,8.125,,6.7187063492,Ágata,2024,Fase 5,1° EM
RA-1171,4R,4R,Masculino,2023,Pública,,,,,,,,6.0,Avaliador-23,Avaliador-22,Avaliador-17,Avaliador-1,8.334,7.230158729999999,7.51,7.5,5.0,9.5,8.0,8.643333333,5.0,Fase 5 (1° EM),-1,8.645833333,7.856033333,7.6236817459,Ametista,2024,Fase 5,1° EM
RA-116,5A,5A,Feminino,2021,Pública,Ametista,Ágata,Ágata,6.854039584291188,,,,5.0,Avaliador-23,Avaliador-24,Avaliador-26,Avaliador-1,8.334,7.535353535666666,5.635,4.5,6.5,2.0,5.0,6.73,5.0,Fase 7 (3° EM),-2,6.875,6.433075,6.337470707133334,Ágata,2024,Fase 7,3° EM
RA-217,5A,5A,Feminino,2021,Privada - Programa de Apadrinhamento,,Ametista,Ametista,7.3965272777777775,,,,5.0,Avaliador-23,Avaliador-24,Avaliador-26,Avaliador-1,8.334,8.917748917666666,6.26,7.833333333333333,9.0,7.0,7.5,6.994,5.0,Fase 6 (2° EM),-1,7.125,6.96965,7.4209164502,Ametista,2024,Fase 6,2° EM
RA-103,5A,5A,Feminino,2021,Privada - Programa de Apadrinhamento,Ágata,Ametista,Topázio,8.107440578115117,,,,5.0,Avaliador-23,Avaliador-24,Avaliador-26,Avaliador-1,8.334,9.603174603333335,6.26,9.166666666666666,9.0,9.0,9.5,8.872,10.0,Fase 5 (1° EM),0,7.875,8.0239,8.775268254,Topázio,2024,Fase 5,1° EM
RA-178,5A,5A,Feminino,2021,Privada - Programa de Apadrinhamento,Ametista,Ametista,Ágata,7.024874570707071,,,,5.0,Avaliador-23,Avaliador-24,Avaliador-26,Avaliador-1,9.585,8.739177489333334,6.26,4.166666666666667,2.5,2.5,7.5,6.53,10.0,Fase 5 (1° EM),0,7.625,7.406658333,7.234168831200001,Ametista,2024,Fase 5,1° EM
RA-1172,5A,5A,Feminino,2023,Pública,,,,,,,,5.0,Avaliador-23,Avaliador-24,Avaliador-26,Avaliador-1,7.5,6.0634920633333325,6.26,3.3333333333333335,0.0,5.0,5.0,6.196,5.0,Fase 6 (2° EM),-1,7.25,7.030108333,5.719565079333334,Quartzo,2024,Fase 6,2° EM
RA-180,5A,5A,Masculino,2021,Privada - Programa de Apadrinhamento,Topázio,Topázio,Topázio,8.441663515948964,,,,5.0,Avaliador-23,Avaliador-24,Avaliador-26,Avaliador-1,9.168,9.431818181666666,7.51,8.5,9.0,8.5,8.0,8.674,10.0,Fase 3 (7° e 8° ano),2,8.125,8.283216667,8.801463636333335,Topázio,2024,Fase 3,7° e 8° ano
RA-181,5A,5A,Feminino,2021,Privada - Programa de Apadrinhamento,Topázio,Ametista,Topázio,8.622797438146648,,,,5.0,Avaliador-23,Avaliador-24,Avaliador-26,Avaliador-1,7.5,8.737373737333334,6.26,4.333333333333333,0.0,7.5,5.5,8.436,10.0,Fase 5 (1° EM),0,7.625,7.671208333,7.439841414133334,Ametista,2024,Fase 5,1° EM
RA-121,5A,5A,Feminino,2021,Pública,,Ágata,Ametista,7.244678043887148,,,,5.0,Avaliador-23,Avaliador-24,Avaliador-26,Avaliador-1,8.751,8.152958153,6.26,8.833333333333334,7.5,9.0,10.0,6.764,5.0,Fase 7 (3° EM),-2,7.25,6.811875,7.476158297266668,Ametista,2024,Fase 7,3° EM
RA-211,5A,5A,Masculino,2021,Privada - Programa de Apadrinhamento,,Topázio,Topázio,8.464935044778892,,,,5.0,Avaliador-23,Avaliador-24,Avaliador-26,Avaliador-1,9.585,9.379509379666667,7.51,7.0,5.5,6.5,9.0,7.866,10.0,Fase 5 (1° EM),0,7.25,8.024791667,8.283601875933334,Topázio,2024,Fase 5,1° EM
RA-1198,5A,5A,Feminino,2023,Pública,,,,,,,,5.0,Avaliador-23,Avaliador-24,Avaliador-26,Avaliador-1,8.751,9.458874459,7.51,3.5,0.0,1.0,9.5,7.332,5.0,Fase 6 (2° EM),-1,7.375,7.515233333,6.9217748918,Ágata,2024,Fase 6,2° EM
RA-110,5A,5A,Masculino,2021,Privada - Programa de Apadrinhamento,Ametista,Topázio,Topázio,8.149929726333543,,,,5.0,Avaliador-23,Avaliador-24,Avaliador-26,Avaliador-1,9.168,9.696969697,6.255,8.5,10.0,7.0,8.5,8.504,10.0,Fase 5 (1° EM),0,7.5,8.0879,8.6324939394,Topázio,2024,Fase 5,1° EM
RA-189,5A,5A,Masculino,2021,Privada - Programa de Apadrinhamento,Ametista,Ametista,Ametista,7.628620754385966,,,,5.0,Avaliador-23,Avaliador-24,Avaliador-26,Avaliador-1,10.002,10.0,6.255,8.166666666666666,7.0,7.5,10.0,8.2,10.0,Fase 5 (1° EM),0,6.875,7.727325,8.586533333333334,Topázio,2024,Fase 5,1° EM
RA-127,5A,5A,Feminino,2022,Privada - Programa de Apadrinhamento,,,Topázio,8.28325764036921,,,,5.0,Avaliador-23,Avaliador-24,Avaliador-26,Avaliador-1,8.751,9.488636363666666,7.51,7.833333333333333,10.0,3.5,10.0,8.538,10.0,Fase 5 (1° EM),0,7.625,7.91935,8.5605939394,Topázio,2024,Fase 5,1° EM
RA-115,5A,5A,Feminino,2021,Pública,Ametista,Ametista,Quartzo,5.885500876499922,,,,5.0,Avaliador-23,Avaliador-24,Avaliador-26,Avaliador-1,7.917,4.164756812,6.26,4.166666666666667,6.5,4.5,1.5,5.726,5.0,Fase 7 (3° EM),-2,6.75,6.319141667,5.404184695733334,Quartzo,2024,Fase 7,3° EM
RA-215,5B,5B,Feminino,2021,Pública,,Ágata,Ametista,7.171874500000001,,,,5.0,Avaliador-23,Avaliador-24,Avaliador-26,Avaliador-1,7.084,6.455627705333334,6.26,5.666666666666667,5.0,2.0,10.0,7.432,10.0,Fase 5 (1° EM),0,8.0,7.166475,7.045258874400002,Ametista,2024,Fase 5,1° EM
RA-1598,5B,5B,Feminino,2024,Pública,,,,,,,,5.0,Avaliador-23,Avaliador-24,Avaliador-26,Avaliador-1,9.585,8.857142857,7.51,7.5,7.5,7.5,,8.236,10.0,Fase 5 (1° EM),0,8.375,,8.4656285714,Topázio,2024,Fase 5,1° EM
RA-1174,5B,5B,Feminino,2023,Pública,,,,,,,,5.0,Avaliador-23,Avaliador-24,Avaliador-26,Avaliador-1,8.751,8.349567099333333,6.26,5.0,5.0,3.0,7.0,7.266,10.0,Fase 5 (1° EM),0,7.5,7.333591667,7.374213419866667,Ametista,2024,Fase 5,1° EM
RA-192,5B,5B,Masculino,2021,Privada,,Quartzo,Quartzo,4.9321151079328756,,,,5.0,Avaliador-23,Avaliador-24,Avaliador-26,Avaliador-1,8.334,6.363636363666667,7.51,7.166666666666667,4.0,7.5,10.0,6.9,5.0,Fase 7 (3° EM),-2,7.125,6.616016667,6.882960606066668,Ágata,2024,Fase 7,3° EM
RA-220,5B,5B,Feminino,2022,Pública,,,Ágata,7.027986444444445,,,,5.0,Avaliador-23,Avaliador-24,Avaliador-26,Avaliador-1,8.751,8.198051948,6.26,6.833333333333333,8.0,3.5,9.0,7.332,10.0,Fase 5 (1° EM),0,7.25,7.102016667,7.6987770562666675,Ametista,2024,Fase 5,1° EM
RA-186,5B,5B,Feminino,2021,Privada,Ametista,Ametista,Ametista,7.831592958621301,,,,5.0,Avaliador-23,Avaliador-24,Avaliador-26,Avaliador-1,7.917,9.640151515,6.26,7.166666666666667,6.0,7.0,8.5,8.672,10.0,Fase 4 (9° ano),1,8.125,7.817541667,8.325963636333334,Topázio,2024,Fase 4,9° ano
RA-1181,5B,5B,Feminino,2023,Pública,,,,,,,,5.0,Avaliador-23,Avaliador-24,Avaliador-26,Avaliador-1,9.168,5.036075036,6.26,3.8333333333333335,1.0,1.0,9.5,5.862,10.0,Fase 5 (1° EM),0,7.125,6.971266667,6.2015816738666665,Ágata,2024,Fase 5,1° EM
RA-1599,5B,5B,Feminino,2024,Pública,,,,,,,,5.0,Avaliador-23,Avaliador-24,Avaliador-26,Avaliador-1,8.334,9.666666666666666,7.51,6.5,7.0,6.0,,7.566,5.0,Fase 7 (3° EM),-2,7.75,,7.6059333333333345,Ametista,2024,Fase 7,3° EM
RA-111,5B,5B,Feminino,2021,Privada - Programa de Apadrinhamento,Ametista,Topázio,Topázio,8.645932539215686,,,,5.0,Avaliador-23,Avaliador-24,Avaliador-26,Avaliador-1,9.168,9.488636363666666,6.26,8.333333333333334,8.0,7.0,10.0,8.74,10.0,Fase 5 (1° EM),0,8.125,7.566458333,8.667693939400001,Topázio,2024,Fase 5,1° EM
RA-1600,5B,5B,Feminino,2024,Pública,,,,,,,,5.0,Avaliador-23,Avaliador-24,Avaliador-26,Avaliador-1,8.751,8.425925926,6.26,5.666666666666667,5.0,2.0,10.0,6.03,5.0,Fase 7 (3° EM),-2,7.25,,6.750618518533334,Ágata,2024,Fase 7,3° EM
RA-1601,5C,5C,Feminino,2024,Pública,,,,,,,,4.0,Avaliador-23,Avaliador-22,Avaliador-1,Avaliador-5,8.751,7.0,7.51,6.5,5.0,5.0,9.5,8.335,5.0,Fase 6 (2° EM),-1,7.5,,7.2431,Ametista,2024,Fase 6,2° EM
RA-176,5C,5C,Feminino,2021,Privada - Programa de Apadrinhamento,Topázio,Ametista,Topázio,8.427269800194932,,,,4.0,Avaliador-23,Avaliador-22,Avaliador-1,Avaliador-5,9.585,9.545454545333333,6.26,8.833333333333334,9.0,8.0,9.5,8.545,10.0,Fase 4 (9° ano),1,8.59375,8.316833333,8.828632575733334,Topázio,2024,Fase 4,9° ano
RA-1602,5C,5C,Feminino,2024,Pública,,,,,,,,4.0,Avaliador-23,Avaliador-22,Avaliador-1,Avaliador-5,7.917,8.782407407333332,7.51,7.166666666666667,9.5,2.0,10.0,7.875,10.0,Fase 5 (1° EM),0,7.34375,,8.041889814800001,Topázio,2024,Fase 5,1° EM
RA-1603,5C,5C,Feminino,2024,Pública,,,,,,,,4.0,Avaliador-23,Avaliador-22,Avaliador-1,Avaliador-5,7.5,9.259259258999998,7.51,8.333333333333334,8.5,7.0,9.5,7.835,5.0,Fase 6 (2° EM),-1,7.5,,7.836518518466668,Ametista,2024,Fase 6,2° EM
RA-1604,5C,5C,Masculino,2024,Pública,,,,,,,,4.0,Avaliador-23,Avaliador-22,Avaliador-1,Avaliador-5,9.168,7.777777778,7.51,8.5,10.0,5.5,10.0,8.88,5.0,Fase 6 (2° EM),-1,8.125,,8.0118555556,Topázio,2024,Fase 6,2° EM
RA-193,5C,5C,Masculino,2021,Privada - Programa de Apadrinhamento,Topázio,Topázio,Topázio,8.155073214424952,,,,4.0,Avaliador-23,Avaliador-22,Avaliador-1,Avaliador-5,8.751,9.848484848333333,6.26,7.0,6.5,4.5,10.0,8.7525,10.0,Fase 4 (9° ano),1,8.4375,7.718566667,8.465046969666668,Topázio,2024,Fase 4,9° ano
RA-195,5C,5C,Feminino,2021,Privada - Programa de Apadrinhamento,Ametista,Ametista,Ametista,8.016570200779729,,,,4.0,Avaliador-23,Avaliador-22,Avaliador-1,Avaliador-5,7.5,9.682539682666667,6.26,7.833333333333333,9.0,6.5,8.0,8.965,10.0,Fase 4 (9° ano),1,7.96875,7.60205,8.4690496032,Topázio,2024,Fase 4,9° ano
RA-196,5C,5C,Masculino,2021,Privada - Programa de Apadrinhamento,Ametista,Topázio,Topázio,8.124397285239297,,,,4.0,Avaliador-23,Avaliador-22,Avaliador-1,Avaliador-5,8.751,9.689754689666666,7.51,8.0,8.0,7.0,9.0,8.9225,10.0,Fase 4 (9° ano),1,8.75,7.560991667,8.823550937933334,Topázio,2024,Fase 4,9° ano
RA-197,5C,5C,Feminino,2021,Privada - Programa de Apadrinhamento,,Topázio,Topázio,8.217507976608186,,,,4.0,Avaliador-23,Avaliador-22,Avaliador-1,Avaliador-5,7.5,9.848484848333333,6.26,8.333333333333334,7.0,8.0,10.0,8.795,10.0,Fase 5 (1° EM),0,7.96875,7.967608333,8.568238636333334,Topázio,2024,Fase 5,1° EM
RA-229,5C,5C,Masculino,2022,Privada - Programa de Apadrinhamento,,,Topázio,8.62014138888889,,,,4.0,Avaliador-23,Avaliador-22,Avaliador-1,Avaliador-5,9.585,9.841269841333334,5.635,8.833333333333334,9.5,7.0,10.0,8.8375,10.0,Fase 4 (9° ano),1,8.28125,8.207591667,8.852545634933334,Topázio,2024,Fase 4,9° ano
RA-202,5C,5C,Feminino,2021,Pública,Ametista,Ametista,Quartzo,5.201146520702537,,,,4.0,Avaliador-23,Avaliador-22,Avaliador-1,Avaliador-5,8.334,7.880952381,6.26,7.5,8.5,6.0,8.0,7.75,5.0,Fase 6 (2° EM),-1,7.65625,6.791641667,7.3512154762,Ametista,2024,Fase 6,2° EM
RA-1176,5C,5C,Masculino,2023,Privada - Programa de Apadrinhamento,,,,,,,,4.0,Avaliador-23,Avaliador-22,Avaliador-1,Avaliador-5,8.751,9.682539682666667,6.26,9.166666666666666,10.0,8.0,9.5,8.9225,10.0,Fase 4 (9° ano),1,8.59375,8.881483333,8.914816269866666,Topázio,2024,Fase 4,9° ano
RA-1177,5C,5C,Feminino,2023,Pública,,,,,,,,4.0,Avaliador-23,Avaliador-22,Avaliador-1,Avaliador-5,8.751,9.824561403666666,6.26,7.333333333333333,9.5,5.5,7.0,8.125,10.0,Fase 5 (1° EM),0,7.65625,8.345491667,8.3233039474,Topázio,2024,Fase 5,1° EM
RA-146,5D,5D,Feminino,2022,Pública,,,Ametista,7.946686340802987,,,,5.0,Avaliador-23,Avaliador-26,Avaliador-22,Avaliador-1,8.751,9.514316093333333,5.635,9.333333333333334,9.0,9.0,10.0,8.304,5.0,Fase 7 (3° EM),-2,7.65625,7.584483333,8.134554885333333,Topázio,2024,Fase 7,3° EM
RA-1199,5D,5D,Masculino,2023,Concluiu o 3º EM,,,,,,,,5.0,Avaliador-23,Avaliador-26,Avaliador-22,Avaliador-1,7.5,8.571428571333334,5.005,9.0,10.0,7.0,10.0,8.466,5.0,Fase 7 (3° EM),-2,6.5625,7.024933333,7.614235714266666,Ametista,2024,Fase 7,3° EM
RA-1178,5D,5D,Masculino,2023,Pública,,,,,,,,5.0,Avaliador-23,Avaliador-26,Avaliador-22,Avaliador-1,8.751,9.682539682666667,6.26,8.333333333333334,9.0,8.0,8.0,8.696,5.0,Fase 6 (2° EM),-1,7.5,7.066475,8.0934746032,Topázio,2024,Fase 6,2° EM
RA-149,5D,5D,Feminino,2022,Pública,,,Ágata,6.322651405982906,,,,5.0,Avaliador-23,Avaliador-26,Avaliador-22,Avaliador-1,9.585,4.104378593666667,6.26,3.8333333333333335,0.0,6.5,5.0,6.626,5.0,Fase 7 (3° EM),-2,7.34375,5.622266667,5.7316173854,Quartzo,2024,Fase 7,3° EM
RA-1605,5D,5D,Masculino,2024,Pública,,,,,,,,5.0,Avaliador-23,Avaliador-26,Avaliador-22,Avaliador-1,0.0,5.0694444443333335,7.51,2.5,0.0,7.5,0.0,7.028,5.0,Fase 6 (2° EM),-1,7.5,,4.920488888866667,Quartzo,2024,Fase 6,2° EM
RA-107,5D,5D,Feminino,2021,Pública,Topázio,Ágata,Ágata,6.258056446780273,,,,5.0,Avaliador-23,Avaliador-26,Avaliador-22,Avaliador-1,7.5,7.9949874686666655,7.51,4.666666666666667,0.0,4.5,9.5,6.964,5.0,Fase 6 (2° EM),-1,7.5,6.845208333,6.676130827066667,Ágata,2024,Fase 6,2° EM
RA-184,5D,5D,Masculino,2021,Privada - Programa de Apadrinhamento,Ametista,Ametista,Ametista,7.2799257424242425,,,,5.0,Avaliador-23,Avaliador-26,Avaliador-22,Avaliador-1,8.751,8.696741854666667,6.26,8.166666666666666,9.5,5.0,10.0,9.004,10.0,Fase 4 (9° ano),1,7.96875,8.430241667,8.471456704266666,Topázio,2024,Fase 4,9° ano
RA-1606,5D,5D,Feminino,2024,Pública,,,,,,,,5.0,Avaliador-23,Avaliador-26,Avaliador-22,Avaliador-1,8.334,5.148148148,7.51,2.5,7.5,0.0,0.0,7.132,5.0,Fase 7 (3° EM),-2,7.8125,,5.8216796296,Quartzo,2024,Fase 7,3° EM
RA-1607,5D,5D,Masculino,2024,Pública,,,,,,,,5.0,Avaliador-23,Avaliador-26,Avaliador-22,Avaliador-1,5.833,6.222222222333333,5.635,0.0,0.0,0.0,0.0,6.762,5.0,Fase 6 (2° EM),-1,6.5625,,4.899894444466667,Quartzo,2024,Fase 6,2° EM
RA-1608,5D,5D,Masculino,2024,Pública,,,,,,,,5.0,Avaliador-23,Avaliador-26,Avaliador-22,Avaliador-1,8.751,7.199074074333335,7.51,5.0,8.5,3.5,3.0,6.83,10.0,Fase 5 (1° EM),0,6.40625,,7.072539814866667,Ametista,2024,Fase 5,1° EM
RA-1173,5D,5D,Masculino,2023,Pública,,,,,,,,5.0,Avaliador-23,Avaliador-26,Avaliador-22,Avaliador-1,9.168,9.665831245,7.51,5.833333333333333,6.0,7.5,4.0,8.2,10.0,Fase 5 (1° EM),0,8.125,7.67285,8.220132915666667,Topázio,2024,Fase 5,1° EM
RA-237,5F,5F,Feminino,2022,Privada - Programa de Apadrinhamento,,,Topázio,8.083730668737061,,,,3.0,Avaliador-24,Avaliador-1,Avaliador-7,,8.751,9.689754689666666,6.26,7.666666666666667,6.0,7.0,10.0,8.336666667,5.0,Fase 6 (2° EM),-1,7.916666667,7.436566667,7.931384271366667,Ametista,2024,Fase 6,2° EM
RA-147,5F,5F,Feminino,2022,Pública,,,Ametista,7.540822106753813,,,,3.0,Avaliador-24,Avaliador-1,Avaliador-7,,8.334,9.277056277,7.51,6.166666666666667,6.0,2.5,10.0,7.386666667,5.0,Fase 6 (2° EM),-1,7.5,5.5425,7.400477922133334,Ametista,2024,Fase 6,2° EM
RA-131,5F,5F,Feminino,2021,Pública,Topázio,Ametista,Ametista,7.174196928571429,,,,3.0,Avaliador-24,Avaliador-1,Avaliador-7,,8.751,9.444444444666667,7.51,5.0,4.0,5.0,6.0,7.386666667,5.0,Fase 7 (3° EM),-2,7.708333333,5.952358333,7.263155555633333,Ametista,2024,Fase 7,3° EM
RA-1609,5F,5F,Feminino,2024,Pública,,,,,,,,3.0,Avaliador-24,Avaliador-1,Avaliador-7,,8.334,9.666666666666666,7.51,6.0,6.0,4.0,8.0,7.943333333,5.0,Fase 7 (3° EM),-2,7.708333333,,7.577233333233334,Ametista,2024,Fase 7,3° EM
RA-137,5F,5F,Feminino,2021,Concluiu o 3º EM,Quartzo,Ágata,Ametista,7.056350274891774,,,,3.0,Avaliador-24,Avaliador-1,Avaliador-7,,9.585,7.582972583,5.005,6.833333333333333,2.0,8.5,10.0,6.276666667,5.0,Fase 7 (3° EM),-2,4.791666667,5.937025,6.576761183366667,Ágata,2024,Fase 7,3° EM
RA-1184,5F,5F,Masculino,2023,Pública,,,,,,,,3.0,Avaliador-24,Avaliador-1,Avaliador-7,,6.666,8.658008657666668,7.51,7.666666666666667,6.0,7.0,10.0,7.5,5.0,Fase 6 (2° EM),-1,7.291666667,7.381566667,7.411701731566668,Ametista,2024,Fase 6,2° EM
RA-138,5F,5F,Masculino,2021,Pública,Ametista,Ágata,Ágata,6.7380259603174615,,,,3.0,Avaliador-24,Avaliador-1,Avaliador-7,,9.585,8.751803751666666,7.51,5.833333333333333,7.5,5.0,5.0,7.443333333,5.0,Fase 7 (3° EM),-2,7.708333333,6.784075,7.3860274169,Ametista,2024,Fase 7,3° EM
RA-1610,5F,5F,Masculino,2024,Pública,,,,,,,,3.0,Avaliador-24,Avaliador-1,Avaliador-7,,9.168,7.753697970666667,7.51,5.166666666666667,4.0,2.0,9.5,6.106666667,5.0,Fase 7 (3° EM),-2,7.291666667,,6.7023729275666675,Ágata,2024,Fase 7,3° EM
RA-1611,5F,5F,Masculino,2024,Pública,,,,,,,,3.0,Avaliador-24,Avaliador-1,Avaliador-7,,7.083,8.361426442,7.51,4.5,2.0,2.5,9.0,5.886666667,5.0,Fase 7 (3° EM),-2,7.5,,6.4589186218000005,Ágata,2024,Fase 7,3° EM
RA-1612,5F,5F,Masculino,2024,Pública,,,,,,,,3.0,Avaliador-24,Avaliador-1,Avaliador-7,,6.666,8.523809523666666,7.51,6.166666666666667,5.0,6.5,7.0,6.94,5.0,Fase 7 (3° EM),-2,7.708333333,,7.014528571366666,Ametista,2024,Fase 7,3° EM
RA-1188,5G,5G,Feminino,2023,Pública,,,,,,,,3.0,Avaliador-23,Avaliador-1,Avaliador-5,,9.168,10.0,7.51,7.0,7.0,6.0,8.0,7.106666667,5.0,Fase 6 (2° EM),-1,8.125,,7.801633333400001,Ametista,2024,Fase 6,2° EM
RA-1613,5G,5G,Feminino,2024,Pública,,,,,,,,3.0,Avaliador-23,Avaliador-1,Avaliador-5,,8.334,7.1428571430000005,7.51,3.0,0.0,1.0,8.0,6.216666667,5.0,Fase 7 (3° EM),-2,7.291666667,,6.085471428700001,Quartzo,2024,Fase 7,3° EM
RA-244,5G,5G,Feminino,2021,Privada - Programa de Apadrinhamento,Topázio,Topázio,Topázio,8.510208575470424,,,,3.0,Avaliador-23,Avaliador-1,Avaliador-5,,7.5,10.0,6.26,9.5,10.0,9.0,9.5,8.17,10.0,Fase 4 (9° ano),1,8.125,7.044333333,8.7225,Topázio,2024,Fase 4,9° ano
RA-267,5G,5G,Feminino,2021,Pública,Ágata,Quartzo,Ágata,6.011790235258207,,,,3.0,Avaliador-23,Avaliador-1,Avaliador-5,,10.002,8.285533910333333,6.26,2.0,0.0,2.0,4.0,6.273333333,5.0,Fase 7 (3° EM),-2,4.583333333,,5.8963067819666675,Quartzo,2024,Fase 7,3° EM
RA-1189,5G,5G,Feminino,2023,Pública,,,,,,,,3.0,Avaliador-23,Avaliador-1,Avaliador-5,,9.585,8.672360248333332,7.51,7.666666666666667,7.0,7.0,9.0,7.106666667,5.0,Fase 6 (2° EM),-1,7.5,,7.6486387164,Ametista,2024,Fase 6,2° EM
RA-113,5G,5G,Feminino,2021,Pública,Ametista,Ágata,Quartzo,3.0318062222222224,,,,3.0,Avaliador-23,Avaliador-5,Avaliador-5,,8.751,7.063851181666667,7.51,6.666666666666667,7.0,6.0,7.0,7.106666667,5.0,Fase 6 (2° EM),-1,7.5,,7.043536903066667,Ametista,2024,Fase 6,2° EM
RA-152,5L,5L,Feminino,2022,Pública,,,Ágata,6.712044773504273,,,,3.0,Avaliador-23,Avaliador-24,Avaliador-7,,7.5,7.337719298333333,5.63,5.166666666666667,0.0,7.5,8.0,7.443333333,5.0,Fase 7 (3° EM),-2,7.8125,6.30695,6.5837938596,Ágata,2024,Fase 7,3° EM
RA-318,5L,5L,Feminino,2021,Pública,Ágata,Ametista,Ágata,6.527470839262188,,,,3.0,Avaliador-23,Avaliador-24,Avaliador-7,,7.917,9.129629629666667,7.51,4.666666666666667,2.0,6.0,6.0,7.443333333,5.0,Fase 6 (2° EM),-1,7.34375,6.856575,7.025000925866668,Ametista,2024,Fase 6,2° EM
RA-274,5L,5L,Feminino,2021,Privada - Programa de Apadrinhamento,Ametista,Topázio,Ametista,7.945715145299146,,,,3.0,Avaliador-23,Avaliador-24,Avaliador-7,,8.334,9.648148147999999,5.635,9.333333333333334,9.0,9.0,10.0,8.226666667,10.0,Fase 3 (7° e 8° ano),2,8.125,8.137625,8.651029629666667,Topázio,2024,Fase 3,7° e 8° ano
RA-319,5L,5L,Masculino,2022,Pública,,,Ametista,7.448464223100571,,,,3.0,Avaliador-23,Avaliador-24,Avaliador-7,,9.585,9.024122807,7.51,5.833333333333333,4.0,5.0,8.5,7.666666667,10.0,Fase 5 (1° EM),0,7.34375,8.367208333,7.948699561466667,Ametista,2024,Fase 5,1° EM
RA-160,5L,5L,Feminino,2021,Privada - Programa de Apadrinhamento,,Ágata,Ágata,6.745866585563862,,,,3.0,Avaliador-23,Avaliador-24,Avaliador-7,,8.334,7.416666666666667,6.26,5.666666666666667,3.0,5.5,8.5,7.723333333,5.0,Fase 6 (2° EM),-1,7.34375,6.598266667,6.855108333266668,Ágata,2024,Fase 6,2° EM
RA-161,5L,5L,Feminino,2021,Privada - Programa de Apadrinhamento,Ametista,Ametista,Ametista,7.95721614036921,,,,3.0,Avaliador-23,Avaliador-24,Avaliador-7,,8.751,7.965686274666666,6.26,4.0,5.0,7.0,0.0,7.836666667,10.0,Fase 5 (1° EM),0,7.96875,6.250166667,7.258445588333334,Ametista,2024,Fase 5,1° EM
RA-1614,5L,5L,Masculino,2024,Pública,,,,,,,,3.0,Avaliador-23,Avaliador-24,Avaliador-7,,7.5,6.574494949666668,7.51,6.5,5.0,5.5,9.0,7.11,5.0,Fase 6 (2° EM),-1,7.5,,6.787898989933334,Ágata,2024,Fase 6,2° EM
RA-164,5L,5L,Masculino,2021,Privada,Ágata,Ágata,Ágata,6.775990920062696,,,,3.0,Avaliador-23,Avaliador-24,Avaliador-7,,9.585,8.084795321666666,6.26,5.666666666666667,6.0,2.0,9.0,6.886666667,5.0,Fase 7 (3° EM),-2,6.25,5.638666667,6.837125731066667,Ágata,2024,Fase 7,3° EM
RA-165,5L,5L,Feminino,2021,Privada - Programa de Apadrinhamento,Ametista,Ametista,Topázio,8.063313842911878,,,,3.0,Avaliador-23,Avaliador-24,Avaliador-7,,7.5,9.431042884999998,7.51,8.5,10.0,7.5,8.0,7.893333333,10.0,Fase 5 (1° EM),0,7.96875,7.583433333,8.4627502436,Topázio,2024,Fase 5,1° EM
RA-1615,5M,5M,Feminino,2024,Pública,,,,,,,,4.0,Avaliador-23,Avaliador-24,Avaliador-1,Avaliador-7,7.917,9.833333333333334,7.51,8.333333333333334,8.0,7.0,10.0,7.4575,10.0,Fase 5 (1° EM),0,7.5,,8.417533333333333,Topázio,2024,Fase 5,1° EM
RA-1616,5M,5M,Feminino,2024,Pública,,,,,,,,4.0,Avaliador-23,Avaliador-24,Avaliador-1,Avaliador-7,8.334,8.436274509666667,7.51,6.166666666666667,5.5,6.5,6.5,7.12,5.0,Fase 6 (2° EM),-1,7.1875,,7.147738235266668,Ametista,2024,Fase 6,2° EM
RA-271,5M,5M,Feminino,2022,Pública,,,Ametista,7.254680434997751,,,,4.0,Avaliador-23,Avaliador-24,Avaliador-1,Avaliador-7,9.168,8.958333333333334,6.26,7.333333333333333,5.0,7.5,9.5,6.7475,5.0,Fase 6 (2° EM),-1,7.5,6.140333333,7.400633333333334,Ametista,2024,Fase 6,2° EM
RA-316,5M,5M,Feminino,2022,Privada - Programa de Apadrinhamento,,,Ametista,7.8888911111111115,,,,4.0,Avaliador-23,Avaliador-24,Avaliador-1,Avaliador-7,9.168,10.0,7.51,8.0,8.5,7.0,8.5,8.3775,10.0,Fase 5 (1° EM),0,7.65625,8.436908333,8.708925,Topázio,2024,Fase 5,1° EM
RA-286,5M,5M,Feminino,2022,Pública,,,Quartzo,5.423826381118881,,,,4.0,Avaliador-23,Avaliador-24,Avaliador-1,Avaliador-7,6.666,4.031862745000001,6.26,3.1666666666666665,5.0,0.0,4.5,5.7825,5.0,Fase 6 (2° EM),-1,7.34375,5.713333333,5.123180882333333,Quartzo,2024,Fase 6,2° EM
RA-320,5M,5M,Feminino,2022,Privada - Programa de Apadrinhamento,,,Ametista,7.897223888888889,,,,4.0,Avaliador-23,Avaliador-24,Avaliador-1,Avaliador-7,9.168,10.0,7.51,6.666666666666667,7.5,5.5,7.0,8.3775,10.0,Fase 5 (1° EM),0,7.65625,8.393508333,8.442258333333335,Topázio,2024,Fase 5,1° EM
RA-1207,5M,5M,Feminino,2023,Pública,,,,,,,,4.0,Avaliador-23,Avaliador-24,Avaliador-1,Avaliador-7,8.334,6.581140350999999,7.51,5.333333333333333,4.5,1.5,10.0,6.5375,5.0,Fase 6 (2° EM),-1,7.34375,7.58235,6.509169736866667,Ágata,2024,Fase 6,2° EM
RA-1617,5M,5M,Feminino,2024,Pública,,,,,,,,4.0,Avaliador-23,Avaliador-24,Avaliador-1,Avaliador-7,0.0,5.571428571333333,7.51,3.25,0.5,6.0,,6.1175,5.0,Fase 6 (2° EM),-1,6.875,,4.926285714266666,Quartzo,2024,Fase 6,2° EM
RA-158,5M,5M,Feminino,2021,Privada - Programa de Apadrinhamento,Ametista,Ametista,Ametista,7.302153111111111,,,,4.0,Avaliador-23,Avaliador-24,Avaliador-1,Avaliador-7,8.334,7.796296296333334,6.26,4.0,2.5,1.5,8.0,6.745,10.0,Fase 5 (1° EM),0,6.875,7.297425,6.855159259266667,Ágata,2024,Fase 5,1° EM
RA-306,5M,5M,Feminino,2021,Pública,,Ametista,Ágata,6.427354572463768,,,,4.0,Avaliador-23,Avaliador-24,Avaliador-1,Avaliador-7,7.917,7.699561403666666,7.51,2.8333333333333335,3.5,1.5,3.5,6.4125,5.0,Fase 6 (2° EM),-1,7.34375,5.732375,6.1661539474,Ágata,2024,Fase 6,2° EM
RA-1618,5M,5M,Masculino,2024,Pública,,,,,,,,4.0,Avaliador-23,Avaliador-24,Avaliador-1,Avaliador-7,8.334,7.908496732000001,7.51,6.333333333333333,5.0,7.0,7.0,6.83,5.0,Fase 6 (2° EM),-1,7.5,,7.0487660130666665,Ametista,2024,Fase 6,2° EM
RA-308,5M,5M,Masculino,2021,Pública,Ametista,Ametista,Ágata,6.929611095238096,,,,4.0,Avaliador-23,Avaliador-24,Avaliador-1,Avaliador-7,7.083,8.714912280666667,5.635,6.5,5.5,7.0,7.0,7.1225,10.0,Fase 4 (9° ano),1,7.5,6.578558333,7.489282456133334,Ametista,2024,Fase 4,9° ano
RA-1619,5M,5M,Masculino,2024,Pública,,,,,,,,4.0,Avaliador-23,Avaliador-24,Avaliador-1,Avaliador-7,7.501,9.259259259333334,7.51,4.25,4.0,4.5,,7.205,10.0,Fase 4 (9° ano),1,7.5,,7.393951851866667,Ametista,2024,Fase 4,9° ano
RA-299,5N,5N,Feminino,2021,Privada - Programa de Apadrinhamento,Topázio,Ametista,Ametista,7.278024793650793,,,,3.0,Avaliador-23,Avaliador-22,Avaliador-1,,8.751,8.963768115999999,6.26,8.166666666666666,8.0,7.5,9.0,7.5,10.0,Fase 4 (9° ano),1,7.5,6.796541667,8.177186956533333,Topázio,2024,Fase 4,9° ano
RA-251,5N,5N,Masculino,2021,Pública,Ametista,Ametista,Ágata,7.0217378212853765,,,,3.0,Avaliador-23,Avaliador-22,Avaliador-1,,8.751,8.612836439,5.63,4.5,4.0,2.5,7.0,7.326666667,5.0,Fase 6 (2° EM),-1,6.875,6.665208333,6.7135006212,Ágata,2024,Fase 6,2° EM
RA-157,5N,5N,Feminino,2021,Privada - Programa de Apadrinhamento,Ametista,Topázio,Topázio,8.31659788888889,,,,3.0,Avaliador-23,Avaliador-22,Avaliador-1,,8.334,10.0,6.26,9.666666666666666,10.0,9.0,10.0,8.726666667,10.0,Fase 4 (9° ano),1,8.125,7.879008333,8.950566666733334,Topázio,2024,Fase 4,9° ano
RA-1620,5N,5N,Masculino,2024,Pública,,,,,,,,3.0,Avaliador-23,Avaliador-22,Avaliador-1,,8.751,6.666666666666667,7.51,5.166666666666667,5.5,7.0,3.0,7.05,5.0,Fase 6 (2° EM),-1,7.5,,6.652766666666667,Ágata,2024,Fase 6,2° EM
RA-321,5N,5N,Feminino,2022,Pública,,,Ametista,7.792205060606061,,,,3.0,Avaliador-23,Avaliador-22,Avaliador-1,,7.917,9.534706331,6.26,7.166666666666667,6.0,6.0,9.5,7.776666667,10.0,Fase 4 (9° ano),1,8.125,7.695233333,8.125807932933334,Topázio,2024,Fase 4,9° ano
RA-1195,5N,5N,Feminino,2022,Pública,,,,,,,,3.0,Avaliador-23,Avaliador-22,Avaliador-1,,9.585,9.855072463666666,5.63,6.166666666666667,8.0,5.0,5.5,7.663333333,5.0,Fase 7 (3° EM),-2,7.5,5.677291667,7.5085144926666665,Ametista,2024,Fase 7,3° EM
RA-1200,5N,5N,Feminino,2023,Pública,,,,,,,,3.0,Avaliador-23,Avaliador-22,Avaliador-1,,7.917,7.099419478000001,6.26,1.5,0.0,4.5,0.0,6.27,5.0,Fase 6 (2° EM),-1,7.5,5.711166667,5.6415838956,Quartzo,2024,Fase 6,2° EM
RA-278,5N,5N,Masculino,2021,Privada - Programa de Apadrinhamento,Ametista,Topázio,Ametista,7.740831693121693,,,,3.0,Avaliador-23,Avaliador-22,Avaliador-1,,9.168,9.855072463666666,7.51,9.333333333333334,9.0,9.0,10.0,7.946666667,10.0,Fase 4 (9° ano),1,8.125,7.1935,8.907314492800001,Topázio,2024,Fase 4,9° ano
RA-85,5N,5N,Masculino,2022,Pública,,,Ágata,6.243027512820514,,,,3.0,Avaliador-23,Avaliador-22,Avaliador-1,,8.334,8.668046928999999,3.755,7.666666666666667,9.0,4.5,9.5,6.993333333,5.0,Fase 7 (3° EM),-2,6.25,7.08435,6.999509385733333,Ágata,2024,Fase 7,3° EM
RA-279,5N,5N,Masculino,2021,Privada - Programa de Apadrinhamento,Topázio,Topázio,Topázio,8.815164203703704,,,,3.0,Avaliador-23,Avaliador-22,Avaliador-1,,9.168,10.0,7.51,9.333333333333334,10.0,8.0,10.0,8.726666667,10.0,Fase 4 (9° ano),1,8.333333333,9.006266667,9.113133333366667,Topázio,2024,Fase 4,9° ano
RA-1621,5N,5N,Feminino,2024,Pública,,,,,,,,3.0,Avaliador-23,Avaliador-22,Avaliador-1,,7.917,10.0,6.26,8.333333333333334,7.5,7.5,10.0,8.446666667,5.0,Fase 6 (2° EM),-1,8.333333333,,8.107033333366667,Topázio,2024,Fase 6,2° EM
RA-280,5N,5N,Feminino,2021,Privada - Programa de Apadrinhamento,,Topázio,Ametista,8.045898786731787,,,,3.0,Avaliador-23,Avaliador-22,Avaliador-1,,7.917,9.855072463666666,6.26,9.333333333333334,10.0,8.0,10.0,8.67,10.0,Fase 4 (9° ano),1,8.333333333,8.189225,8.822714492700001,Topázio,2024,Fase 4,9° ano
RA-1201,5N,5N,Masculino,2023,Pública,,,,,,,,3.0,Avaliador-23,Avaliador-22,Avaliador-1,,8.751,9.523809523666666,7.51,9.0,9.0,8.0,10.0,8.56,5.0,Fase 6 (2° EM),-1,8.333333333,8.378008333,8.376195238033333,Topázio,2024,Fase 6,2° EM
RA-1622,5N,5N,Feminino,2024,Pública,,,,,,,,3.0,Avaliador-23,Avaliador-22,Avaliador-1,,8.334,10.0,7.51,9.666666666666666,10.0,9.0,10.0,7.89,5.0,Fase 6 (2° EM),-1,8.333333333,,8.429066666633334,Topázio,2024,Fase 6,2° EM
RA-132,6A,6A,Feminino,2021,Privada - Programa de Apadrinhamento,Topázio,Ametista,Topázio,8.354717840548341,,,,5.0,Avaliador-23,Avaliador-24,Avaliador-1,Avaliador-26,8.334,8.380952380666665,7.51,8.333333333333334,7.0,8.0,10.0,8.44,10.0,Fase 6 (2° EM),0,8.59375,7.350625,8.4746321428,Topázio,2024,Fase 6,2° EM
RA-42,6A,6A,Masculino,2021,Pública,Topázio,Ametista,Ágata,6.719708994708995,,,,5.0,Avaliador-23,Avaliador-24,Avaliador-1,Avaliador-26,9.168,9.682539682666667,5.635,8.166666666666666,9.0,7.5,8.0,7.134,5.0,Fase 7 (3° EM),-1,6.796875,6.794516667,7.656628769866667,Ametista,2024,Fase 7,3° EM
RA-1623,6A,6A,Masculino,2024,Pública,,,,,,,,5.0,Avaliador-23,Avaliador-24,Avaliador-1,Avaliador-26,9.168,8.518518518666667,6.26,6.0,5.5,2.5,10.0,7.666,10.0,Fase 6 (2° EM),0,7.8125,,7.7609537037333345,Ametista,2024,Fase 6,2° EM
RA-106,6A,6A,Feminino,2021,Privada - Programa de Apadrinhamento,Topázio,Ametista,Ametista,7.9733816513168145,,,,5.0,Avaliador-23,Avaliador-24,Avaliador-1,Avaliador-26,9.168,8.761904762,5.635,5.666666666666667,7.0,3.5,6.5,7.872,10.0,Fase 6 (2° EM),0,7.8125,7.769658333,7.721664285733334,Ametista,2024,Fase 6,2° EM
RA-123,6A,6A,Masculino,2021,Privada - Programa de Apadrinhamento,Ametista,Ametista,Ametista,7.0841091954022986,,,,5.0,Avaliador-23,Avaliador-24,Avaliador-1,Avaliador-26,7.5,8.412698412666666,5.635,7.166666666666667,6.5,5.5,9.5,6.43,5.0,Fase 7 (3° EM),-1,6.71875,6.068333333,6.887248015866668,Ágata,2024,Fase 7,3° EM
RA-125,6A,6A,Feminino,2022,Privada,,,Ametista,7.619179857540927,,,,5.0,Avaliador-23,Avaliador-24,Avaliador-1,Avaliador-26,8.334,5.6428571430000005,7.51,6.166666666666667,3.0,7.0,8.5,7.232,5.0,Fase 7 (3° EM),-1,7.34375,6.989633333,6.627079761933334,Ágata,2024,Fase 7,3° EM
RA-1624,6A,6A,Feminino,2024,Concluiu o 3º EM,,,,,,,,5.0,Avaliador-23,Avaliador-24,Avaliador-1,Avaliador-26,7.917,9.460317460333334,7.51,7.5,8.0,5.5,9.0,7.636,5.0,Fase 7 (3° EM),-1,7.8125,,7.743213492066667,Ametista,2024,Fase 7,3° EM
RA-1625,6A,6A,Masculino,2024,Pública,,,,,,,,5.0,Avaliador-23,Avaliador-24,Avaliador-1,Avaliador-26,7.5,7.112887113,7.51,4.333333333333333,3.0,2.0,8.0,6.896,10.0,Fase 6 (2° EM),0,7.1875,,6.888194089266667,Ágata,2024,Fase 6,2° EM
RA-1626,6A,6A,Feminino,2024,Pública,,,,,,,,5.0,Avaliador-23,Avaliador-24,Avaliador-1,Avaliador-26,8.751,9.696969697,7.51,7.333333333333333,5.5,6.5,10.0,8.404,10.0,Fase 6 (2° EM),0,8.28125,,8.541085606066668,Topázio,2024,Fase 6,2° EM
RA-1627,6A,6A,Feminino,2024,Pública,,,,,,,,5.0,Avaliador-23,Avaliador-24,Avaliador-1,Avaliador-26,7.083,7.777777777666667,7.51,7.833333333333333,6.0,7.5,10.0,8.172,5.0,Fase 7 (3° EM),-1,7.65625,,7.481547222200001,Ametista,2024,Fase 7,3° EM
RA-1628,6A,6A,Feminino,2024,Pública,,,,,,,,5.0,Avaliador-23,Avaliador-24,Avaliador-1,Avaliador-26,8.334,8.509823509666667,7.51,5.833333333333333,3.0,5.0,9.5,6.798,10.0,Fase 6 (2° EM),0,6.875,,7.500131368600001,Ametista,2024,Fase 6,2° EM
RA-112,6A,6A,Feminino,2021,Privada - Programa de Apadrinhamento,Ametista,Ametista,Ametista,7.83582013255232,,,,5.0,Avaliador-23,Avaliador-24,Avaliador-1,Avaliador-26,7.083,7.978174603333333,7.51,8.0,9.5,6.0,8.5,8.004,10.0,Fase 6 (2° EM),0,7.96875,7.141308333,8.052609920666667,Topázio,2024,Fase 6,2° EM
RA-1629,6A,6A,Feminino,2024,Pública,,,,,,,,5.0,Avaliador-23,Avaliador-24,Avaliador-1,Avaliador-26,9.585,8.645502645666667,7.51,7.25,8.75,3.0,10.0,7.266,5.0,Fase 7 (3° EM),-1,7.1875,,7.560550529133334,Ametista,2024,Fase 7,3° EM
RA-91,6L,6L,Feminino,2021,Privada - Programa de Apadrinhamento,Ametista,Ametista,Ágata,6.644810737664296,,,,5.0,Avaliador-23,Avaliador-24,Avaliador-26,Avaliador-1,10.002,7.476190476333334,5.635,7.333333333333333,9.0,4.0,9.0,8.068,5.0,Fase 7 (3° EM),-1,7.875,7.42395,7.426704761933335,Ametista,2024,Fase 7,3° EM
RA-167,6L,6L,Feminino,2021,Privada - Programa de Apadrinhamento,Ametista,Ametista,Ametista,7.7984703695652176,,,,5.0,Avaliador-23,Avaliador-24,Avaliador-26,Avaliador-1,8.751,9.473684210666667,6.26,8.166666666666666,8.0,6.5,10.0,8.334,5.0,Fase 7 (3° EM),-1,8.375,7.806141667,8.033470175466666,Topázio,2024,Fase 7,3° EM
RA-1203,6L,6L,Feminino,2023,Privada - Programa de Apadrinhamento,,,,,,,,5.0,Avaliador-23,Avaliador-24,Avaliador-26,Avaliador-1,9.168,9.649122807,7.51,9.0,8.5,9.0,9.5,8.572,10.0,Fase 6 (2° EM),0,8.375,7.487841667,8.9495245614,Topázio,2024,Fase 6,2° EM
RA-94,6L,6L,Feminino,2021,Privada - Programa de Apadrinhamento,Ametista,Topázio,Topázio,8.920648367521368,,,,5.0,Avaliador-23,Avaliador-24,Avaliador-26,Avaliador-1,10.002,9.666666666666666,6.26,8.0,7.0,7.0,10.0,8.2,10.0,Fase 6 (2° EM),0,8.375,7.289333333,8.637033333333335,Topázio,2024,Fase 6,2° EM
RA-81,6L,6L,Feminino,2021,Privada - Programa de Apadrinhamento,Ametista,Topázio,Ametista,7.674870047785548,,,,5.0,Avaliador-23,Avaliador-24,Avaliador-26,Avaliador-1,9.168,9.333333333333334,6.26,7.5,9.0,6.5,7.0,7.798,10.0,Fase 6 (2° EM),0,7.875,7.45425,8.256566666666668,Topázio,2024,Fase 6,2° EM
RA-1630,6L,6L,Masculino,2024,Privada - Programa de Apadrinhamento,,,,,,,,5.0,Avaliador-23,Avaliador-24,Avaliador-26,Avaliador-1,8.334,9.833333333333334,7.51,7.333333333333333,9.0,9.0,4.0,8.702,10.0,Fase 6 (2° EM),0,8.25,,8.583133333333334,Topázio,2024,Fase 6,2° EM
RA-171,6L,6L,Masculino,2022,Pública,,,Ágata,6.580933343434343,,,,5.0,Avaliador-23,Avaliador-24,Avaliador-26,Avaliador-1,7.5,7.833333333333333,5.635,8.333333333333334,7.0,8.0,10.0,7.598,5.0,Fase 7 (3° EM),-1,7.625,6.293083333,7.3289333333333335,Ametista,2024,Fase 7,3° EM
RA-1220,6L,6L,Feminino,2023,Concluiu o 3º EM,,,,,,,,5.0,Avaliador-23,Avaliador-24,Avaliador-26,Avaliador-1,7.083,8.555555555666666,6.885,7.666666666666667,9.0,7.0,7.0,6.26,5.0,Fase 7 (3° EM),-1,7.5,6.46725,7.143244444466667,Ametista,2024,Fase 7,3° EM
RA-1631,6L,6L,Masculino,2024,Privada,,,,,,,,5.0,Avaliador-23,Avaliador-24,Avaliador-26,Avaliador-1,9.585,10.0,7.51,7.166666666666667,5.0,6.5,10.0,8.468,5.0,Fase 7 (3° EM),-1,8.5,,8.186433333333333,Topázio,2024,Fase 7,3° EM
RA-1632,6L,6L,Masculino,2024,Pública,,,,,,,,5.0,Avaliador-23,Avaliador-24,Avaliador-26,Avaliador-1,9.168,10.0,7.51,6.666666666666667,9.0,6.0,5.0,8.066,10.0,Fase 6 (2° EM),0,7.75,,8.389333333333335,Topázio,2024,Fase 6,2° EM
RA-1210,6L,6L,Feminino,2023,Pública,,,,,,,,5.0,Avaliador-23,Avaliador-24,Avaliador-26,Avaliador-1,9.585,10.0,7.51,5.5,5.0,6.5,5.0,8.166,10.0,Fase 6 (2° EM),0,7.875,7.171083333,8.2302,Topázio,2024,Fase 6,2° EM
RA-175,6L,6L,Feminino,2021,Privada - Programa de Apadrinhamento,Ametista,Ametista,Ágata,6.749980560606062,,,,5.0,Avaliador-23,Avaliador-24,Avaliador-26,Avaliador-1,10.002,9.473684210666667,6.26,8.5,9.5,6.5,9.5,7.766,5.0,Fase 7 (3° EM),-1,7.5,6.569516667,8.024136842133334,Topázio,2024,Fase 7,3° EM
RA-80,7A,7A,Feminino,2021,Privada - Programa de Apadrinhamento,Ametista,Topázio,Ametista,7.2897954425019424,,,,3.0,Avaliador-22,Avaliador-26,Avaliador-7,,8.751,7.8961292116666675,8.13,7.0,5.0,6.0,10.0,7.946666667,10.0,Fase 7 (3° EM),0,8.75,7.252275,8.131659175733333,Topázio,2024,Fase 7,3° EM
RA-40,7A,7A,Feminino,2021,Privada - Programa de Apadrinhamento,Ametista,Ágata,Ametista,7.2029775238095235,,,,3.0,Avaliador-22,Avaliador-26,Avaliador-7,,7.083,7.211257310000001,8.13,5.333333333333333,3.5,6.0,6.5,6.276666667,10.0,Fase 7 (3° EM),0,8.125,7.169975,7.098051462066667,Ametista,2024,Fase 7,3° EM
RA-1214,7A,7A,Masculino,2023,Pública,,,,,,,,3.0,Avaliador-22,Avaliador-26,Avaliador-7,,10.002,9.081527348,8.13,8.0,8.0,6.0,10.0,7.663333333,10.0,Fase 7 (3° EM),0,8.28125,8.378666667,8.5902971362,Topázio,2024,Fase 7,3° EM
RA-92,7A,7A,Feminino,2021,Privada - Programa de Apadrinhamento,Topázio,Ametista,Ágata,6.957316284888314,,,,3.0,Avaliador-22,Avaliador-26,Avaliador-7,,10.002,8.769145085,7.51,7.5,8.0,5.0,9.5,6.33,10.0,Fase 7 (3° EM),0,7.8125,7.375916667,8.052279017,Topázio,2024,Fase 7,3° EM
RA-45,7A,7A,Feminino,2021,Privada - Programa de Apadrinhamento,Ametista,Topázio,Ametista,7.590972222222223,,,,3.0,Avaliador-22,Avaliador-26,Avaliador-7,,7.5,9.619047619,9.38,8.0,7.5,7.0,9.5,8.283333333,10.0,Fase 7 (3° EM),0,8.75,8.303591667,8.743476190400001,Topázio,2024,Fase 7,3° EM
RA-56,7A,7A,Feminino,2021,Privada - Programa de Apadrinhamento,Topázio,Topázio,Topázio,8.404169666666668,,,,3.0,Avaliador-22,Avaliador-26,Avaliador-7,,10.002,9.265350877333333,10.0,7.666666666666667,8.0,6.0,9.0,9.233333333,10.0,Fase 7 (3° EM),0,8.4375,8.284333333,9.077020175400001,Topázio,2024,Fase 7,3° EM
RA-57,7A,7A,Masculino,2021,Privada - Programa de Apadrinhamento,Ametista,Ametista,Ametista,7.304722388888888,,,,3.0,Avaliador-22,Avaliador-26,Avaliador-7,,9.585,6.010860484333333,6.88,6.166666666666667,6.0,6.5,6.0,7.39,10.0,Fase 7 (3° EM),0,8.59375,6.450875,7.4193804301999995,Ametista,2024,Fase 7,3° EM
RA-58,7A,7A,Masculino,2021,Privada - Programa de Apadrinhamento,Topázio,Topázio,Topázio,8.135882296296298,,,,3.0,Avaliador-22,Avaliador-26,Avaliador-7,,9.585,9.824561403666666,7.51,7.333333333333333,8.0,6.5,7.5,8.62,10.0,Fase 7 (3° EM),0,9.0625,7.70625,8.7713289474,Topázio,2024,Fase 7,3° EM
RA-78,7A,7A,Feminino,2021,Privada - Programa de Apadrinhamento,Ametista,Ágata,Ametista,7.039504634920634,,,,3.0,Avaliador-22,Avaliador-26,Avaliador-7,,8.751,8.028404344,8.755,7.5,6.5,6.0,10.0,7.39,10.0,Fase 7 (3° EM),0,8.4375,6.434625,8.1780308688,Topázio,2024,Fase 7,3° EM
RA-87,7A,7A,Masculino,2021,Privada - Programa de Apadrinhamento,,Ametista,Topázio,8.71196797863248,,,,3.0,Avaliador-22,Avaliador-26,Avaliador-7,,8.751,9.649122807,9.375,9.166666666666666,10.0,7.5,10.0,9.623333333,10.0,Fase 6 (2° EM),1,9.375,8.6625,9.437924561333332,Topázio,2024,Fase 6,2° EM
RA-64,7A,7A,Feminino,2021,Privada - Programa de Apadrinhamento,Ametista,Topázio,Ametista,7.3675192298474945,,,,3.0,Avaliador-22,Avaliador-26,Avaliador-7,,10.002,8.980785296666667,8.135,8.166666666666666,8.0,6.5,10.0,8.283333333,10.0,Fase 7 (3° EM),0,8.4375,7.452541667,8.743607059266667,Topázio,2024,Fase 7,3° EM
RA-48,7A,7A,Feminino,2021,Privada - Programa de Apadrinhamento,Ametista,Ametista,Ametista,8.005754301587302,,,,3.0,Avaliador-22,Avaliador-26,Avaliador-7,,7.917,8.339076859,9.375,7.5,6.5,6.0,10.0,8.23,10.0,Fase 7 (3° EM),0,8.59375,7.797058333,8.402390371800001,Topázio,2024,Fase 7,3° EM
RA-1230,7E,7E,Feminino,2021,Privada - Programa de Apadrinhamento,,,,,,,,0.0,,,,,7.917,0.0,7.195,0.0,0.0,0.0,0.0,7.5,10.0,Fase 7 (3° EM),0,7.5,,4.7612000000000005,Quartzo,2024,Fase 7,3° EM
RA-90,7E,7E,Feminino,2021,Privada *Parcerias com Bolsa 100%,Topázio,Topázio,Topázio,9.441521857142858,,,,0.0,,,,,10.002,9.0,6.885,8.066666666666666,7.7,8.3,8.2,7.5,10.0,Fase 5 (1° EM),2,7.5,8.699408333,8.352033333333335,Topázio,2024,Fase 5,1° EM
RA-269,7E,7E,Masculino,2022,Privada *Parcerias com Bolsa 100%,,,Topázio,8.230908478550688,,,,0.0,,,,,9.168,9.6,7.505,8.200000000000001,8.1,8.6,7.9,7.5,10.0,Fase 5 (1° EM),2,7.5,8.116041667,8.4773,Topázio,2024,Fase 5,1° EM
RA-270,7E,7E,Feminino,2021,Privada - Programa de Apadrinhamento,Ametista,Topázio,Topázio,8.225582168498168,,,,0.0,,,,,9.168,0.0,6.2575,0.0,0.0,0.0,0.0,7.5,10.0,Fase 5 (1° EM),2,7.5,7.982633333,4.79255,Quartzo,2024,Fase 5,1° EM
RA-76,7E,7E,Feminino,2021,Privada *Parcerias com Bolsa 100%,Ametista,Topázio,Topázio,9.105280944444445,,,,0.0,,,,,10.002,9.0,6.885,7.066666666666666,7.3,7.8,6.1,7.5,10.0,Fase 5 (1° EM),2,7.5,,8.152033333333334,Topázio,2024,Fase 5,1° EM
RA-153,7E,7E,Feminino,2021,Privada - Programa de Apadrinhamento,Ágata,Ametista,Ametista,7.535259906926407,,,,0.0,,,,,8.751,0.0,6.5675,0.0,0.0,0.0,0.0,7.5,10.0,Fase 5 (1° EM),2,7.5,7.289966667,4.78185,Quartzo,2024,Fase 5,1° EM
RA-1226,7E,7E,Feminino,2021,Privada *Parcerias com Bolsa 100%,,,,,,,,0.0,,,,,8.334,9.0,6.885,6.066666666666666,6.0,6.2,6.0,7.5,10.0,Fase 7 (3° EM),0,7.5,,7.785233333333334,Ametista,2024,Fase 7,3° EM
RA-93,7E,7E,Feminino,2021,Privada - Programa de Apadrinhamento,Ametista,Topázio,Topázio,8.940600419054803,,,,0.0,,,,,9.168,9.931666667,6.2575,7.483333333333333,6.75,7.2,8.5,7.5,10.0,Fase 6 (2° EM),1,7.5,,8.275550000066668,Topázio,2024,Fase 6,2° EM
RA-119,7E,7E,Feminino,2021,Privada - Programa de Apadrinhamento,Ametista,Ágata,Ametista,7.500521257187258,,,,0.0,,,,,7.083,9.983333333,6.57,7.366666666666667,6.05,7.5,8.55,7.5,10.0,Fase 6 (2° EM),1,7.5,,8.085299999933333,Topázio,2024,Fase 6,2° EM
RA-241,7E,7E,Masculino,2021,Privada *Parcerias com Bolsa 100%,Ametista,Topázio,Topázio,8.467711333333334,,,,0.0,,,,,10.002,9.891666667,7.1975,6.816666666666667,6.15,7.2,7.1,7.5,10.0,Fase 5 (1° EM),2,7.5,7.016,8.311616666733334,Topázio,2024,Fase 5,1° EM
RA-242,7E,7E,Masculino,2021,Privada *Parcerias com Bolsa 100%,Ametista,Ametista,Topázio,8.672919666666665,,,,0.0,,,,,9.585,9.621,6.26,7.650000000000001,8.05,8.05,6.85,7.5,10.0,Fase 5 (1° EM),2,7.5,8.221841667,8.2887,Topázio,2024,Fase 5,1° EM
RA-52,7E,7E,Masculino,2021,Privada *Parcerias com Bolsa 100%,Topázio,Ametista,Ametista,7.8608746825396825,,,,0.0,,,,,8.751,9.437666667,6.885,7.216666666666666,6.8,8.85,6.0,7.5,10.0,Fase 5 (1° EM),2,7.5,7.9642,8.144466666733333,Topázio,2024,Fase 5,1° EM
RA-1227,7E,7E,Feminino,2021,Privada - Programa de Apadrinhamento,,,,,,,,0.0,,,,,8.751,0.0,7.195,0.0,0.0,0.0,0.0,7.5,10.0,Fase 7 (3° EM),0,7.5,,4.8446,Quartzo,2024,Fase 7,3° EM
RA-245,7E,7E,Masculino,2021,Privada - Programa de Apadrinhamento,Ametista,Topázio,Topázio,8.655707365079365,,,,0.0,,,,,9.168,9.953333333,6.885,8.033333333333333,8.4,7.6,8.1,7.5,10.0,Fase 5 (1° EM),2,7.5,7.171166667,8.452633333266668,Topázio,2024,Fase 5,1° EM
RA-246,7E,7E,Masculino,2022,Privada *Parcerias com Bolsa 100%,,,Topázio,8.639021494227995,,,,0.0,,,,,8.334,0.0,6.57,0.0,0.0,0.0,0.0,7.5,10.0,Fase 5 (1° EM),2,7.5,8.256766667,4.7404,Quartzo,2024,Fase 5,1° EM
RA-1228,7E,7E,Feminino,2021,Privada - Programa de Apadrinhamento,,,,,,,,0.0,,,,,8.751,0.0,7.51,0.0,0.0,0.0,0.0,7.5,10.0,Fase 7 (3° EM),0,7.5,,4.8761,Quartzo,2024,Fase 7,3° EM
RA-1229,7E,7E,Feminino,2021,Privada - Programa de Apadrinhamento,,,,,,,,0.0,,,,,9.168,0.0,6.57,0.0,0.0,0.0,0.0,7.5,10.0,Fase 7 (3° EM),0,7.5,,4.8238,Quartzo,2024,Fase 7,3° EM
RA-98,7E,7E,Feminino,2021,Privada *Parcerias com Bolsa 100%,Topázio,Topázio,Topázio,9.354308222222222,,,,0.0,,,,,9.585,9.546,7.1975,8.9,9.2,8.9,8.6,7.5,10.0,Fase 6 (2° EM),1,7.5,,8.617450000000002,Topázio,2024,Fase 6,2° EM
RA-277,7E,7E,Masculino,2021,Privada *Parcerias com Bolsa 100%,,Ametista,Ametista,7.411457833333333,,,,0.0,,,,,8.334,9.741666667,6.5725,6.8999999999999995,6.5,8.15,6.05,7.5,10.0,Fase 5 (1° EM),2,7.5,7.7284,8.0689833334,Topázio,2024,Fase 5,1° EM
RA-172,7E,7E,Feminino,2021,Privada - Programa de Apadrinhamento,Ametista,Topázio,Topázio,8.67342461904762,,,,0.0,,,,,8.751,9.8,6.57,6.933333333333334,6.7,7.7,6.4,7.5,10.0,Fase 6 (2° EM),1,7.5,,8.128766666666667,Topázio,2024,Fase 6,2° EM
RA-291,7E,7E,Masculino,2022,Privada - Programa de Apadrinhamento,,,Topázio,8.121970030303032,,,,0.0,,,,,8.751,9.737666667,6.26,6.166666666666667,6.0,6.5,6.0,7.5,10.0,Fase 5 (1° EM),2,7.5,8.493058333,7.9319666667333335,Ametista,2024,Fase 5,1° EM
RA-86,7E,7E,Masculino,2021,Privada *Parcerias com Bolsa 100%,Topázio,Ametista,Ametista,7.566015304972806,,,,0.0,,,,,6.667,9.704333333,6.57,5.483333333333333,6.35,6.3,3.8,7.5,10.0,Fase 7 (3° EM),0,7.5,,7.611233333266666,Ametista,2024,Fase 7,3° EM
RA-143,7E,7E,Masculino,2021,Privada - Programa de Apadrinhamento,Topázio,Topázio,Topázio,8.63847438888889,,,,0.0,,,,,10.002,9.92,6.885,2.6333333333333333,0.0,0.0,7.9,7.5,10.0,Fase 5 (1° EM),2,7.5,7.794358333,7.449366666666667,Ametista,2024,Fase 5,1° EM
RA-166,7E,7E,Masculino,2021,Privada *Parcerias com Bolsa 100%,Ametista,Ametista,Topázio,8.253049807035875,,,,0.0,,,,,8.334,9.246,6.5725,8.266666666666667,8.2,7.8,8.8,7.5,10.0,Fase 6 (2° EM),1,7.5,8.105583333,8.243183333333334,Topázio,2024,Fase 6,2° EM
RA-191,7E,7E,Masculino,2021,Privada *Parcerias com Bolsa 100%,Topázio,Topázio,Topázio,8.740216279956428,,,,0.0,,,,,7.5,9.571,5.945,6.3999999999999995,6.0,6.9,6.3,7.5,10.0,Fase 5 (1° EM),2,7.5,7.263666667,7.7887,Ametista,2024,Fase 5,1° EM
